[2026-06-10 14:38:47] local.ERROR: Unable to locate file in Vite manifest: resources/js/Pages/Admin/Dashboard.vue. {"view":{"view":"D:\\laragon-new\\laragon\\www\\hotel-beach-way\\resources\\views\\app.blade.php","data":[]},"userId":1,"exception":"[object] (Spatie\\LaravelIgnition\\Exceptions\\ViewException(code: 0): Unable to locate file in Vite manifest: resources/js/Pages/Admin/Dashboard.vue. at D:/laragon-new/laragon/www/hotel-beach-way/vendor/laravel/framework/src/Illuminate/Foundation/Vite.php:781)
[stacktrace]
#0 D:/laragon-new/laragon/www/hotel-beach-way/vendor/laravel/framework/src/Illuminate/Foundation/Vite.php(299): Illuminate/Foundation/Vite->chunk()
#1 D:/laragon-new/laragon/www/hotel-beach-way/resources/views/app.blade.php(15): Illuminate/Foundation/Vite->__invoke()
#2 D:/laragon-new/laragon/www/hotel-beach-way/vendor/laravel/framework/src/Illuminate/Filesystem/Filesystem.php(123): require('...')
#3 D:/laragon-new/laragon/www/hotel-beach-way/vendor/laravel/framework/src/Illuminate/Filesystem/Filesystem.php(124): Illuminate/Filesystem/Filesystem::Illuminate/Filesystem/{closure}()
#4 D:/laragon-new/laragon/www/hotel-beach-way/vendor/laravel/framework/src/Illuminate/View/Engines/PhpEngine.php(58): Illuminate/Filesystem/Filesystem->getRequire()
#5 D:/laragon-new/laragon/www/hotel-beach-way/vendor/laravel/framework/src/Illuminate/View/Engines/CompilerEngine.php(72): Illuminate/View/Engines/PhpEngine->evaluatePath()
#6 D:/laragon-new/laragon/www/hotel-beach-way/vendor/laravel/framework/src/Illuminate/View/View.php(207): Illuminate/View/Engines/CompilerEngine->get()
#7 D:/laragon-new/laragon/www/hotel-beach-way/vendor/laravel/framework/src/Illuminate/View/View.php(190): Illuminate/View/View->getContents()
#8 D:/laragon-new/laragon/www/hotel-beach-way/vendor/laravel/framework/src/Illuminate/View/View.php(159): Illuminate/View/View->renderContents()
#9 D:/laragon-new/laragon/www/hotel-beach-way/vendor/laravel/framework/src/Illuminate/Http/Response.php(69): Illuminate/View/View->render()
#10 D:/laragon-new/laragon/www/hotel-beach-way/vendor/laravel/framework/src/Illuminate/Http/Response.php(35): Illuminate/Http/Response->setContent()
#11 D:/laragon-new/laragon/www/hotel-beach-way/vendor/laravel/framework/src/Illuminate/Routing/ResponseFactory.php(58): Illuminate/Http/Response->__construct()
#12 D:/laragon-new/laragon/www/hotel-beach-way/vendor/laravel/framework/src/Illuminate/Routing/ResponseFactory.php(88): Illuminate/Routing/ResponseFactory->make()
#13 D:/laragon-new/laragon/www/hotel-beach-way/vendor/laravel/framework/src/Illuminate/Support/Facades/Facade.php(355): Illuminate/Routing/ResponseFactory->view()
#14 D:/laragon-new/laragon/www/hotel-beach-way/vendor/inertiajs/inertia-laravel/src/Response.php(110): Illuminate/Support/Facades/Facade::__callStatic()
#15 D:/laragon-new/laragon/www/hotel-beach-way/vendor/laravel/framework/src/Illuminate/Routing/Router.php(900): Inertia/Response->toResponse()
#16 D:/laragon-new/laragon/www/hotel-beach-way/vendor/laravel/framework/src/Illuminate/Routing/Router.php(885): Illuminate/Routing/Router::toResponse()
#17 D:/laragon-new/laragon/www/hotel-beach-way/vendor/laravel/framework/src/Illuminate/Routing/Router.php(806): Illuminate/Routing/Router->prepareResponse()
#18 D:/laragon-new/laragon/www/hotel-beach-way/vendor/laravel/framework/src/Illuminate/Pipeline/Pipeline.php(144): Illuminate/Routing/Router->Illuminate/Routing/{closure}()
#19 D:/laragon-new/laragon/www/hotel-beach-way/vendor/laravel/framework/src/Illuminate/Auth/Middleware/EnsureEmailIsVerified.php(41): Illuminate/Pipeline/Pipeline->Illuminate/Pipeline/{closure}()
#20 D:/laragon-new/laragon/www/hotel-beach-way/vendor/laravel/framework/src/Illuminate/Pipeline/Pipeline.php(183): Illuminate/Auth/Middleware/EnsureEmailIsVerified->handle()
#21 D:/laragon-new/laragon/www/hotel-beach-way/vendor/laravel/framework/src/Illuminate/Http/Middleware/AddLinkHeadersForPreloadedAssets.php(20): Illuminate/Pipeline/Pipeline->Illuminate/Pipeline/{closure}()
#22 D:/laragon-new/laragon/www/hotel-beach-way/vendor/laravel/framework/src/Illuminate/Pipeline/Pipeline.php(183): Illuminate/Http/Middleware/AddLinkHeadersForPreloadedAssets->handle()
#23 D:/laragon-new/laragon/www/hotel-beach-way/vendor/inertiajs/inertia-laravel/src/Middleware.php(87): Illuminate/Pipeline/Pipeline->Illuminate/Pipeline/{closure}()
#24 D:/laragon-new/laragon/www/hotel-beach-way/vendor/laravel/framework/src/Illuminate/Pipeline/Pipeline.php(183): Inertia/Middleware->handle()
#25 D:/laragon-new/laragon/www/hotel-beach-way/vendor/laravel/framework/src/Illuminate/Routing/Middleware/SubstituteBindings.php(50): Illuminate/Pipeline/Pipeline->Illuminate/Pipeline/{closure}()
#26 D:/laragon-new/laragon/www/hotel-beach-way/vendor/laravel/framework/src/Illuminate/Pipeline/Pipeline.php(183): Illuminate/Routing/Middleware/SubstituteBindings->handle()
#27 D:/laragon-new/laragon/www/hotel-beach-way/vendor/laravel/framework/src/Illuminate/Auth/Middleware/Authenticate.php(57): Illuminate/Pipeline/Pipeline->Illuminate/Pipeline/{closure}()
#28 D:/laragon-new/laragon/www/hotel-beach-way/vendor/laravel/framework/src/Illuminate/Pipeline/Pipeline.php(183): Illuminate/Auth/Middleware/Authenticate->handle()
#29 D:/laragon-new/laragon/www/hotel-beach-way/vendor/laravel/framework/src/Illuminate/Foundation/Http/Middleware/VerifyCsrfToken.php(78): Illuminate/Pipeline/Pipeline->Illuminate/Pipeline/{closure}()
#30 D:/laragon-new/laragon/www/hotel-beach-way/vendor/laravel/framework/src/Illuminate/Pipeline/Pipeline.php(183): Illuminate/Foundation/Http/Middleware/VerifyCsrfToken->handle()
#31 D:/laragon-new/laragon/www/hotel-beach-way/vendor/laravel/framework/src/Illuminate/View/Middleware/ShareErrorsFromSession.php(49): Illuminate/Pipeline/Pipeline->Illuminate/Pipeline/{closure}()
#32 D:/laragon-new/laragon/www/hotel-beach-way/vendor/laravel/framework/src/Illuminate/Pipeline/Pipeline.php(183): Illuminate/View/Middleware/ShareErrorsFromSession->handle()
#33 D:/laragon-new/laragon/www/hotel-beach-way/vendor/laravel/framework/src/Illuminate/Session/Middleware/StartSession.php(121): Illuminate/Pipeline/Pipeline->Illuminate/Pipeline/{closure}()
#34 D:/laragon-new/laragon/www/hotel-beach-way/vendor/laravel/framework/src/Illuminate/Session/Middleware/StartSession.php(64): Illuminate/Session/Middleware/StartSession->handleStatefulRequest()
#35 D:/laragon-new/laragon/www/hotel-beach-way/vendor/laravel/framework/src/Illuminate/Pipeline/Pipeline.php(183): Illuminate/Session/Middleware/StartSession->handle()
#36 D:/laragon-new/laragon/www/hotel-beach-way/vendor/laravel/framework/src/Illuminate/Cookie/Middleware/AddQueuedCookiesToResponse.php(37): Illuminate/Pipeline/Pipeline->Illuminate/Pipeline/{closure}()
#37 D:/laragon-new/laragon/www/hotel-beach-way/vendor/laravel/framework/src/Illuminate/Pipeline/Pipeline.php(183): Illuminate/Cookie/Middleware/AddQueuedCookiesToResponse->handle()
#38 D:/laragon-new/laragon/www/hotel-beach-way/vendor/laravel/framework/src/Illuminate/Cookie/Middleware/EncryptCookies.php(67): Illuminate/Pipeline/Pipeline->Illuminate/Pipeline/{closure}()
#39 D:/laragon-new/laragon/www/hotel-beach-way/vendor/laravel/framework/src/Illuminate/Pipeline/Pipeline.php(183): Illuminate/Cookie/Middleware/EncryptCookies->handle()
#40 D:/laragon-new/laragon/www/hotel-beach-way/vendor/laravel/framework/src/Illuminate/Pipeline/Pipeline.php(119): Illuminate/Pipeline/Pipeline->Illuminate/Pipeline/{closure}()
#41 D:/laragon-new/laragon/www/hotel-beach-way/vendor/laravel/framework/src/Illuminate/Routing/Router.php(807): Illuminate/Pipeline/Pipeline->then()
#42 D:/laragon-new/laragon/www/hotel-beach-way/vendor/laravel/framework/src/Illuminate/Routing/Router.php(784): Illuminate/Routing/Router->runRouteWithinStack()
#43 D:/laragon-new/laragon/www/hotel-beach-way/vendor/laravel/framework/src/Illuminate/Routing/Router.php(748): Illuminate/Routing/Router->runRoute()
#44 D:/laragon-new/laragon/www/hotel-beach-way/vendor/laravel/framework/src/Illuminate/Routing/Router.php(737): Illuminate/Routing/Router->dispatchToRoute()
#45 D:/laragon-new/laragon/www/hotel-beach-way/vendor/laravel/framework/src/Illuminate/Foundation/Http/Kernel.php(200): Illuminate/Routing/Router->dispatch()
#46 D:/laragon-new/laragon/www/hotel-beach-way/vendor/laravel/framework/src/Illuminate/Pipeline/Pipeline.php(144): Illuminate/Foundation/Http/Kernel->Illuminate/Foundation/Http/{closure}()
#47 D:/laragon-new/laragon/www/hotel-beach-way/vendor/laravel/framework/src/Illuminate/Foundation/Http/Middleware/TransformsRequest.php(21): Illuminate/Pipeline/Pipeline->Illuminate/Pipeline/{closure}()
#48 D:/laragon-new/laragon/www/hotel-beach-way/vendor/laravel/framework/src/Illuminate/Foundation/Http/Middleware/ConvertEmptyStringsToNull.php(31): Illuminate/Foundation/Http/Middleware/TransformsRequest->handle()
#49 D:/laragon-new/laragon/www/hotel-beach-way/vendor/laravel/framework/src/Illuminate/Pipeline/Pipeline.php(183): Illuminate/Foundation/Http/Middleware/ConvertEmptyStringsToNull->handle()
#50 D:/laragon-new/laragon/www/hotel-beach-way/vendor/laravel/framework/src/Illuminate/Foundation/Http/Middleware/TransformsRequest.php(21): Illuminate/Pipeline/Pipeline->Illuminate/Pipeline/{closure}()
#51 D:/laragon-new/laragon/www/hotel-beach-way/vendor/laravel/framework/src/Illuminate/Foundation/Http/Middleware/TrimStrings.php(40): Illuminate/Foundation/Http/Middleware/TransformsRequest->handle()
#52 D:/laragon-new/laragon/www/hotel-beach-way/vendor/laravel/framework/src/Illuminate/Pipeline/Pipeline.php(183): Illuminate/Foundation/Http/Middleware/TrimStrings->handle()
#53 D:/laragon-new/laragon/www/hotel-beach-way/vendor/laravel/framework/src/Illuminate/Foundation/Http/Middleware/ValidatePostSize.php(27): Illuminate/Pipeline/Pipeline->Illuminate/Pipeline/{closure}()
#54 D:/laragon-new/laragon/www/hotel-beach-way/vendor/laravel/framework/src/Illuminate/Pipeline/Pipeline.php(183): Illuminate/Foundation/Http/Middleware/ValidatePostSize->handle()
#55 D:/laragon-new/laragon/www/hotel-beach-way/vendor/laravel/framework/src/Illuminate/Foundation/Http/Middleware/PreventRequestsDuringMaintenance.php(99): Illuminate/Pipeline/Pipeline->Illuminate/Pipeline/{closure}()
#56 D:/laragon-new/laragon/www/hotel-beach-way/vendor/laravel/framework/src/Illuminate/Pipeline/Pipeline.php(183): Illuminate/Foundation/Http/Middleware/PreventRequestsDuringMaintenance->handle()
#57 D:/laragon-new/laragon/www/hotel-beach-way/vendor/laravel/framework/src/Illuminate/Http/Middleware/HandleCors.php(49): Illuminate/Pipeline/Pipeline->Illuminate/Pipeline/{closure}()
#58 D:/laragon-new/laragon/www/hotel-beach-way/vendor/laravel/framework/src/Illuminate/Pipeline/Pipeline.php(183): Illuminate/Http/Middleware/HandleCors->handle()
#59 D:/laragon-new/laragon/www/hotel-beach-way/vendor/laravel/framework/src/Illuminate/Http/Middleware/TrustProxies.php(39): Illuminate/Pipeline/Pipeline->Illuminate/Pipeline/{closure}()
#60 D:/laragon-new/laragon/www/hotel-beach-way/vendor/laravel/framework/src/Illuminate/Pipeline/Pipeline.php(183): Illuminate/Http/Middleware/TrustProxies->handle()
#61 D:/laragon-new/laragon/www/hotel-beach-way/vendor/laravel/framework/src/Illuminate/Pipeline/Pipeline.php(119): Illuminate/Pipeline/Pipeline->Illuminate/Pipeline/{closure}()
#62 D:/laragon-new/laragon/www/hotel-beach-way/vendor/laravel/framework/src/Illuminate/Foundation/Http/Kernel.php(175): Illuminate/Pipeline/Pipeline->then()
#63 D:/laragon-new/laragon/www/hotel-beach-way/vendor/laravel/framework/src/Illuminate/Foundation/Http/Kernel.php(144): Illuminate/Foundation/Http/Kernel->sendRequestThroughRouter()
#64 D:/laragon-new/laragon/www/hotel-beach-way/public/index.php(52): Illuminate/Foundation/Http/Kernel->handle()
#65 D:/laragon-new/laragon/www/hotel-beach-way/vendor/laravel/framework/src/Illuminate/Foundation/resources/server.php(16): require_once('...')
#66 {main}

[previous exception] [object] (Exception(code: 0): Unable to locate file in Vite manifest: resources/js/Pages/Admin/Dashboard.vue. at D:/laragon-new/laragon/www/hotel-beach-way/vendor/laravel/framework/src/Illuminate/Foundation/Vite.php:781)
[stacktrace]
#0 D:/laragon-new/laragon/www/hotel-beach-way/vendor/laravel/framework/src/Illuminate/Foundation/Vite.php(299): Illuminate/Foundation/Vite->chunk()
#1 D:/laragon-new/laragon/www/hotel-beach-way/storage/framework/views/0c196900f0d92db57dddef1918c5565c.php(15): Illuminate/Foundation/Vite->__invoke()
#2 D:/laragon-new/laragon/www/hotel-beach-way/vendor/laravel/framework/src/Illuminate/Filesystem/Filesystem.php(123): require('...')
#3 D:/laragon-new/laragon/www/hotel-beach-way/vendor/laravel/framework/src/Illuminate/Filesystem/Filesystem.php(124): Illuminate/Filesystem/Filesystem::Illuminate/Filesystem/{closure}()
#4 D:/laragon-new/laragon/www/hotel-beach-way/vendor/laravel/framework/src/Illuminate/View/Engines/PhpEngine.php(58): Illuminate/Filesystem/Filesystem->getRequire()
#5 D:/laragon-new/laragon/www/hotel-beach-way/vendor/laravel/framework/src/Illuminate/View/Engines/CompilerEngine.php(72): Illuminate/View/Engines/PhpEngine->evaluatePath()
#6 D:/laragon-new/laragon/www/hotel-beach-way/vendor/laravel/framework/src/Illuminate/View/View.php(207): Illuminate/View/Engines/CompilerEngine->get()
#7 D:/laragon-new/laragon/www/hotel-beach-way/vendor/laravel/framework/src/Illuminate/View/View.php(190): Illuminate/View/View->getContents()
#8 D:/laragon-new/laragon/www/hotel-beach-way/vendor/laravel/framework/src/Illuminate/View/View.php(159): Illuminate/View/View->renderContents()
#9 D:/laragon-new/laragon/www/hotel-beach-way/vendor/laravel/framework/src/Illuminate/Http/Response.php(69): Illuminate/View/View->render()
#10 D:/laragon-new/laragon/www/hotel-beach-way/vendor/laravel/framework/src/Illuminate/Http/Response.php(35): Illuminate/Http/Response->setContent()
#11 D:/laragon-new/laragon/www/hotel-beach-way/vendor/laravel/framework/src/Illuminate/Routing/ResponseFactory.php(58): Illuminate/Http/Response->__construct()
#12 D:/laragon-new/laragon/www/hotel-beach-way/vendor/laravel/framework/src/Illuminate/Routing/ResponseFactory.php(88): Illuminate/Routing/ResponseFactory->make()
#13 D:/laragon-new/laragon/www/hotel-beach-way/vendor/laravel/framework/src/Illuminate/Support/Facades/Facade.php(355): Illuminate/Routing/ResponseFactory->view()
#14 D:/laragon-new/laragon/www/hotel-beach-way/vendor/inertiajs/inertia-laravel/src/Response.php(110): Illuminate/Support/Facades/Facade::__callStatic()
#15 D:/laragon-new/laragon/www/hotel-beach-way/vendor/laravel/framework/src/Illuminate/Routing/Router.php(900): Inertia/Response->toResponse()
#16 D:/laragon-new/laragon/www/hotel-beach-way/vendor/laravel/framework/src/Illuminate/Routing/Router.php(885): Illuminate/Routing/Router::toResponse()
#17 D:/laragon-new/laragon/www/hotel-beach-way/vendor/laravel/framework/src/Illuminate/Routing/Router.php(806): Illuminate/Routing/Router->prepareResponse()
#18 D:/laragon-new/laragon/www/hotel-beach-way/vendor/laravel/framework/src/Illuminate/Pipeline/Pipeline.php(144): Illuminate/Routing/Router->Illuminate/Routing/{closure}()
#19 D:/laragon-new/laragon/www/hotel-beach-way/vendor/laravel/framework/src/Illuminate/Auth/Middleware/EnsureEmailIsVerified.php(41): Illuminate/Pipeline/Pipeline->Illuminate/Pipeline/{closure}()
#20 D:/laragon-new/laragon/www/hotel-beach-way/vendor/laravel/framework/src/Illuminate/Pipeline/Pipeline.php(183): Illuminate/Auth/Middleware/EnsureEmailIsVerified->handle()
#21 D:/laragon-new/laragon/www/hotel-beach-way/vendor/laravel/framework/src/Illuminate/Http/Middleware/AddLinkHeadersForPreloadedAssets.php(20): Illuminate/Pipeline/Pipeline->Illuminate/Pipeline/{closure}()
#22 D:/laragon-new/laragon/www/hotel-beach-way/vendor/laravel/framework/src/Illuminate/Pipeline/Pipeline.php(183): Illuminate/Http/Middleware/AddLinkHeadersForPreloadedAssets->handle()
#23 D:/laragon-new/laragon/www/hotel-beach-way/vendor/inertiajs/inertia-laravel/src/Middleware.php(87): Illuminate/Pipeline/Pipeline->Illuminate/Pipeline/{closure}()
#24 D:/laragon-new/laragon/www/hotel-beach-way/vendor/laravel/framework/src/Illuminate/Pipeline/Pipeline.php(183): Inertia/Middleware->handle()
#25 D:/laragon-new/laragon/www/hotel-beach-way/vendor/laravel/framework/src/Illuminate/Routing/Middleware/SubstituteBindings.php(50): Illuminate/Pipeline/Pipeline->Illuminate/Pipeline/{closure}()
#26 D:/laragon-new/laragon/www/hotel-beach-way/vendor/laravel/framework/src/Illuminate/Pipeline/Pipeline.php(183): Illuminate/Routing/Middleware/SubstituteBindings->handle()
#27 D:/laragon-new/laragon/www/hotel-beach-way/vendor/laravel/framework/src/Illuminate/Auth/Middleware/Authenticate.php(57): Illuminate/Pipeline/Pipeline->Illuminate/Pipeline/{closure}()
#28 D:/laragon-new/laragon/www/hotel-beach-way/vendor/laravel/framework/src/Illuminate/Pipeline/Pipeline.php(183): Illuminate/Auth/Middleware/Authenticate->handle()
#29 D:/laragon-new/laragon/www/hotel-beach-way/vendor/laravel/framework/src/Illuminate/Foundation/Http/Middleware/VerifyCsrfToken.php(78): Illuminate/Pipeline/Pipeline->Illuminate/Pipeline/{closure}()
#30 D:/laragon-new/laragon/www/hotel-beach-way/vendor/laravel/framework/src/Illuminate/Pipeline/Pipeline.php(183): Illuminate/Foundation/Http/Middleware/VerifyCsrfToken->handle()
#31 D:/laragon-new/laragon/www/hotel-beach-way/vendor/laravel/framework/src/Illuminate/View/Middleware/ShareErrorsFromSession.php(49): Illuminate/Pipeline/Pipeline->Illuminate/Pipeline/{closure}()
#32 D:/laragon-new/laragon/www/hotel-beach-way/vendor/laravel/framework/src/Illuminate/Pipeline/Pipeline.php(183): Illuminate/View/Middleware/ShareErrorsFromSession->handle()
#33 D:/laragon-new/laragon/www/hotel-beach-way/vendor/laravel/framework/src/Illuminate/Session/Middleware/StartSession.php(121): Illuminate/Pipeline/Pipeline->Illuminate/Pipeline/{closure}()
#34 D:/laragon-new/laragon/www/hotel-beach-way/vendor/laravel/framework/src/Illuminate/Session/Middleware/StartSession.php(64): Illuminate/Session/Middleware/StartSession->handleStatefulRequest()
#35 D:/laragon-new/laragon/www/hotel-beach-way/vendor/laravel/framework/src/Illuminate/Pipeline/Pipeline.php(183): Illuminate/Session/Middleware/StartSession->handle()
#36 D:/laragon-new/laragon/www/hotel-beach-way/vendor/laravel/framework/src/Illuminate/Cookie/Middleware/AddQueuedCookiesToResponse.php(37): Illuminate/Pipeline/Pipeline->Illuminate/Pipeline/{closure}()
#37 D:/laragon-new/laragon/www/hotel-beach-way/vendor/laravel/framework/src/Illuminate/Pipeline/Pipeline.php(183): Illuminate/Cookie/Middleware/AddQueuedCookiesToResponse->handle()
#38 D:/laragon-new/laragon/www/hotel-beach-way/vendor/laravel/framework/src/Illuminate/Cookie/Middleware/EncryptCookies.php(67): Illuminate/Pipeline/Pipeline->Illuminate/Pipeline/{closure}()
#39 D:/laragon-new/laragon/www/hotel-beach-way/vendor/laravel/framework/src/Illuminate/Pipeline/Pipeline.php(183): Illuminate/Cookie/Middleware/EncryptCookies->handle()
#40 D:/laragon-new/laragon/www/hotel-beach-way/vendor/laravel/framework/src/Illuminate/Pipeline/Pipeline.php(119): Illuminate/Pipeline/Pipeline->Illuminate/Pipeline/{closure}()
#41 D:/laragon-new/laragon/www/hotel-beach-way/vendor/laravel/framework/src/Illuminate/Routing/Router.php(807): Illuminate/Pipeline/Pipeline->then()
#42 D:/laragon-new/laragon/www/hotel-beach-way/vendor/laravel/framework/src/Illuminate/Routing/Router.php(784): Illuminate/Routing/Router->runRouteWithinStack()
#43 D:/laragon-new/laragon/www/hotel-beach-way/vendor/laravel/framework/src/Illuminate/Routing/Router.php(748): Illuminate/Routing/Router->runRoute()
#44 D:/laragon-new/laragon/www/hotel-beach-way/vendor/laravel/framework/src/Illuminate/Routing/Router.php(737): Illuminate/Routing/Router->dispatchToRoute()
#45 D:/laragon-new/laragon/www/hotel-beach-way/vendor/laravel/framework/src/Illuminate/Foundation/Http/Kernel.php(200): Illuminate/Routing/Router->dispatch()
#46 D:/laragon-new/laragon/www/hotel-beach-way/vendor/laravel/framework/src/Illuminate/Pipeline/Pipeline.php(144): Illuminate/Foundation/Http/Kernel->Illuminate/Foundation/Http/{closure}()
#47 D:/laragon-new/laragon/www/hotel-beach-way/vendor/laravel/framework/src/Illuminate/Foundation/Http/Middleware/TransformsRequest.php(21): Illuminate/Pipeline/Pipeline->Illuminate/Pipeline/{closure}()
#48 D:/laragon-new/laragon/www/hotel-beach-way/vendor/laravel/framework/src/Illuminate/Foundation/Http/Middleware/ConvertEmptyStringsToNull.php(31): Illuminate/Foundation/Http/Middleware/TransformsRequest->handle()
#49 D:/laragon-new/laragon/www/hotel-beach-way/vendor/laravel/framework/src/Illuminate/Pipeline/Pipeline.php(183): Illuminate/Foundation/Http/Middleware/ConvertEmptyStringsToNull->handle()
#50 D:/laragon-new/laragon/www/hotel-beach-way/vendor/laravel/framework/src/Illuminate/Foundation/Http/Middleware/TransformsRequest.php(21): Illuminate/Pipeline/Pipeline->Illuminate/Pipeline/{closure}()
#51 D:/laragon-new/laragon/www/hotel-beach-way/vendor/laravel/framework/src/Illuminate/Foundation/Http/Middleware/TrimStrings.php(40): Illuminate/Foundation/Http/Middleware/TransformsRequest->handle()
#52 D:/laragon-new/laragon/www/hotel-beach-way/vendor/laravel/framework/src/Illuminate/Pipeline/Pipeline.php(183): Illuminate/Foundation/Http/Middleware/TrimStrings->handle()
#53 D:/laragon-new/laragon/www/hotel-beach-way/vendor/laravel/framework/src/Illuminate/Foundation/Http/Middleware/ValidatePostSize.php(27): Illuminate/Pipeline/Pipeline->Illuminate/Pipeline/{closure}()
#54 D:/laragon-new/laragon/www/hotel-beach-way/vendor/laravel/framework/src/Illuminate/Pipeline/Pipeline.php(183): Illuminate/Foundation/Http/Middleware/ValidatePostSize->handle()
#55 D:/laragon-new/laragon/www/hotel-beach-way/vendor/laravel/framework/src/Illuminate/Foundation/Http/Middleware/PreventRequestsDuringMaintenance.php(99): Illuminate/Pipeline/Pipeline->Illuminate/Pipeline/{closure}()
#56 D:/laragon-new/laragon/www/hotel-beach-way/vendor/laravel/framework/src/Illuminate/Pipeline/Pipeline.php(183): Illuminate/Foundation/Http/Middleware/PreventRequestsDuringMaintenance->handle()
#57 D:/laragon-new/laragon/www/hotel-beach-way/vendor/laravel/framework/src/Illuminate/Http/Middleware/HandleCors.php(49): Illuminate/Pipeline/Pipeline->Illuminate/Pipeline/{closure}()
#58 D:/laragon-new/laragon/www/hotel-beach-way/vendor/laravel/framework/src/Illuminate/Pipeline/Pipeline.php(183): Illuminate/Http/Middleware/HandleCors->handle()
#59 D:/laragon-new/laragon/www/hotel-beach-way/vendor/laravel/framework/src/Illuminate/Http/Middleware/TrustProxies.php(39): Illuminate/Pipeline/Pipeline->Illuminate/Pipeline/{closure}()
#60 D:/laragon-new/laragon/www/hotel-beach-way/vendor/laravel/framework/src/Illuminate/Pipeline/Pipeline.php(183): Illuminate/Http/Middleware/TrustProxies->handle()
#61 D:/laragon-new/laragon/www/hotel-beach-way/vendor/laravel/framework/src/Illuminate/Pipeline/Pipeline.php(119): Illuminate/Pipeline/Pipeline->Illuminate/Pipeline/{closure}()
#62 D:/laragon-new/laragon/www/hotel-beach-way/vendor/laravel/framework/src/Illuminate/Foundation/Http/Kernel.php(175): Illuminate/Pipeline/Pipeline->then()
#63 D:/laragon-new/laragon/www/hotel-beach-way/vendor/laravel/framework/src/Illuminate/Foundation/Http/Kernel.php(144): Illuminate/Foundation/Http/Kernel->sendRequestThroughRouter()
#64 D:/laragon-new/laragon/www/hotel-beach-way/public/index.php(52): Illuminate/Foundation/Http/Kernel->handle()
#65 D:/laragon-new/laragon/www/hotel-beach-way/vendor/laravel/framework/src/Illuminate/Foundation/resources/server.php(16): require_once('...')
#66 {main}
"} 
[2026-06-10 15:46:34] local.ERROR: SQLSTATE[42S02]: Base table or view not found: 1146 Table 'hotel_beach_way.sliders' doesn't exist (Connection: mysql, SQL: select * from `sliders` order by `sort_order` asc, `id` asc) {"userId":1,"exception":"[object] (Illuminate\\Database\\QueryException(code: 42S02): SQLSTATE[42S02]: Base table or view not found: 1146 Table 'hotel_beach_way.sliders' doesn't exist (Connection: mysql, SQL: select * from `sliders` order by `sort_order` asc, `id` asc) at D:/laragon-new/laragon/www/hotel-beach-way/vendor/laravel/framework/src/Illuminate/Database/Connection.php:829)
[stacktrace]
#0 D:/laragon-new/laragon/www/hotel-beach-way/vendor/laravel/framework/src/Illuminate/Database/Connection.php(783): Illuminate/Database/Connection->runQueryCallback()
#1 D:/laragon-new/laragon/www/hotel-beach-way/vendor/laravel/framework/src/Illuminate/Database/Connection.php(431): Illuminate/Database/Connection->run()
#2 D:/laragon-new/laragon/www/hotel-beach-way/vendor/laravel/framework/src/Illuminate/Database/Query/Builder.php(2914): Illuminate/Database/Connection->select()
#3 D:/laragon-new/laragon/www/hotel-beach-way/vendor/laravel/framework/src/Illuminate/Database/Query/Builder.php(2902): Illuminate/Database/Query/Builder->runSelect()
#4 D:/laragon-new/laragon/www/hotel-beach-way/vendor/laravel/framework/src/Illuminate/Database/Query/Builder.php(3456): Illuminate/Database/Query/Builder->Illuminate/Database/Query/{closure}()
#5 D:/laragon-new/laragon/www/hotel-beach-way/vendor/laravel/framework/src/Illuminate/Database/Query/Builder.php(2903): Illuminate/Database/Query/Builder->onceWithColumns()
#6 D:/laragon-new/laragon/www/hotel-beach-way/vendor/laravel/framework/src/Illuminate/Database/Eloquent/Builder.php(739): Illuminate/Database/Query/Builder->get()
#7 D:/laragon-new/laragon/www/hotel-beach-way/vendor/laravel/framework/src/Illuminate/Database/Eloquent/Builder.php(723): Illuminate/Database/Eloquent/Builder->getModels()
#8 D:/laragon-new/laragon/www/hotel-beach-way/app/Http/Controllers/Admin/WebsiteSettings/SliderController.php(17): Illuminate/Database/Eloquent/Builder->get()
#9 D:/laragon-new/laragon/www/hotel-beach-way/vendor/laravel/framework/src/Illuminate/Routing/Controller.php(54): App/Http/Controllers/Admin/WebsiteSettings/SliderController->index()
#10 D:/laragon-new/laragon/www/hotel-beach-way/vendor/laravel/framework/src/Illuminate/Routing/ControllerDispatcher.php(43): Illuminate/Routing/Controller->callAction()
#11 D:/laragon-new/laragon/www/hotel-beach-way/vendor/laravel/framework/src/Illuminate/Routing/Route.php(260): Illuminate/Routing/ControllerDispatcher->dispatch()
#12 D:/laragon-new/laragon/www/hotel-beach-way/vendor/laravel/framework/src/Illuminate/Routing/Route.php(205): Illuminate/Routing/Route->runController()
#13 D:/laragon-new/laragon/www/hotel-beach-way/vendor/laravel/framework/src/Illuminate/Routing/Router.php(806): Illuminate/Routing/Route->run()
#14 D:/laragon-new/laragon/www/hotel-beach-way/vendor/laravel/framework/src/Illuminate/Pipeline/Pipeline.php(144): Illuminate/Routing/Router->Illuminate/Routing/{closure}()
#15 D:/laragon-new/laragon/www/hotel-beach-way/vendor/laravel/framework/src/Illuminate/Auth/Middleware/EnsureEmailIsVerified.php(41): Illuminate/Pipeline/Pipeline->Illuminate/Pipeline/{closure}()
#16 D:/laragon-new/laragon/www/hotel-beach-way/vendor/laravel/framework/src/Illuminate/Pipeline/Pipeline.php(183): Illuminate/Auth/Middleware/EnsureEmailIsVerified->handle()
#17 D:/laragon-new/laragon/www/hotel-beach-way/vendor/laravel/framework/src/Illuminate/Http/Middleware/AddLinkHeadersForPreloadedAssets.php(20): Illuminate/Pipeline/Pipeline->Illuminate/Pipeline/{closure}()
#18 D:/laragon-new/laragon/www/hotel-beach-way/vendor/laravel/framework/src/Illuminate/Pipeline/Pipeline.php(183): Illuminate/Http/Middleware/AddLinkHeadersForPreloadedAssets->handle()
#19 D:/laragon-new/laragon/www/hotel-beach-way/vendor/inertiajs/inertia-laravel/src/Middleware.php(87): Illuminate/Pipeline/Pipeline->Illuminate/Pipeline/{closure}()
#20 D:/laragon-new/laragon/www/hotel-beach-way/vendor/laravel/framework/src/Illuminate/Pipeline/Pipeline.php(183): Inertia/Middleware->handle()
#21 D:/laragon-new/laragon/www/hotel-beach-way/vendor/laravel/framework/src/Illuminate/Routing/Middleware/SubstituteBindings.php(50): Illuminate/Pipeline/Pipeline->Illuminate/Pipeline/{closure}()
#22 D:/laragon-new/laragon/www/hotel-beach-way/vendor/laravel/framework/src/Illuminate/Pipeline/Pipeline.php(183): Illuminate/Routing/Middleware/SubstituteBindings->handle()
#23 D:/laragon-new/laragon/www/hotel-beach-way/vendor/laravel/framework/src/Illuminate/Auth/Middleware/Authenticate.php(57): Illuminate/Pipeline/Pipeline->Illuminate/Pipeline/{closure}()
#24 D:/laragon-new/laragon/www/hotel-beach-way/vendor/laravel/framework/src/Illuminate/Pipeline/Pipeline.php(183): Illuminate/Auth/Middleware/Authenticate->handle()
#25 D:/laragon-new/laragon/www/hotel-beach-way/vendor/laravel/framework/src/Illuminate/Foundation/Http/Middleware/VerifyCsrfToken.php(78): Illuminate/Pipeline/Pipeline->Illuminate/Pipeline/{closure}()
#26 D:/laragon-new/laragon/www/hotel-beach-way/vendor/laravel/framework/src/Illuminate/Pipeline/Pipeline.php(183): Illuminate/Foundation/Http/Middleware/VerifyCsrfToken->handle()
#27 D:/laragon-new/laragon/www/hotel-beach-way/vendor/laravel/framework/src/Illuminate/View/Middleware/ShareErrorsFromSession.php(49): Illuminate/Pipeline/Pipeline->Illuminate/Pipeline/{closure}()
#28 D:/laragon-new/laragon/www/hotel-beach-way/vendor/laravel/framework/src/Illuminate/Pipeline/Pipeline.php(183): Illuminate/View/Middleware/ShareErrorsFromSession->handle()
#29 D:/laragon-new/laragon/www/hotel-beach-way/vendor/laravel/framework/src/Illuminate/Session/Middleware/StartSession.php(121): Illuminate/Pipeline/Pipeline->Illuminate/Pipeline/{closure}()
#30 D:/laragon-new/laragon/www/hotel-beach-way/vendor/laravel/framework/src/Illuminate/Session/Middleware/StartSession.php(64): Illuminate/Session/Middleware/StartSession->handleStatefulRequest()
#31 D:/laragon-new/laragon/www/hotel-beach-way/vendor/laravel/framework/src/Illuminate/Pipeline/Pipeline.php(183): Illuminate/Session/Middleware/StartSession->handle()
#32 D:/laragon-new/laragon/www/hotel-beach-way/vendor/laravel/framework/src/Illuminate/Cookie/Middleware/AddQueuedCookiesToResponse.php(37): Illuminate/Pipeline/Pipeline->Illuminate/Pipeline/{closure}()
#33 D:/laragon-new/laragon/www/hotel-beach-way/vendor/laravel/framework/src/Illuminate/Pipeline/Pipeline.php(183): Illuminate/Cookie/Middleware/AddQueuedCookiesToResponse->handle()
#34 D:/laragon-new/laragon/www/hotel-beach-way/vendor/laravel/framework/src/Illuminate/Cookie/Middleware/EncryptCookies.php(67): Illuminate/Pipeline/Pipeline->Illuminate/Pipeline/{closure}()
#35 D:/laragon-new/laragon/www/hotel-beach-way/vendor/laravel/framework/src/Illuminate/Pipeline/Pipeline.php(183): Illuminate/Cookie/Middleware/EncryptCookies->handle()
#36 D:/laragon-new/laragon/www/hotel-beach-way/vendor/laravel/framework/src/Illuminate/Pipeline/Pipeline.php(119): Illuminate/Pipeline/Pipeline->Illuminate/Pipeline/{closure}()
#37 D:/laragon-new/laragon/www/hotel-beach-way/vendor/laravel/framework/src/Illuminate/Routing/Router.php(807): Illuminate/Pipeline/Pipeline->then()
#38 D:/laragon-new/laragon/www/hotel-beach-way/vendor/laravel/framework/src/Illuminate/Routing/Router.php(784): Illuminate/Routing/Router->runRouteWithinStack()
#39 D:/laragon-new/laragon/www/hotel-beach-way/vendor/laravel/framework/src/Illuminate/Routing/Router.php(748): Illuminate/Routing/Router->runRoute()
#40 D:/laragon-new/laragon/www/hotel-beach-way/vendor/laravel/framework/src/Illuminate/Routing/Router.php(737): Illuminate/Routing/Router->dispatchToRoute()
#41 D:/laragon-new/laragon/www/hotel-beach-way/vendor/laravel/framework/src/Illuminate/Foundation/Http/Kernel.php(200): Illuminate/Routing/Router->dispatch()
#42 D:/laragon-new/laragon/www/hotel-beach-way/vendor/laravel/framework/src/Illuminate/Pipeline/Pipeline.php(144): Illuminate/Foundation/Http/Kernel->Illuminate/Foundation/Http/{closure}()
#43 D:/laragon-new/laragon/www/hotel-beach-way/vendor/laravel/framework/src/Illuminate/Foundation/Http/Middleware/TransformsRequest.php(21): Illuminate/Pipeline/Pipeline->Illuminate/Pipeline/{closure}()
#44 D:/laragon-new/laragon/www/hotel-beach-way/vendor/laravel/framework/src/Illuminate/Foundation/Http/Middleware/ConvertEmptyStringsToNull.php(31): Illuminate/Foundation/Http/Middleware/TransformsRequest->handle()
#45 D:/laragon-new/laragon/www/hotel-beach-way/vendor/laravel/framework/src/Illuminate/Pipeline/Pipeline.php(183): Illuminate/Foundation/Http/Middleware/ConvertEmptyStringsToNull->handle()
#46 D:/laragon-new/laragon/www/hotel-beach-way/vendor/laravel/framework/src/Illuminate/Foundation/Http/Middleware/TransformsRequest.php(21): Illuminate/Pipeline/Pipeline->Illuminate/Pipeline/{closure}()
#47 D:/laragon-new/laragon/www/hotel-beach-way/vendor/laravel/framework/src/Illuminate/Foundation/Http/Middleware/TrimStrings.php(40): Illuminate/Foundation/Http/Middleware/TransformsRequest->handle()
#48 D:/laragon-new/laragon/www/hotel-beach-way/vendor/laravel/framework/src/Illuminate/Pipeline/Pipeline.php(183): Illuminate/Foundation/Http/Middleware/TrimStrings->handle()
#49 D:/laragon-new/laragon/www/hotel-beach-way/vendor/laravel/framework/src/Illuminate/Foundation/Http/Middleware/ValidatePostSize.php(27): Illuminate/Pipeline/Pipeline->Illuminate/Pipeline/{closure}()
#50 D:/laragon-new/laragon/www/hotel-beach-way/vendor/laravel/framework/src/Illuminate/Pipeline/Pipeline.php(183): Illuminate/Foundation/Http/Middleware/ValidatePostSize->handle()
#51 D:/laragon-new/laragon/www/hotel-beach-way/vendor/laravel/framework/src/Illuminate/Foundation/Http/Middleware/PreventRequestsDuringMaintenance.php(99): Illuminate/Pipeline/Pipeline->Illuminate/Pipeline/{closure}()
#52 D:/laragon-new/laragon/www/hotel-beach-way/vendor/laravel/framework/src/Illuminate/Pipeline/Pipeline.php(183): Illuminate/Foundation/Http/Middleware/PreventRequestsDuringMaintenance->handle()
#53 D:/laragon-new/laragon/www/hotel-beach-way/vendor/laravel/framework/src/Illuminate/Http/Middleware/HandleCors.php(49): Illuminate/Pipeline/Pipeline->Illuminate/Pipeline/{closure}()
#54 D:/laragon-new/laragon/www/hotel-beach-way/vendor/laravel/framework/src/Illuminate/Pipeline/Pipeline.php(183): Illuminate/Http/Middleware/HandleCors->handle()
#55 D:/laragon-new/laragon/www/hotel-beach-way/vendor/laravel/framework/src/Illuminate/Http/Middleware/TrustProxies.php(39): Illuminate/Pipeline/Pipeline->Illuminate/Pipeline/{closure}()
#56 D:/laragon-new/laragon/www/hotel-beach-way/vendor/laravel/framework/src/Illuminate/Pipeline/Pipeline.php(183): Illuminate/Http/Middleware/TrustProxies->handle()
#57 D:/laragon-new/laragon/www/hotel-beach-way/vendor/laravel/framework/src/Illuminate/Pipeline/Pipeline.php(119): Illuminate/Pipeline/Pipeline->Illuminate/Pipeline/{closure}()
#58 D:/laragon-new/laragon/www/hotel-beach-way/vendor/laravel/framework/src/Illuminate/Foundation/Http/Kernel.php(175): Illuminate/Pipeline/Pipeline->then()
#59 D:/laragon-new/laragon/www/hotel-beach-way/vendor/laravel/framework/src/Illuminate/Foundation/Http/Kernel.php(144): Illuminate/Foundation/Http/Kernel->sendRequestThroughRouter()
#60 D:/laragon-new/laragon/www/hotel-beach-way/public/index.php(52): Illuminate/Foundation/Http/Kernel->handle()
#61 D:/laragon-new/laragon/www/hotel-beach-way/vendor/laravel/framework/src/Illuminate/Foundation/resources/server.php(16): require_once('...')
#62 {main}

[previous exception] [object] (PDOException(code: 42S02): SQLSTATE[42S02]: Base table or view not found: 1146 Table 'hotel_beach_way.sliders' doesn't exist at D:/laragon-new/laragon/www/hotel-beach-way/vendor/laravel/framework/src/Illuminate/Database/Connection.php:423)
[stacktrace]
#0 D:/laragon-new/laragon/www/hotel-beach-way/vendor/laravel/framework/src/Illuminate/Database/Connection.php(423): PDO->prepare()
#1 D:/laragon-new/laragon/www/hotel-beach-way/vendor/laravel/framework/src/Illuminate/Database/Connection.php(816): Illuminate/Database/Connection->Illuminate/Database/{closure}()
#2 D:/laragon-new/laragon/www/hotel-beach-way/vendor/laravel/framework/src/Illuminate/Database/Connection.php(783): Illuminate/Database/Connection->runQueryCallback()
#3 D:/laragon-new/laragon/www/hotel-beach-way/vendor/laravel/framework/src/Illuminate/Database/Connection.php(431): Illuminate/Database/Connection->run()
#4 D:/laragon-new/laragon/www/hotel-beach-way/vendor/laravel/framework/src/Illuminate/Database/Query/Builder.php(2914): Illuminate/Database/Connection->select()
#5 D:/laragon-new/laragon/www/hotel-beach-way/vendor/laravel/framework/src/Illuminate/Database/Query/Builder.php(2902): Illuminate/Database/Query/Builder->runSelect()
#6 D:/laragon-new/laragon/www/hotel-beach-way/vendor/laravel/framework/src/Illuminate/Database/Query/Builder.php(3456): Illuminate/Database/Query/Builder->Illuminate/Database/Query/{closure}()
#7 D:/laragon-new/laragon/www/hotel-beach-way/vendor/laravel/framework/src/Illuminate/Database/Query/Builder.php(2903): Illuminate/Database/Query/Builder->onceWithColumns()
#8 D:/laragon-new/laragon/www/hotel-beach-way/vendor/laravel/framework/src/Illuminate/Database/Eloquent/Builder.php(739): Illuminate/Database/Query/Builder->get()
#9 D:/laragon-new/laragon/www/hotel-beach-way/vendor/laravel/framework/src/Illuminate/Database/Eloquent/Builder.php(723): Illuminate/Database/Eloquent/Builder->getModels()
#10 D:/laragon-new/laragon/www/hotel-beach-way/app/Http/Controllers/Admin/WebsiteSettings/SliderController.php(17): Illuminate/Database/Eloquent/Builder->get()
#11 D:/laragon-new/laragon/www/hotel-beach-way/vendor/laravel/framework/src/Illuminate/Routing/Controller.php(54): App/Http/Controllers/Admin/WebsiteSettings/SliderController->index()
#12 D:/laragon-new/laragon/www/hotel-beach-way/vendor/laravel/framework/src/Illuminate/Routing/ControllerDispatcher.php(43): Illuminate/Routing/Controller->callAction()
#13 D:/laragon-new/laragon/www/hotel-beach-way/vendor/laravel/framework/src/Illuminate/Routing/Route.php(260): Illuminate/Routing/ControllerDispatcher->dispatch()
#14 D:/laragon-new/laragon/www/hotel-beach-way/vendor/laravel/framework/src/Illuminate/Routing/Route.php(205): Illuminate/Routing/Route->runController()
#15 D:/laragon-new/laragon/www/hotel-beach-way/vendor/laravel/framework/src/Illuminate/Routing/Router.php(806): Illuminate/Routing/Route->run()
#16 D:/laragon-new/laragon/www/hotel-beach-way/vendor/laravel/framework/src/Illuminate/Pipeline/Pipeline.php(144): Illuminate/Routing/Router->Illuminate/Routing/{closure}()
#17 D:/laragon-new/laragon/www/hotel-beach-way/vendor/laravel/framework/src/Illuminate/Auth/Middleware/EnsureEmailIsVerified.php(41): Illuminate/Pipeline/Pipeline->Illuminate/Pipeline/{closure}()
#18 D:/laragon-new/laragon/www/hotel-beach-way/vendor/laravel/framework/src/Illuminate/Pipeline/Pipeline.php(183): Illuminate/Auth/Middleware/EnsureEmailIsVerified->handle()
#19 D:/laragon-new/laragon/www/hotel-beach-way/vendor/laravel/framework/src/Illuminate/Http/Middleware/AddLinkHeadersForPreloadedAssets.php(20): Illuminate/Pipeline/Pipeline->Illuminate/Pipeline/{closure}()
#20 D:/laragon-new/laragon/www/hotel-beach-way/vendor/laravel/framework/src/Illuminate/Pipeline/Pipeline.php(183): Illuminate/Http/Middleware/AddLinkHeadersForPreloadedAssets->handle()
#21 D:/laragon-new/laragon/www/hotel-beach-way/vendor/inertiajs/inertia-laravel/src/Middleware.php(87): Illuminate/Pipeline/Pipeline->Illuminate/Pipeline/{closure}()
#22 D:/laragon-new/laragon/www/hotel-beach-way/vendor/laravel/framework/src/Illuminate/Pipeline/Pipeline.php(183): Inertia/Middleware->handle()
#23 D:/laragon-new/laragon/www/hotel-beach-way/vendor/laravel/framework/src/Illuminate/Routing/Middleware/SubstituteBindings.php(50): Illuminate/Pipeline/Pipeline->Illuminate/Pipeline/{closure}()
#24 D:/laragon-new/laragon/www/hotel-beach-way/vendor/laravel/framework/src/Illuminate/Pipeline/Pipeline.php(183): Illuminate/Routing/Middleware/SubstituteBindings->handle()
#25 D:/laragon-new/laragon/www/hotel-beach-way/vendor/laravel/framework/src/Illuminate/Auth/Middleware/Authenticate.php(57): Illuminate/Pipeline/Pipeline->Illuminate/Pipeline/{closure}()
#26 D:/laragon-new/laragon/www/hotel-beach-way/vendor/laravel/framework/src/Illuminate/Pipeline/Pipeline.php(183): Illuminate/Auth/Middleware/Authenticate->handle()
#27 D:/laragon-new/laragon/www/hotel-beach-way/vendor/laravel/framework/src/Illuminate/Foundation/Http/Middleware/VerifyCsrfToken.php(78): Illuminate/Pipeline/Pipeline->Illuminate/Pipeline/{closure}()
#28 D:/laragon-new/laragon/www/hotel-beach-way/vendor/laravel/framework/src/Illuminate/Pipeline/Pipeline.php(183): Illuminate/Foundation/Http/Middleware/VerifyCsrfToken->handle()
#29 D:/laragon-new/laragon/www/hotel-beach-way/vendor/laravel/framework/src/Illuminate/View/Middleware/ShareErrorsFromSession.php(49): Illuminate/Pipeline/Pipeline->Illuminate/Pipeline/{closure}()
#30 D:/laragon-new/laragon/www/hotel-beach-way/vendor/laravel/framework/src/Illuminate/Pipeline/Pipeline.php(183): Illuminate/View/Middleware/ShareErrorsFromSession->handle()
#31 D:/laragon-new/laragon/www/hotel-beach-way/vendor/laravel/framework/src/Illuminate/Session/Middleware/StartSession.php(121): Illuminate/Pipeline/Pipeline->Illuminate/Pipeline/{closure}()
#32 D:/laragon-new/laragon/www/hotel-beach-way/vendor/laravel/framework/src/Illuminate/Session/Middleware/StartSession.php(64): Illuminate/Session/Middleware/StartSession->handleStatefulRequest()
#33 D:/laragon-new/laragon/www/hotel-beach-way/vendor/laravel/framework/src/Illuminate/Pipeline/Pipeline.php(183): Illuminate/Session/Middleware/StartSession->handle()
#34 D:/laragon-new/laragon/www/hotel-beach-way/vendor/laravel/framework/src/Illuminate/Cookie/Middleware/AddQueuedCookiesToResponse.php(37): Illuminate/Pipeline/Pipeline->Illuminate/Pipeline/{closure}()
#35 D:/laragon-new/laragon/www/hotel-beach-way/vendor/laravel/framework/src/Illuminate/Pipeline/Pipeline.php(183): Illuminate/Cookie/Middleware/AddQueuedCookiesToResponse->handle()
#36 D:/laragon-new/laragon/www/hotel-beach-way/vendor/laravel/framework/src/Illuminate/Cookie/Middleware/EncryptCookies.php(67): Illuminate/Pipeline/Pipeline->Illuminate/Pipeline/{closure}()
#37 D:/laragon-new/laragon/www/hotel-beach-way/vendor/laravel/framework/src/Illuminate/Pipeline/Pipeline.php(183): Illuminate/Cookie/Middleware/EncryptCookies->handle()
#38 D:/laragon-new/laragon/www/hotel-beach-way/vendor/laravel/framework/src/Illuminate/Pipeline/Pipeline.php(119): Illuminate/Pipeline/Pipeline->Illuminate/Pipeline/{closure}()
#39 D:/laragon-new/laragon/www/hotel-beach-way/vendor/laravel/framework/src/Illuminate/Routing/Router.php(807): Illuminate/Pipeline/Pipeline->then()
#40 D:/laragon-new/laragon/www/hotel-beach-way/vendor/laravel/framework/src/Illuminate/Routing/Router.php(784): Illuminate/Routing/Router->runRouteWithinStack()
#41 D:/laragon-new/laragon/www/hotel-beach-way/vendor/laravel/framework/src/Illuminate/Routing/Router.php(748): Illuminate/Routing/Router->runRoute()
#42 D:/laragon-new/laragon/www/hotel-beach-way/vendor/laravel/framework/src/Illuminate/Routing/Router.php(737): Illuminate/Routing/Router->dispatchToRoute()
#43 D:/laragon-new/laragon/www/hotel-beach-way/vendor/laravel/framework/src/Illuminate/Foundation/Http/Kernel.php(200): Illuminate/Routing/Router->dispatch()
#44 D:/laragon-new/laragon/www/hotel-beach-way/vendor/laravel/framework/src/Illuminate/Pipeline/Pipeline.php(144): Illuminate/Foundation/Http/Kernel->Illuminate/Foundation/Http/{closure}()
#45 D:/laragon-new/laragon/www/hotel-beach-way/vendor/laravel/framework/src/Illuminate/Foundation/Http/Middleware/TransformsRequest.php(21): Illuminate/Pipeline/Pipeline->Illuminate/Pipeline/{closure}()
#46 D:/laragon-new/laragon/www/hotel-beach-way/vendor/laravel/framework/src/Illuminate/Foundation/Http/Middleware/ConvertEmptyStringsToNull.php(31): Illuminate/Foundation/Http/Middleware/TransformsRequest->handle()
#47 D:/laragon-new/laragon/www/hotel-beach-way/vendor/laravel/framework/src/Illuminate/Pipeline/Pipeline.php(183): Illuminate/Foundation/Http/Middleware/ConvertEmptyStringsToNull->handle()
#48 D:/laragon-new/laragon/www/hotel-beach-way/vendor/laravel/framework/src/Illuminate/Foundation/Http/Middleware/TransformsRequest.php(21): Illuminate/Pipeline/Pipeline->Illuminate/Pipeline/{closure}()
#49 D:/laragon-new/laragon/www/hotel-beach-way/vendor/laravel/framework/src/Illuminate/Foundation/Http/Middleware/TrimStrings.php(40): Illuminate/Foundation/Http/Middleware/TransformsRequest->handle()
#50 D:/laragon-new/laragon/www/hotel-beach-way/vendor/laravel/framework/src/Illuminate/Pipeline/Pipeline.php(183): Illuminate/Foundation/Http/Middleware/TrimStrings->handle()
#51 D:/laragon-new/laragon/www/hotel-beach-way/vendor/laravel/framework/src/Illuminate/Foundation/Http/Middleware/ValidatePostSize.php(27): Illuminate/Pipeline/Pipeline->Illuminate/Pipeline/{closure}()
#52 D:/laragon-new/laragon/www/hotel-beach-way/vendor/laravel/framework/src/Illuminate/Pipeline/Pipeline.php(183): Illuminate/Foundation/Http/Middleware/ValidatePostSize->handle()
#53 D:/laragon-new/laragon/www/hotel-beach-way/vendor/laravel/framework/src/Illuminate/Foundation/Http/Middleware/PreventRequestsDuringMaintenance.php(99): Illuminate/Pipeline/Pipeline->Illuminate/Pipeline/{closure}()
#54 D:/laragon-new/laragon/www/hotel-beach-way/vendor/laravel/framework/src/Illuminate/Pipeline/Pipeline.php(183): Illuminate/Foundation/Http/Middleware/PreventRequestsDuringMaintenance->handle()
#55 D:/laragon-new/laragon/www/hotel-beach-way/vendor/laravel/framework/src/Illuminate/Http/Middleware/HandleCors.php(49): Illuminate/Pipeline/Pipeline->Illuminate/Pipeline/{closure}()
#56 D:/laragon-new/laragon/www/hotel-beach-way/vendor/laravel/framework/src/Illuminate/Pipeline/Pipeline.php(183): Illuminate/Http/Middleware/HandleCors->handle()
#57 D:/laragon-new/laragon/www/hotel-beach-way/vendor/laravel/framework/src/Illuminate/Http/Middleware/TrustProxies.php(39): Illuminate/Pipeline/Pipeline->Illuminate/Pipeline/{closure}()
#58 D:/laragon-new/laragon/www/hotel-beach-way/vendor/laravel/framework/src/Illuminate/Pipeline/Pipeline.php(183): Illuminate/Http/Middleware/TrustProxies->handle()
#59 D:/laragon-new/laragon/www/hotel-beach-way/vendor/laravel/framework/src/Illuminate/Pipeline/Pipeline.php(119): Illuminate/Pipeline/Pipeline->Illuminate/Pipeline/{closure}()
#60 D:/laragon-new/laragon/www/hotel-beach-way/vendor/laravel/framework/src/Illuminate/Foundation/Http/Kernel.php(175): Illuminate/Pipeline/Pipeline->then()
#61 D:/laragon-new/laragon/www/hotel-beach-way/vendor/laravel/framework/src/Illuminate/Foundation/Http/Kernel.php(144): Illuminate/Foundation/Http/Kernel->sendRequestThroughRouter()
#62 D:/laragon-new/laragon/www/hotel-beach-way/public/index.php(52): Illuminate/Foundation/Http/Kernel->handle()
#63 D:/laragon-new/laragon/www/hotel-beach-way/vendor/laravel/framework/src/Illuminate/Foundation/resources/server.php(16): require_once('...')
#64 {main}
"} 
[2026-06-10 15:52:45] local.ERROR: Class "Tightenco\Ziggy\Ziggy" not found {"userId":1,"exception":"[object] (Error(code: 0): Class \"Tightenco\\Ziggy\\Ziggy\" not found at D:/laragon-new/laragon/www/hotel-beach-way/app/Http/Middleware/HandleInertiaRequests.php:38)
[stacktrace]
#0 D:/laragon-new/laragon/www/hotel-beach-way/vendor/laravel/framework/src/Illuminate/Container/BoundMethod.php(36): App/Http/Middleware/HandleInertiaRequests->App/Http/Middleware/{closure}()
#1 D:/laragon-new/laragon/www/hotel-beach-way/vendor/laravel/framework/src/Illuminate/Container/Util.php(41): Illuminate/Container/BoundMethod::Illuminate/Container/{closure}()
#2 D:/laragon-new/laragon/www/hotel-beach-way/vendor/laravel/framework/src/Illuminate/Container/BoundMethod.php(81): Illuminate/Container/Util::unwrapIfClosure()
#3 D:/laragon-new/laragon/www/hotel-beach-way/vendor/laravel/framework/src/Illuminate/Container/BoundMethod.php(37): Illuminate/Container/BoundMethod::callBoundMethod()
#4 D:/laragon-new/laragon/www/hotel-beach-way/vendor/laravel/framework/src/Illuminate/Container/Container.php(662): Illuminate/Container/BoundMethod::call()
#5 D:/laragon-new/laragon/www/hotel-beach-way/vendor/laravel/framework/src/Illuminate/Support/Facades/Facade.php(355): Illuminate/Container/Container->call()
#6 D:/laragon-new/laragon/www/hotel-beach-way/vendor/inertiajs/inertia-laravel/src/Response.php(120): Illuminate/Support/Facades/Facade::__callStatic()
#7 D:/laragon-new/laragon/www/hotel-beach-way/vendor/inertiajs/inertia-laravel/src/Response.php(97): Inertia/Response->resolvePropertyInstances()
#8 D:/laragon-new/laragon/www/hotel-beach-way/vendor/laravel/framework/src/Illuminate/Routing/Router.php(900): Inertia/Response->toResponse()
#9 D:/laragon-new/laragon/www/hotel-beach-way/vendor/laravel/framework/src/Illuminate/Routing/Router.php(885): Illuminate/Routing/Router::toResponse()
#10 D:/laragon-new/laragon/www/hotel-beach-way/vendor/laravel/framework/src/Illuminate/Routing/Router.php(806): Illuminate/Routing/Router->prepareResponse()
#11 D:/laragon-new/laragon/www/hotel-beach-way/vendor/laravel/framework/src/Illuminate/Pipeline/Pipeline.php(144): Illuminate/Routing/Router->Illuminate/Routing/{closure}()
#12 D:/laragon-new/laragon/www/hotel-beach-way/vendor/laravel/framework/src/Illuminate/Auth/Middleware/EnsureEmailIsVerified.php(41): Illuminate/Pipeline/Pipeline->Illuminate/Pipeline/{closure}()
#13 D:/laragon-new/laragon/www/hotel-beach-way/vendor/laravel/framework/src/Illuminate/Pipeline/Pipeline.php(183): Illuminate/Auth/Middleware/EnsureEmailIsVerified->handle()
#14 D:/laragon-new/laragon/www/hotel-beach-way/vendor/laravel/framework/src/Illuminate/Http/Middleware/AddLinkHeadersForPreloadedAssets.php(20): Illuminate/Pipeline/Pipeline->Illuminate/Pipeline/{closure}()
#15 D:/laragon-new/laragon/www/hotel-beach-way/vendor/laravel/framework/src/Illuminate/Pipeline/Pipeline.php(183): Illuminate/Http/Middleware/AddLinkHeadersForPreloadedAssets->handle()
#16 D:/laragon-new/laragon/www/hotel-beach-way/vendor/inertiajs/inertia-laravel/src/Middleware.php(87): Illuminate/Pipeline/Pipeline->Illuminate/Pipeline/{closure}()
#17 D:/laragon-new/laragon/www/hotel-beach-way/vendor/laravel/framework/src/Illuminate/Pipeline/Pipeline.php(183): Inertia/Middleware->handle()
#18 D:/laragon-new/laragon/www/hotel-beach-way/vendor/laravel/framework/src/Illuminate/Routing/Middleware/SubstituteBindings.php(50): Illuminate/Pipeline/Pipeline->Illuminate/Pipeline/{closure}()
#19 D:/laragon-new/laragon/www/hotel-beach-way/vendor/laravel/framework/src/Illuminate/Pipeline/Pipeline.php(183): Illuminate/Routing/Middleware/SubstituteBindings->handle()
#20 D:/laragon-new/laragon/www/hotel-beach-way/vendor/laravel/framework/src/Illuminate/Auth/Middleware/Authenticate.php(57): Illuminate/Pipeline/Pipeline->Illuminate/Pipeline/{closure}()
#21 D:/laragon-new/laragon/www/hotel-beach-way/vendor/laravel/framework/src/Illuminate/Pipeline/Pipeline.php(183): Illuminate/Auth/Middleware/Authenticate->handle()
#22 D:/laragon-new/laragon/www/hotel-beach-way/vendor/laravel/framework/src/Illuminate/Foundation/Http/Middleware/VerifyCsrfToken.php(78): Illuminate/Pipeline/Pipeline->Illuminate/Pipeline/{closure}()
#23 D:/laragon-new/laragon/www/hotel-beach-way/vendor/laravel/framework/src/Illuminate/Pipeline/Pipeline.php(183): Illuminate/Foundation/Http/Middleware/VerifyCsrfToken->handle()
#24 D:/laragon-new/laragon/www/hotel-beach-way/vendor/laravel/framework/src/Illuminate/View/Middleware/ShareErrorsFromSession.php(49): Illuminate/Pipeline/Pipeline->Illuminate/Pipeline/{closure}()
#25 D:/laragon-new/laragon/www/hotel-beach-way/vendor/laravel/framework/src/Illuminate/Pipeline/Pipeline.php(183): Illuminate/View/Middleware/ShareErrorsFromSession->handle()
#26 D:/laragon-new/laragon/www/hotel-beach-way/vendor/laravel/framework/src/Illuminate/Session/Middleware/StartSession.php(121): Illuminate/Pipeline/Pipeline->Illuminate/Pipeline/{closure}()
#27 D:/laragon-new/laragon/www/hotel-beach-way/vendor/laravel/framework/src/Illuminate/Session/Middleware/StartSession.php(64): Illuminate/Session/Middleware/StartSession->handleStatefulRequest()
#28 D:/laragon-new/laragon/www/hotel-beach-way/vendor/laravel/framework/src/Illuminate/Pipeline/Pipeline.php(183): Illuminate/Session/Middleware/StartSession->handle()
#29 D:/laragon-new/laragon/www/hotel-beach-way/vendor/laravel/framework/src/Illuminate/Cookie/Middleware/AddQueuedCookiesToResponse.php(37): Illuminate/Pipeline/Pipeline->Illuminate/Pipeline/{closure}()
#30 D:/laragon-new/laragon/www/hotel-beach-way/vendor/laravel/framework/src/Illuminate/Pipeline/Pipeline.php(183): Illuminate/Cookie/Middleware/AddQueuedCookiesToResponse->handle()
#31 D:/laragon-new/laragon/www/hotel-beach-way/vendor/laravel/framework/src/Illuminate/Cookie/Middleware/EncryptCookies.php(67): Illuminate/Pipeline/Pipeline->Illuminate/Pipeline/{closure}()
#32 D:/laragon-new/laragon/www/hotel-beach-way/vendor/laravel/framework/src/Illuminate/Pipeline/Pipeline.php(183): Illuminate/Cookie/Middleware/EncryptCookies->handle()
#33 D:/laragon-new/laragon/www/hotel-beach-way/vendor/laravel/framework/src/Illuminate/Pipeline/Pipeline.php(119): Illuminate/Pipeline/Pipeline->Illuminate/Pipeline/{closure}()
#34 D:/laragon-new/laragon/www/hotel-beach-way/vendor/laravel/framework/src/Illuminate/Routing/Router.php(807): Illuminate/Pipeline/Pipeline->then()
#35 D:/laragon-new/laragon/www/hotel-beach-way/vendor/laravel/framework/src/Illuminate/Routing/Router.php(784): Illuminate/Routing/Router->runRouteWithinStack()
#36 D:/laragon-new/laragon/www/hotel-beach-way/vendor/laravel/framework/src/Illuminate/Routing/Router.php(748): Illuminate/Routing/Router->runRoute()
#37 D:/laragon-new/laragon/www/hotel-beach-way/vendor/laravel/framework/src/Illuminate/Routing/Router.php(737): Illuminate/Routing/Router->dispatchToRoute()
#38 D:/laragon-new/laragon/www/hotel-beach-way/vendor/laravel/framework/src/Illuminate/Foundation/Http/Kernel.php(200): Illuminate/Routing/Router->dispatch()
#39 D:/laragon-new/laragon/www/hotel-beach-way/vendor/laravel/framework/src/Illuminate/Pipeline/Pipeline.php(144): Illuminate/Foundation/Http/Kernel->Illuminate/Foundation/Http/{closure}()
#40 D:/laragon-new/laragon/www/hotel-beach-way/vendor/laravel/framework/src/Illuminate/Foundation/Http/Middleware/TransformsRequest.php(21): Illuminate/Pipeline/Pipeline->Illuminate/Pipeline/{closure}()
#41 D:/laragon-new/laragon/www/hotel-beach-way/vendor/laravel/framework/src/Illuminate/Foundation/Http/Middleware/ConvertEmptyStringsToNull.php(31): Illuminate/Foundation/Http/Middleware/TransformsRequest->handle()
#42 D:/laragon-new/laragon/www/hotel-beach-way/vendor/laravel/framework/src/Illuminate/Pipeline/Pipeline.php(183): Illuminate/Foundation/Http/Middleware/ConvertEmptyStringsToNull->handle()
#43 D:/laragon-new/laragon/www/hotel-beach-way/vendor/laravel/framework/src/Illuminate/Foundation/Http/Middleware/TransformsRequest.php(21): Illuminate/Pipeline/Pipeline->Illuminate/Pipeline/{closure}()
#44 D:/laragon-new/laragon/www/hotel-beach-way/vendor/laravel/framework/src/Illuminate/Foundation/Http/Middleware/TrimStrings.php(40): Illuminate/Foundation/Http/Middleware/TransformsRequest->handle()
#45 D:/laragon-new/laragon/www/hotel-beach-way/vendor/laravel/framework/src/Illuminate/Pipeline/Pipeline.php(183): Illuminate/Foundation/Http/Middleware/TrimStrings->handle()
#46 D:/laragon-new/laragon/www/hotel-beach-way/vendor/laravel/framework/src/Illuminate/Foundation/Http/Middleware/ValidatePostSize.php(27): Illuminate/Pipeline/Pipeline->Illuminate/Pipeline/{closure}()
#47 D:/laragon-new/laragon/www/hotel-beach-way/vendor/laravel/framework/src/Illuminate/Pipeline/Pipeline.php(183): Illuminate/Foundation/Http/Middleware/ValidatePostSize->handle()
#48 D:/laragon-new/laragon/www/hotel-beach-way/vendor/laravel/framework/src/Illuminate/Foundation/Http/Middleware/PreventRequestsDuringMaintenance.php(99): Illuminate/Pipeline/Pipeline->Illuminate/Pipeline/{closure}()
#49 D:/laragon-new/laragon/www/hotel-beach-way/vendor/laravel/framework/src/Illuminate/Pipeline/Pipeline.php(183): Illuminate/Foundation/Http/Middleware/PreventRequestsDuringMaintenance->handle()
#50 D:/laragon-new/laragon/www/hotel-beach-way/vendor/laravel/framework/src/Illuminate/Http/Middleware/HandleCors.php(49): Illuminate/Pipeline/Pipeline->Illuminate/Pipeline/{closure}()
#51 D:/laragon-new/laragon/www/hotel-beach-way/vendor/laravel/framework/src/Illuminate/Pipeline/Pipeline.php(183): Illuminate/Http/Middleware/HandleCors->handle()
#52 D:/laragon-new/laragon/www/hotel-beach-way/vendor/laravel/framework/src/Illuminate/Http/Middleware/TrustProxies.php(39): Illuminate/Pipeline/Pipeline->Illuminate/Pipeline/{closure}()
#53 D:/laragon-new/laragon/www/hotel-beach-way/vendor/laravel/framework/src/Illuminate/Pipeline/Pipeline.php(183): Illuminate/Http/Middleware/TrustProxies->handle()
#54 D:/laragon-new/laragon/www/hotel-beach-way/vendor/laravel/framework/src/Illuminate/Pipeline/Pipeline.php(119): Illuminate/Pipeline/Pipeline->Illuminate/Pipeline/{closure}()
#55 D:/laragon-new/laragon/www/hotel-beach-way/vendor/laravel/framework/src/Illuminate/Foundation/Http/Kernel.php(175): Illuminate/Pipeline/Pipeline->then()
#56 D:/laragon-new/laragon/www/hotel-beach-way/vendor/laravel/framework/src/Illuminate/Foundation/Http/Kernel.php(144): Illuminate/Foundation/Http/Kernel->sendRequestThroughRouter()
#57 D:/laragon-new/laragon/www/hotel-beach-way/public/index.php(52): Illuminate/Foundation/Http/Kernel->handle()
#58 D:/laragon-new/laragon/www/hotel-beach-way/vendor/laravel/framework/src/Illuminate/Foundation/resources/server.php(16): require_once('...')
#59 {main}
"} 
[2026-06-10 15:52:52] local.ERROR: Class "Tightenco\Ziggy\Ziggy" not found {"userId":1,"exception":"[object] (Error(code: 0): Class \"Tightenco\\Ziggy\\Ziggy\" not found at D:/laragon-new/laragon/www/hotel-beach-way/app/Http/Middleware/HandleInertiaRequests.php:38)
[stacktrace]
#0 D:/laragon-new/laragon/www/hotel-beach-way/vendor/laravel/framework/src/Illuminate/Container/BoundMethod.php(36): App/Http/Middleware/HandleInertiaRequests->App/Http/Middleware/{closure}()
#1 D:/laragon-new/laragon/www/hotel-beach-way/vendor/laravel/framework/src/Illuminate/Container/Util.php(41): Illuminate/Container/BoundMethod::Illuminate/Container/{closure}()
#2 D:/laragon-new/laragon/www/hotel-beach-way/vendor/laravel/framework/src/Illuminate/Container/BoundMethod.php(81): Illuminate/Container/Util::unwrapIfClosure()
#3 D:/laragon-new/laragon/www/hotel-beach-way/vendor/laravel/framework/src/Illuminate/Container/BoundMethod.php(37): Illuminate/Container/BoundMethod::callBoundMethod()
#4 D:/laragon-new/laragon/www/hotel-beach-way/vendor/laravel/framework/src/Illuminate/Container/Container.php(662): Illuminate/Container/BoundMethod::call()
#5 D:/laragon-new/laragon/www/hotel-beach-way/vendor/laravel/framework/src/Illuminate/Support/Facades/Facade.php(355): Illuminate/Container/Container->call()
#6 D:/laragon-new/laragon/www/hotel-beach-way/vendor/inertiajs/inertia-laravel/src/Response.php(120): Illuminate/Support/Facades/Facade::__callStatic()
#7 D:/laragon-new/laragon/www/hotel-beach-way/vendor/inertiajs/inertia-laravel/src/Response.php(97): Inertia/Response->resolvePropertyInstances()
#8 D:/laragon-new/laragon/www/hotel-beach-way/vendor/laravel/framework/src/Illuminate/Routing/Router.php(900): Inertia/Response->toResponse()
#9 D:/laragon-new/laragon/www/hotel-beach-way/vendor/laravel/framework/src/Illuminate/Routing/Router.php(885): Illuminate/Routing/Router::toResponse()
#10 D:/laragon-new/laragon/www/hotel-beach-way/vendor/laravel/framework/src/Illuminate/Routing/Router.php(806): Illuminate/Routing/Router->prepareResponse()
#11 D:/laragon-new/laragon/www/hotel-beach-way/vendor/laravel/framework/src/Illuminate/Pipeline/Pipeline.php(144): Illuminate/Routing/Router->Illuminate/Routing/{closure}()
#12 D:/laragon-new/laragon/www/hotel-beach-way/vendor/laravel/framework/src/Illuminate/Auth/Middleware/EnsureEmailIsVerified.php(41): Illuminate/Pipeline/Pipeline->Illuminate/Pipeline/{closure}()
#13 D:/laragon-new/laragon/www/hotel-beach-way/vendor/laravel/framework/src/Illuminate/Pipeline/Pipeline.php(183): Illuminate/Auth/Middleware/EnsureEmailIsVerified->handle()
#14 D:/laragon-new/laragon/www/hotel-beach-way/vendor/laravel/framework/src/Illuminate/Http/Middleware/AddLinkHeadersForPreloadedAssets.php(20): Illuminate/Pipeline/Pipeline->Illuminate/Pipeline/{closure}()
#15 D:/laragon-new/laragon/www/hotel-beach-way/vendor/laravel/framework/src/Illuminate/Pipeline/Pipeline.php(183): Illuminate/Http/Middleware/AddLinkHeadersForPreloadedAssets->handle()
#16 D:/laragon-new/laragon/www/hotel-beach-way/vendor/inertiajs/inertia-laravel/src/Middleware.php(87): Illuminate/Pipeline/Pipeline->Illuminate/Pipeline/{closure}()
#17 D:/laragon-new/laragon/www/hotel-beach-way/vendor/laravel/framework/src/Illuminate/Pipeline/Pipeline.php(183): Inertia/Middleware->handle()
#18 D:/laragon-new/laragon/www/hotel-beach-way/vendor/laravel/framework/src/Illuminate/Routing/Middleware/SubstituteBindings.php(50): Illuminate/Pipeline/Pipeline->Illuminate/Pipeline/{closure}()
#19 D:/laragon-new/laragon/www/hotel-beach-way/vendor/laravel/framework/src/Illuminate/Pipeline/Pipeline.php(183): Illuminate/Routing/Middleware/SubstituteBindings->handle()
#20 D:/laragon-new/laragon/www/hotel-beach-way/vendor/laravel/framework/src/Illuminate/Auth/Middleware/Authenticate.php(57): Illuminate/Pipeline/Pipeline->Illuminate/Pipeline/{closure}()
#21 D:/laragon-new/laragon/www/hotel-beach-way/vendor/laravel/framework/src/Illuminate/Pipeline/Pipeline.php(183): Illuminate/Auth/Middleware/Authenticate->handle()
#22 D:/laragon-new/laragon/www/hotel-beach-way/vendor/laravel/framework/src/Illuminate/Foundation/Http/Middleware/VerifyCsrfToken.php(78): Illuminate/Pipeline/Pipeline->Illuminate/Pipeline/{closure}()
#23 D:/laragon-new/laragon/www/hotel-beach-way/vendor/laravel/framework/src/Illuminate/Pipeline/Pipeline.php(183): Illuminate/Foundation/Http/Middleware/VerifyCsrfToken->handle()
#24 D:/laragon-new/laragon/www/hotel-beach-way/vendor/laravel/framework/src/Illuminate/View/Middleware/ShareErrorsFromSession.php(49): Illuminate/Pipeline/Pipeline->Illuminate/Pipeline/{closure}()
#25 D:/laragon-new/laragon/www/hotel-beach-way/vendor/laravel/framework/src/Illuminate/Pipeline/Pipeline.php(183): Illuminate/View/Middleware/ShareErrorsFromSession->handle()
#26 D:/laragon-new/laragon/www/hotel-beach-way/vendor/laravel/framework/src/Illuminate/Session/Middleware/StartSession.php(121): Illuminate/Pipeline/Pipeline->Illuminate/Pipeline/{closure}()
#27 D:/laragon-new/laragon/www/hotel-beach-way/vendor/laravel/framework/src/Illuminate/Session/Middleware/StartSession.php(64): Illuminate/Session/Middleware/StartSession->handleStatefulRequest()
#28 D:/laragon-new/laragon/www/hotel-beach-way/vendor/laravel/framework/src/Illuminate/Pipeline/Pipeline.php(183): Illuminate/Session/Middleware/StartSession->handle()
#29 D:/laragon-new/laragon/www/hotel-beach-way/vendor/laravel/framework/src/Illuminate/Cookie/Middleware/AddQueuedCookiesToResponse.php(37): Illuminate/Pipeline/Pipeline->Illuminate/Pipeline/{closure}()
#30 D:/laragon-new/laragon/www/hotel-beach-way/vendor/laravel/framework/src/Illuminate/Pipeline/Pipeline.php(183): Illuminate/Cookie/Middleware/AddQueuedCookiesToResponse->handle()
#31 D:/laragon-new/laragon/www/hotel-beach-way/vendor/laravel/framework/src/Illuminate/Cookie/Middleware/EncryptCookies.php(67): Illuminate/Pipeline/Pipeline->Illuminate/Pipeline/{closure}()
#32 D:/laragon-new/laragon/www/hotel-beach-way/vendor/laravel/framework/src/Illuminate/Pipeline/Pipeline.php(183): Illuminate/Cookie/Middleware/EncryptCookies->handle()
#33 D:/laragon-new/laragon/www/hotel-beach-way/vendor/laravel/framework/src/Illuminate/Pipeline/Pipeline.php(119): Illuminate/Pipeline/Pipeline->Illuminate/Pipeline/{closure}()
#34 D:/laragon-new/laragon/www/hotel-beach-way/vendor/laravel/framework/src/Illuminate/Routing/Router.php(807): Illuminate/Pipeline/Pipeline->then()
#35 D:/laragon-new/laragon/www/hotel-beach-way/vendor/laravel/framework/src/Illuminate/Routing/Router.php(784): Illuminate/Routing/Router->runRouteWithinStack()
#36 D:/laragon-new/laragon/www/hotel-beach-way/vendor/laravel/framework/src/Illuminate/Routing/Router.php(748): Illuminate/Routing/Router->runRoute()
#37 D:/laragon-new/laragon/www/hotel-beach-way/vendor/laravel/framework/src/Illuminate/Routing/Router.php(737): Illuminate/Routing/Router->dispatchToRoute()
#38 D:/laragon-new/laragon/www/hotel-beach-way/vendor/laravel/framework/src/Illuminate/Foundation/Http/Kernel.php(200): Illuminate/Routing/Router->dispatch()
#39 D:/laragon-new/laragon/www/hotel-beach-way/vendor/laravel/framework/src/Illuminate/Pipeline/Pipeline.php(144): Illuminate/Foundation/Http/Kernel->Illuminate/Foundation/Http/{closure}()
#40 D:/laragon-new/laragon/www/hotel-beach-way/vendor/laravel/framework/src/Illuminate/Foundation/Http/Middleware/TransformsRequest.php(21): Illuminate/Pipeline/Pipeline->Illuminate/Pipeline/{closure}()
#41 D:/laragon-new/laragon/www/hotel-beach-way/vendor/laravel/framework/src/Illuminate/Foundation/Http/Middleware/ConvertEmptyStringsToNull.php(31): Illuminate/Foundation/Http/Middleware/TransformsRequest->handle()
#42 D:/laragon-new/laragon/www/hotel-beach-way/vendor/laravel/framework/src/Illuminate/Pipeline/Pipeline.php(183): Illuminate/Foundation/Http/Middleware/ConvertEmptyStringsToNull->handle()
#43 D:/laragon-new/laragon/www/hotel-beach-way/vendor/laravel/framework/src/Illuminate/Foundation/Http/Middleware/TransformsRequest.php(21): Illuminate/Pipeline/Pipeline->Illuminate/Pipeline/{closure}()
#44 D:/laragon-new/laragon/www/hotel-beach-way/vendor/laravel/framework/src/Illuminate/Foundation/Http/Middleware/TrimStrings.php(40): Illuminate/Foundation/Http/Middleware/TransformsRequest->handle()
#45 D:/laragon-new/laragon/www/hotel-beach-way/vendor/laravel/framework/src/Illuminate/Pipeline/Pipeline.php(183): Illuminate/Foundation/Http/Middleware/TrimStrings->handle()
#46 D:/laragon-new/laragon/www/hotel-beach-way/vendor/laravel/framework/src/Illuminate/Foundation/Http/Middleware/ValidatePostSize.php(27): Illuminate/Pipeline/Pipeline->Illuminate/Pipeline/{closure}()
#47 D:/laragon-new/laragon/www/hotel-beach-way/vendor/laravel/framework/src/Illuminate/Pipeline/Pipeline.php(183): Illuminate/Foundation/Http/Middleware/ValidatePostSize->handle()
#48 D:/laragon-new/laragon/www/hotel-beach-way/vendor/laravel/framework/src/Illuminate/Foundation/Http/Middleware/PreventRequestsDuringMaintenance.php(99): Illuminate/Pipeline/Pipeline->Illuminate/Pipeline/{closure}()
#49 D:/laragon-new/laragon/www/hotel-beach-way/vendor/laravel/framework/src/Illuminate/Pipeline/Pipeline.php(183): Illuminate/Foundation/Http/Middleware/PreventRequestsDuringMaintenance->handle()
#50 D:/laragon-new/laragon/www/hotel-beach-way/vendor/laravel/framework/src/Illuminate/Http/Middleware/HandleCors.php(49): Illuminate/Pipeline/Pipeline->Illuminate/Pipeline/{closure}()
#51 D:/laragon-new/laragon/www/hotel-beach-way/vendor/laravel/framework/src/Illuminate/Pipeline/Pipeline.php(183): Illuminate/Http/Middleware/HandleCors->handle()
#52 D:/laragon-new/laragon/www/hotel-beach-way/vendor/laravel/framework/src/Illuminate/Http/Middleware/TrustProxies.php(39): Illuminate/Pipeline/Pipeline->Illuminate/Pipeline/{closure}()
#53 D:/laragon-new/laragon/www/hotel-beach-way/vendor/laravel/framework/src/Illuminate/Pipeline/Pipeline.php(183): Illuminate/Http/Middleware/TrustProxies->handle()
#54 D:/laragon-new/laragon/www/hotel-beach-way/vendor/laravel/framework/src/Illuminate/Pipeline/Pipeline.php(119): Illuminate/Pipeline/Pipeline->Illuminate/Pipeline/{closure}()
#55 D:/laragon-new/laragon/www/hotel-beach-way/vendor/laravel/framework/src/Illuminate/Foundation/Http/Kernel.php(175): Illuminate/Pipeline/Pipeline->then()
#56 D:/laragon-new/laragon/www/hotel-beach-way/vendor/laravel/framework/src/Illuminate/Foundation/Http/Kernel.php(144): Illuminate/Foundation/Http/Kernel->sendRequestThroughRouter()
#57 D:/laragon-new/laragon/www/hotel-beach-way/public/index.php(52): Illuminate/Foundation/Http/Kernel->handle()
#58 D:/laragon-new/laragon/www/hotel-beach-way/vendor/laravel/framework/src/Illuminate/Foundation/resources/server.php(16): require_once('...')
#59 {main}
"} 
[2026-06-10 15:52:54] local.ERROR: Class "Tightenco\Ziggy\Ziggy" not found {"userId":1,"exception":"[object] (Error(code: 0): Class \"Tightenco\\Ziggy\\Ziggy\" not found at D:/laragon-new/laragon/www/hotel-beach-way/app/Http/Middleware/HandleInertiaRequests.php:38)
[stacktrace]
#0 D:/laragon-new/laragon/www/hotel-beach-way/vendor/laravel/framework/src/Illuminate/Container/BoundMethod.php(36): App/Http/Middleware/HandleInertiaRequests->App/Http/Middleware/{closure}()
#1 D:/laragon-new/laragon/www/hotel-beach-way/vendor/laravel/framework/src/Illuminate/Container/Util.php(41): Illuminate/Container/BoundMethod::Illuminate/Container/{closure}()
#2 D:/laragon-new/laragon/www/hotel-beach-way/vendor/laravel/framework/src/Illuminate/Container/BoundMethod.php(81): Illuminate/Container/Util::unwrapIfClosure()
#3 D:/laragon-new/laragon/www/hotel-beach-way/vendor/laravel/framework/src/Illuminate/Container/BoundMethod.php(37): Illuminate/Container/BoundMethod::callBoundMethod()
#4 D:/laragon-new/laragon/www/hotel-beach-way/vendor/laravel/framework/src/Illuminate/Container/Container.php(662): Illuminate/Container/BoundMethod::call()
#5 D:/laragon-new/laragon/www/hotel-beach-way/vendor/laravel/framework/src/Illuminate/Support/Facades/Facade.php(355): Illuminate/Container/Container->call()
#6 D:/laragon-new/laragon/www/hotel-beach-way/vendor/inertiajs/inertia-laravel/src/Response.php(120): Illuminate/Support/Facades/Facade::__callStatic()
#7 D:/laragon-new/laragon/www/hotel-beach-way/vendor/inertiajs/inertia-laravel/src/Response.php(97): Inertia/Response->resolvePropertyInstances()
#8 D:/laragon-new/laragon/www/hotel-beach-way/vendor/laravel/framework/src/Illuminate/Routing/Router.php(900): Inertia/Response->toResponse()
#9 D:/laragon-new/laragon/www/hotel-beach-way/vendor/laravel/framework/src/Illuminate/Routing/Router.php(885): Illuminate/Routing/Router::toResponse()
#10 D:/laragon-new/laragon/www/hotel-beach-way/vendor/laravel/framework/src/Illuminate/Routing/Router.php(806): Illuminate/Routing/Router->prepareResponse()
#11 D:/laragon-new/laragon/www/hotel-beach-way/vendor/laravel/framework/src/Illuminate/Pipeline/Pipeline.php(144): Illuminate/Routing/Router->Illuminate/Routing/{closure}()
#12 D:/laragon-new/laragon/www/hotel-beach-way/vendor/laravel/framework/src/Illuminate/Auth/Middleware/EnsureEmailIsVerified.php(41): Illuminate/Pipeline/Pipeline->Illuminate/Pipeline/{closure}()
#13 D:/laragon-new/laragon/www/hotel-beach-way/vendor/laravel/framework/src/Illuminate/Pipeline/Pipeline.php(183): Illuminate/Auth/Middleware/EnsureEmailIsVerified->handle()
#14 D:/laragon-new/laragon/www/hotel-beach-way/vendor/laravel/framework/src/Illuminate/Http/Middleware/AddLinkHeadersForPreloadedAssets.php(20): Illuminate/Pipeline/Pipeline->Illuminate/Pipeline/{closure}()
#15 D:/laragon-new/laragon/www/hotel-beach-way/vendor/laravel/framework/src/Illuminate/Pipeline/Pipeline.php(183): Illuminate/Http/Middleware/AddLinkHeadersForPreloadedAssets->handle()
#16 D:/laragon-new/laragon/www/hotel-beach-way/vendor/inertiajs/inertia-laravel/src/Middleware.php(87): Illuminate/Pipeline/Pipeline->Illuminate/Pipeline/{closure}()
#17 D:/laragon-new/laragon/www/hotel-beach-way/vendor/laravel/framework/src/Illuminate/Pipeline/Pipeline.php(183): Inertia/Middleware->handle()
#18 D:/laragon-new/laragon/www/hotel-beach-way/vendor/laravel/framework/src/Illuminate/Routing/Middleware/SubstituteBindings.php(50): Illuminate/Pipeline/Pipeline->Illuminate/Pipeline/{closure}()
#19 D:/laragon-new/laragon/www/hotel-beach-way/vendor/laravel/framework/src/Illuminate/Pipeline/Pipeline.php(183): Illuminate/Routing/Middleware/SubstituteBindings->handle()
#20 D:/laragon-new/laragon/www/hotel-beach-way/vendor/laravel/framework/src/Illuminate/Auth/Middleware/Authenticate.php(57): Illuminate/Pipeline/Pipeline->Illuminate/Pipeline/{closure}()
#21 D:/laragon-new/laragon/www/hotel-beach-way/vendor/laravel/framework/src/Illuminate/Pipeline/Pipeline.php(183): Illuminate/Auth/Middleware/Authenticate->handle()
#22 D:/laragon-new/laragon/www/hotel-beach-way/vendor/laravel/framework/src/Illuminate/Foundation/Http/Middleware/VerifyCsrfToken.php(78): Illuminate/Pipeline/Pipeline->Illuminate/Pipeline/{closure}()
#23 D:/laragon-new/laragon/www/hotel-beach-way/vendor/laravel/framework/src/Illuminate/Pipeline/Pipeline.php(183): Illuminate/Foundation/Http/Middleware/VerifyCsrfToken->handle()
#24 D:/laragon-new/laragon/www/hotel-beach-way/vendor/laravel/framework/src/Illuminate/View/Middleware/ShareErrorsFromSession.php(49): Illuminate/Pipeline/Pipeline->Illuminate/Pipeline/{closure}()
#25 D:/laragon-new/laragon/www/hotel-beach-way/vendor/laravel/framework/src/Illuminate/Pipeline/Pipeline.php(183): Illuminate/View/Middleware/ShareErrorsFromSession->handle()
#26 D:/laragon-new/laragon/www/hotel-beach-way/vendor/laravel/framework/src/Illuminate/Session/Middleware/StartSession.php(121): Illuminate/Pipeline/Pipeline->Illuminate/Pipeline/{closure}()
#27 D:/laragon-new/laragon/www/hotel-beach-way/vendor/laravel/framework/src/Illuminate/Session/Middleware/StartSession.php(64): Illuminate/Session/Middleware/StartSession->handleStatefulRequest()
#28 D:/laragon-new/laragon/www/hotel-beach-way/vendor/laravel/framework/src/Illuminate/Pipeline/Pipeline.php(183): Illuminate/Session/Middleware/StartSession->handle()
#29 D:/laragon-new/laragon/www/hotel-beach-way/vendor/laravel/framework/src/Illuminate/Cookie/Middleware/AddQueuedCookiesToResponse.php(37): Illuminate/Pipeline/Pipeline->Illuminate/Pipeline/{closure}()
#30 D:/laragon-new/laragon/www/hotel-beach-way/vendor/laravel/framework/src/Illuminate/Pipeline/Pipeline.php(183): Illuminate/Cookie/Middleware/AddQueuedCookiesToResponse->handle()
#31 D:/laragon-new/laragon/www/hotel-beach-way/vendor/laravel/framework/src/Illuminate/Cookie/Middleware/EncryptCookies.php(67): Illuminate/Pipeline/Pipeline->Illuminate/Pipeline/{closure}()
#32 D:/laragon-new/laragon/www/hotel-beach-way/vendor/laravel/framework/src/Illuminate/Pipeline/Pipeline.php(183): Illuminate/Cookie/Middleware/EncryptCookies->handle()
#33 D:/laragon-new/laragon/www/hotel-beach-way/vendor/laravel/framework/src/Illuminate/Pipeline/Pipeline.php(119): Illuminate/Pipeline/Pipeline->Illuminate/Pipeline/{closure}()
#34 D:/laragon-new/laragon/www/hotel-beach-way/vendor/laravel/framework/src/Illuminate/Routing/Router.php(807): Illuminate/Pipeline/Pipeline->then()
#35 D:/laragon-new/laragon/www/hotel-beach-way/vendor/laravel/framework/src/Illuminate/Routing/Router.php(784): Illuminate/Routing/Router->runRouteWithinStack()
#36 D:/laragon-new/laragon/www/hotel-beach-way/vendor/laravel/framework/src/Illuminate/Routing/Router.php(748): Illuminate/Routing/Router->runRoute()
#37 D:/laragon-new/laragon/www/hotel-beach-way/vendor/laravel/framework/src/Illuminate/Routing/Router.php(737): Illuminate/Routing/Router->dispatchToRoute()
#38 D:/laragon-new/laragon/www/hotel-beach-way/vendor/laravel/framework/src/Illuminate/Foundation/Http/Kernel.php(200): Illuminate/Routing/Router->dispatch()
#39 D:/laragon-new/laragon/www/hotel-beach-way/vendor/laravel/framework/src/Illuminate/Pipeline/Pipeline.php(144): Illuminate/Foundation/Http/Kernel->Illuminate/Foundation/Http/{closure}()
#40 D:/laragon-new/laragon/www/hotel-beach-way/vendor/laravel/framework/src/Illuminate/Foundation/Http/Middleware/TransformsRequest.php(21): Illuminate/Pipeline/Pipeline->Illuminate/Pipeline/{closure}()
#41 D:/laragon-new/laragon/www/hotel-beach-way/vendor/laravel/framework/src/Illuminate/Foundation/Http/Middleware/ConvertEmptyStringsToNull.php(31): Illuminate/Foundation/Http/Middleware/TransformsRequest->handle()
#42 D:/laragon-new/laragon/www/hotel-beach-way/vendor/laravel/framework/src/Illuminate/Pipeline/Pipeline.php(183): Illuminate/Foundation/Http/Middleware/ConvertEmptyStringsToNull->handle()
#43 D:/laragon-new/laragon/www/hotel-beach-way/vendor/laravel/framework/src/Illuminate/Foundation/Http/Middleware/TransformsRequest.php(21): Illuminate/Pipeline/Pipeline->Illuminate/Pipeline/{closure}()
#44 D:/laragon-new/laragon/www/hotel-beach-way/vendor/laravel/framework/src/Illuminate/Foundation/Http/Middleware/TrimStrings.php(40): Illuminate/Foundation/Http/Middleware/TransformsRequest->handle()
#45 D:/laragon-new/laragon/www/hotel-beach-way/vendor/laravel/framework/src/Illuminate/Pipeline/Pipeline.php(183): Illuminate/Foundation/Http/Middleware/TrimStrings->handle()
#46 D:/laragon-new/laragon/www/hotel-beach-way/vendor/laravel/framework/src/Illuminate/Foundation/Http/Middleware/ValidatePostSize.php(27): Illuminate/Pipeline/Pipeline->Illuminate/Pipeline/{closure}()
#47 D:/laragon-new/laragon/www/hotel-beach-way/vendor/laravel/framework/src/Illuminate/Pipeline/Pipeline.php(183): Illuminate/Foundation/Http/Middleware/ValidatePostSize->handle()
#48 D:/laragon-new/laragon/www/hotel-beach-way/vendor/laravel/framework/src/Illuminate/Foundation/Http/Middleware/PreventRequestsDuringMaintenance.php(99): Illuminate/Pipeline/Pipeline->Illuminate/Pipeline/{closure}()
#49 D:/laragon-new/laragon/www/hotel-beach-way/vendor/laravel/framework/src/Illuminate/Pipeline/Pipeline.php(183): Illuminate/Foundation/Http/Middleware/PreventRequestsDuringMaintenance->handle()
#50 D:/laragon-new/laragon/www/hotel-beach-way/vendor/laravel/framework/src/Illuminate/Http/Middleware/HandleCors.php(49): Illuminate/Pipeline/Pipeline->Illuminate/Pipeline/{closure}()
#51 D:/laragon-new/laragon/www/hotel-beach-way/vendor/laravel/framework/src/Illuminate/Pipeline/Pipeline.php(183): Illuminate/Http/Middleware/HandleCors->handle()
#52 D:/laragon-new/laragon/www/hotel-beach-way/vendor/laravel/framework/src/Illuminate/Http/Middleware/TrustProxies.php(39): Illuminate/Pipeline/Pipeline->Illuminate/Pipeline/{closure}()
#53 D:/laragon-new/laragon/www/hotel-beach-way/vendor/laravel/framework/src/Illuminate/Pipeline/Pipeline.php(183): Illuminate/Http/Middleware/TrustProxies->handle()
#54 D:/laragon-new/laragon/www/hotel-beach-way/vendor/laravel/framework/src/Illuminate/Pipeline/Pipeline.php(119): Illuminate/Pipeline/Pipeline->Illuminate/Pipeline/{closure}()
#55 D:/laragon-new/laragon/www/hotel-beach-way/vendor/laravel/framework/src/Illuminate/Foundation/Http/Kernel.php(175): Illuminate/Pipeline/Pipeline->then()
#56 D:/laragon-new/laragon/www/hotel-beach-way/vendor/laravel/framework/src/Illuminate/Foundation/Http/Kernel.php(144): Illuminate/Foundation/Http/Kernel->sendRequestThroughRouter()
#57 D:/laragon-new/laragon/www/hotel-beach-way/public/index.php(52): Illuminate/Foundation/Http/Kernel->handle()
#58 D:/laragon-new/laragon/www/hotel-beach-way/vendor/laravel/framework/src/Illuminate/Foundation/resources/server.php(16): require_once('...')
#59 {main}
"} 
[2026-06-10 15:53:02] local.ERROR: Class "Tightenco\Ziggy\Ziggy" not found {"userId":1,"exception":"[object] (Error(code: 0): Class \"Tightenco\\Ziggy\\Ziggy\" not found at D:/laragon-new/laragon/www/hotel-beach-way/app/Http/Middleware/HandleInertiaRequests.php:38)
[stacktrace]
#0 D:/laragon-new/laragon/www/hotel-beach-way/vendor/laravel/framework/src/Illuminate/Container/BoundMethod.php(36): App/Http/Middleware/HandleInertiaRequests->App/Http/Middleware/{closure}()
#1 D:/laragon-new/laragon/www/hotel-beach-way/vendor/laravel/framework/src/Illuminate/Container/Util.php(41): Illuminate/Container/BoundMethod::Illuminate/Container/{closure}()
#2 D:/laragon-new/laragon/www/hotel-beach-way/vendor/laravel/framework/src/Illuminate/Container/BoundMethod.php(81): Illuminate/Container/Util::unwrapIfClosure()
#3 D:/laragon-new/laragon/www/hotel-beach-way/vendor/laravel/framework/src/Illuminate/Container/BoundMethod.php(37): Illuminate/Container/BoundMethod::callBoundMethod()
#4 D:/laragon-new/laragon/www/hotel-beach-way/vendor/laravel/framework/src/Illuminate/Container/Container.php(662): Illuminate/Container/BoundMethod::call()
#5 D:/laragon-new/laragon/www/hotel-beach-way/vendor/laravel/framework/src/Illuminate/Support/Facades/Facade.php(355): Illuminate/Container/Container->call()
#6 D:/laragon-new/laragon/www/hotel-beach-way/vendor/inertiajs/inertia-laravel/src/Response.php(120): Illuminate/Support/Facades/Facade::__callStatic()
#7 D:/laragon-new/laragon/www/hotel-beach-way/vendor/inertiajs/inertia-laravel/src/Response.php(97): Inertia/Response->resolvePropertyInstances()
#8 D:/laragon-new/laragon/www/hotel-beach-way/vendor/laravel/framework/src/Illuminate/Routing/Router.php(900): Inertia/Response->toResponse()
#9 D:/laragon-new/laragon/www/hotel-beach-way/vendor/laravel/framework/src/Illuminate/Routing/Router.php(885): Illuminate/Routing/Router::toResponse()
#10 D:/laragon-new/laragon/www/hotel-beach-way/vendor/laravel/framework/src/Illuminate/Routing/Router.php(806): Illuminate/Routing/Router->prepareResponse()
#11 D:/laragon-new/laragon/www/hotel-beach-way/vendor/laravel/framework/src/Illuminate/Pipeline/Pipeline.php(144): Illuminate/Routing/Router->Illuminate/Routing/{closure}()
#12 D:/laragon-new/laragon/www/hotel-beach-way/vendor/laravel/framework/src/Illuminate/Auth/Middleware/EnsureEmailIsVerified.php(41): Illuminate/Pipeline/Pipeline->Illuminate/Pipeline/{closure}()
#13 D:/laragon-new/laragon/www/hotel-beach-way/vendor/laravel/framework/src/Illuminate/Pipeline/Pipeline.php(183): Illuminate/Auth/Middleware/EnsureEmailIsVerified->handle()
#14 D:/laragon-new/laragon/www/hotel-beach-way/vendor/laravel/framework/src/Illuminate/Http/Middleware/AddLinkHeadersForPreloadedAssets.php(20): Illuminate/Pipeline/Pipeline->Illuminate/Pipeline/{closure}()
#15 D:/laragon-new/laragon/www/hotel-beach-way/vendor/laravel/framework/src/Illuminate/Pipeline/Pipeline.php(183): Illuminate/Http/Middleware/AddLinkHeadersForPreloadedAssets->handle()
#16 D:/laragon-new/laragon/www/hotel-beach-way/vendor/inertiajs/inertia-laravel/src/Middleware.php(87): Illuminate/Pipeline/Pipeline->Illuminate/Pipeline/{closure}()
#17 D:/laragon-new/laragon/www/hotel-beach-way/vendor/laravel/framework/src/Illuminate/Pipeline/Pipeline.php(183): Inertia/Middleware->handle()
#18 D:/laragon-new/laragon/www/hotel-beach-way/vendor/laravel/framework/src/Illuminate/Routing/Middleware/SubstituteBindings.php(50): Illuminate/Pipeline/Pipeline->Illuminate/Pipeline/{closure}()
#19 D:/laragon-new/laragon/www/hotel-beach-way/vendor/laravel/framework/src/Illuminate/Pipeline/Pipeline.php(183): Illuminate/Routing/Middleware/SubstituteBindings->handle()
#20 D:/laragon-new/laragon/www/hotel-beach-way/vendor/laravel/framework/src/Illuminate/Auth/Middleware/Authenticate.php(57): Illuminate/Pipeline/Pipeline->Illuminate/Pipeline/{closure}()
#21 D:/laragon-new/laragon/www/hotel-beach-way/vendor/laravel/framework/src/Illuminate/Pipeline/Pipeline.php(183): Illuminate/Auth/Middleware/Authenticate->handle()
#22 D:/laragon-new/laragon/www/hotel-beach-way/vendor/laravel/framework/src/Illuminate/Foundation/Http/Middleware/VerifyCsrfToken.php(78): Illuminate/Pipeline/Pipeline->Illuminate/Pipeline/{closure}()
#23 D:/laragon-new/laragon/www/hotel-beach-way/vendor/laravel/framework/src/Illuminate/Pipeline/Pipeline.php(183): Illuminate/Foundation/Http/Middleware/VerifyCsrfToken->handle()
#24 D:/laragon-new/laragon/www/hotel-beach-way/vendor/laravel/framework/src/Illuminate/View/Middleware/ShareErrorsFromSession.php(49): Illuminate/Pipeline/Pipeline->Illuminate/Pipeline/{closure}()
#25 D:/laragon-new/laragon/www/hotel-beach-way/vendor/laravel/framework/src/Illuminate/Pipeline/Pipeline.php(183): Illuminate/View/Middleware/ShareErrorsFromSession->handle()
#26 D:/laragon-new/laragon/www/hotel-beach-way/vendor/laravel/framework/src/Illuminate/Session/Middleware/StartSession.php(121): Illuminate/Pipeline/Pipeline->Illuminate/Pipeline/{closure}()
#27 D:/laragon-new/laragon/www/hotel-beach-way/vendor/laravel/framework/src/Illuminate/Session/Middleware/StartSession.php(64): Illuminate/Session/Middleware/StartSession->handleStatefulRequest()
#28 D:/laragon-new/laragon/www/hotel-beach-way/vendor/laravel/framework/src/Illuminate/Pipeline/Pipeline.php(183): Illuminate/Session/Middleware/StartSession->handle()
#29 D:/laragon-new/laragon/www/hotel-beach-way/vendor/laravel/framework/src/Illuminate/Cookie/Middleware/AddQueuedCookiesToResponse.php(37): Illuminate/Pipeline/Pipeline->Illuminate/Pipeline/{closure}()
#30 D:/laragon-new/laragon/www/hotel-beach-way/vendor/laravel/framework/src/Illuminate/Pipeline/Pipeline.php(183): Illuminate/Cookie/Middleware/AddQueuedCookiesToResponse->handle()
#31 D:/laragon-new/laragon/www/hotel-beach-way/vendor/laravel/framework/src/Illuminate/Cookie/Middleware/EncryptCookies.php(67): Illuminate/Pipeline/Pipeline->Illuminate/Pipeline/{closure}()
#32 D:/laragon-new/laragon/www/hotel-beach-way/vendor/laravel/framework/src/Illuminate/Pipeline/Pipeline.php(183): Illuminate/Cookie/Middleware/EncryptCookies->handle()
#33 D:/laragon-new/laragon/www/hotel-beach-way/vendor/laravel/framework/src/Illuminate/Pipeline/Pipeline.php(119): Illuminate/Pipeline/Pipeline->Illuminate/Pipeline/{closure}()
#34 D:/laragon-new/laragon/www/hotel-beach-way/vendor/laravel/framework/src/Illuminate/Routing/Router.php(807): Illuminate/Pipeline/Pipeline->then()
#35 D:/laragon-new/laragon/www/hotel-beach-way/vendor/laravel/framework/src/Illuminate/Routing/Router.php(784): Illuminate/Routing/Router->runRouteWithinStack()
#36 D:/laragon-new/laragon/www/hotel-beach-way/vendor/laravel/framework/src/Illuminate/Routing/Router.php(748): Illuminate/Routing/Router->runRoute()
#37 D:/laragon-new/laragon/www/hotel-beach-way/vendor/laravel/framework/src/Illuminate/Routing/Router.php(737): Illuminate/Routing/Router->dispatchToRoute()
#38 D:/laragon-new/laragon/www/hotel-beach-way/vendor/laravel/framework/src/Illuminate/Foundation/Http/Kernel.php(200): Illuminate/Routing/Router->dispatch()
#39 D:/laragon-new/laragon/www/hotel-beach-way/vendor/laravel/framework/src/Illuminate/Pipeline/Pipeline.php(144): Illuminate/Foundation/Http/Kernel->Illuminate/Foundation/Http/{closure}()
#40 D:/laragon-new/laragon/www/hotel-beach-way/vendor/laravel/framework/src/Illuminate/Foundation/Http/Middleware/TransformsRequest.php(21): Illuminate/Pipeline/Pipeline->Illuminate/Pipeline/{closure}()
#41 D:/laragon-new/laragon/www/hotel-beach-way/vendor/laravel/framework/src/Illuminate/Foundation/Http/Middleware/ConvertEmptyStringsToNull.php(31): Illuminate/Foundation/Http/Middleware/TransformsRequest->handle()
#42 D:/laragon-new/laragon/www/hotel-beach-way/vendor/laravel/framework/src/Illuminate/Pipeline/Pipeline.php(183): Illuminate/Foundation/Http/Middleware/ConvertEmptyStringsToNull->handle()
#43 D:/laragon-new/laragon/www/hotel-beach-way/vendor/laravel/framework/src/Illuminate/Foundation/Http/Middleware/TransformsRequest.php(21): Illuminate/Pipeline/Pipeline->Illuminate/Pipeline/{closure}()
#44 D:/laragon-new/laragon/www/hotel-beach-way/vendor/laravel/framework/src/Illuminate/Foundation/Http/Middleware/TrimStrings.php(40): Illuminate/Foundation/Http/Middleware/TransformsRequest->handle()
#45 D:/laragon-new/laragon/www/hotel-beach-way/vendor/laravel/framework/src/Illuminate/Pipeline/Pipeline.php(183): Illuminate/Foundation/Http/Middleware/TrimStrings->handle()
#46 D:/laragon-new/laragon/www/hotel-beach-way/vendor/laravel/framework/src/Illuminate/Foundation/Http/Middleware/ValidatePostSize.php(27): Illuminate/Pipeline/Pipeline->Illuminate/Pipeline/{closure}()
#47 D:/laragon-new/laragon/www/hotel-beach-way/vendor/laravel/framework/src/Illuminate/Pipeline/Pipeline.php(183): Illuminate/Foundation/Http/Middleware/ValidatePostSize->handle()
#48 D:/laragon-new/laragon/www/hotel-beach-way/vendor/laravel/framework/src/Illuminate/Foundation/Http/Middleware/PreventRequestsDuringMaintenance.php(99): Illuminate/Pipeline/Pipeline->Illuminate/Pipeline/{closure}()
#49 D:/laragon-new/laragon/www/hotel-beach-way/vendor/laravel/framework/src/Illuminate/Pipeline/Pipeline.php(183): Illuminate/Foundation/Http/Middleware/PreventRequestsDuringMaintenance->handle()
#50 D:/laragon-new/laragon/www/hotel-beach-way/vendor/laravel/framework/src/Illuminate/Http/Middleware/HandleCors.php(49): Illuminate/Pipeline/Pipeline->Illuminate/Pipeline/{closure}()
#51 D:/laragon-new/laragon/www/hotel-beach-way/vendor/laravel/framework/src/Illuminate/Pipeline/Pipeline.php(183): Illuminate/Http/Middleware/HandleCors->handle()
#52 D:/laragon-new/laragon/www/hotel-beach-way/vendor/laravel/framework/src/Illuminate/Http/Middleware/TrustProxies.php(39): Illuminate/Pipeline/Pipeline->Illuminate/Pipeline/{closure}()
#53 D:/laragon-new/laragon/www/hotel-beach-way/vendor/laravel/framework/src/Illuminate/Pipeline/Pipeline.php(183): Illuminate/Http/Middleware/TrustProxies->handle()
#54 D:/laragon-new/laragon/www/hotel-beach-way/vendor/laravel/framework/src/Illuminate/Pipeline/Pipeline.php(119): Illuminate/Pipeline/Pipeline->Illuminate/Pipeline/{closure}()
#55 D:/laragon-new/laragon/www/hotel-beach-way/vendor/laravel/framework/src/Illuminate/Foundation/Http/Kernel.php(175): Illuminate/Pipeline/Pipeline->then()
#56 D:/laragon-new/laragon/www/hotel-beach-way/vendor/laravel/framework/src/Illuminate/Foundation/Http/Kernel.php(144): Illuminate/Foundation/Http/Kernel->sendRequestThroughRouter()
#57 D:/laragon-new/laragon/www/hotel-beach-way/public/index.php(52): Illuminate/Foundation/Http/Kernel->handle()
#58 D:/laragon-new/laragon/www/hotel-beach-way/vendor/laravel/framework/src/Illuminate/Foundation/resources/server.php(16): require_once('...')
#59 {main}
"} 
[2026-06-10 15:57:31] local.ERROR: Class "Tightenco\Ziggy\Ziggy" not found {"userId":1,"exception":"[object] (Error(code: 0): Class \"Tightenco\\Ziggy\\Ziggy\" not found at D:/laragon-new/laragon/www/hotel-beach-way/app/Http/Middleware/HandleInertiaRequests.php:38)
[stacktrace]
#0 D:/laragon-new/laragon/www/hotel-beach-way/vendor/laravel/framework/src/Illuminate/Container/BoundMethod.php(36): App/Http/Middleware/HandleInertiaRequests->App/Http/Middleware/{closure}()
#1 D:/laragon-new/laragon/www/hotel-beach-way/vendor/laravel/framework/src/Illuminate/Container/Util.php(41): Illuminate/Container/BoundMethod::Illuminate/Container/{closure}()
#2 D:/laragon-new/laragon/www/hotel-beach-way/vendor/laravel/framework/src/Illuminate/Container/BoundMethod.php(81): Illuminate/Container/Util::unwrapIfClosure()
#3 D:/laragon-new/laragon/www/hotel-beach-way/vendor/laravel/framework/src/Illuminate/Container/BoundMethod.php(37): Illuminate/Container/BoundMethod::callBoundMethod()
#4 D:/laragon-new/laragon/www/hotel-beach-way/vendor/laravel/framework/src/Illuminate/Container/Container.php(662): Illuminate/Container/BoundMethod::call()
#5 D:/laragon-new/laragon/www/hotel-beach-way/vendor/laravel/framework/src/Illuminate/Support/Facades/Facade.php(355): Illuminate/Container/Container->call()
#6 D:/laragon-new/laragon/www/hotel-beach-way/vendor/inertiajs/inertia-laravel/src/Response.php(120): Illuminate/Support/Facades/Facade::__callStatic()
#7 D:/laragon-new/laragon/www/hotel-beach-way/vendor/inertiajs/inertia-laravel/src/Response.php(97): Inertia/Response->resolvePropertyInstances()
#8 D:/laragon-new/laragon/www/hotel-beach-way/vendor/laravel/framework/src/Illuminate/Routing/Router.php(900): Inertia/Response->toResponse()
#9 D:/laragon-new/laragon/www/hotel-beach-way/vendor/laravel/framework/src/Illuminate/Routing/Router.php(885): Illuminate/Routing/Router::toResponse()
#10 D:/laragon-new/laragon/www/hotel-beach-way/vendor/laravel/framework/src/Illuminate/Routing/Router.php(806): Illuminate/Routing/Router->prepareResponse()
#11 D:/laragon-new/laragon/www/hotel-beach-way/vendor/laravel/framework/src/Illuminate/Pipeline/Pipeline.php(144): Illuminate/Routing/Router->Illuminate/Routing/{closure}()
#12 D:/laragon-new/laragon/www/hotel-beach-way/vendor/laravel/framework/src/Illuminate/Auth/Middleware/EnsureEmailIsVerified.php(41): Illuminate/Pipeline/Pipeline->Illuminate/Pipeline/{closure}()
#13 D:/laragon-new/laragon/www/hotel-beach-way/vendor/laravel/framework/src/Illuminate/Pipeline/Pipeline.php(183): Illuminate/Auth/Middleware/EnsureEmailIsVerified->handle()
#14 D:/laragon-new/laragon/www/hotel-beach-way/vendor/laravel/framework/src/Illuminate/Http/Middleware/AddLinkHeadersForPreloadedAssets.php(20): Illuminate/Pipeline/Pipeline->Illuminate/Pipeline/{closure}()
#15 D:/laragon-new/laragon/www/hotel-beach-way/vendor/laravel/framework/src/Illuminate/Pipeline/Pipeline.php(183): Illuminate/Http/Middleware/AddLinkHeadersForPreloadedAssets->handle()
#16 D:/laragon-new/laragon/www/hotel-beach-way/vendor/inertiajs/inertia-laravel/src/Middleware.php(87): Illuminate/Pipeline/Pipeline->Illuminate/Pipeline/{closure}()
#17 D:/laragon-new/laragon/www/hotel-beach-way/vendor/laravel/framework/src/Illuminate/Pipeline/Pipeline.php(183): Inertia/Middleware->handle()
#18 D:/laragon-new/laragon/www/hotel-beach-way/vendor/laravel/framework/src/Illuminate/Routing/Middleware/SubstituteBindings.php(50): Illuminate/Pipeline/Pipeline->Illuminate/Pipeline/{closure}()
#19 D:/laragon-new/laragon/www/hotel-beach-way/vendor/laravel/framework/src/Illuminate/Pipeline/Pipeline.php(183): Illuminate/Routing/Middleware/SubstituteBindings->handle()
#20 D:/laragon-new/laragon/www/hotel-beach-way/vendor/laravel/framework/src/Illuminate/Auth/Middleware/Authenticate.php(57): Illuminate/Pipeline/Pipeline->Illuminate/Pipeline/{closure}()
#21 D:/laragon-new/laragon/www/hotel-beach-way/vendor/laravel/framework/src/Illuminate/Pipeline/Pipeline.php(183): Illuminate/Auth/Middleware/Authenticate->handle()
#22 D:/laragon-new/laragon/www/hotel-beach-way/vendor/laravel/framework/src/Illuminate/Foundation/Http/Middleware/VerifyCsrfToken.php(78): Illuminate/Pipeline/Pipeline->Illuminate/Pipeline/{closure}()
#23 D:/laragon-new/laragon/www/hotel-beach-way/vendor/laravel/framework/src/Illuminate/Pipeline/Pipeline.php(183): Illuminate/Foundation/Http/Middleware/VerifyCsrfToken->handle()
#24 D:/laragon-new/laragon/www/hotel-beach-way/vendor/laravel/framework/src/Illuminate/View/Middleware/ShareErrorsFromSession.php(49): Illuminate/Pipeline/Pipeline->Illuminate/Pipeline/{closure}()
#25 D:/laragon-new/laragon/www/hotel-beach-way/vendor/laravel/framework/src/Illuminate/Pipeline/Pipeline.php(183): Illuminate/View/Middleware/ShareErrorsFromSession->handle()
#26 D:/laragon-new/laragon/www/hotel-beach-way/vendor/laravel/framework/src/Illuminate/Session/Middleware/StartSession.php(121): Illuminate/Pipeline/Pipeline->Illuminate/Pipeline/{closure}()
#27 D:/laragon-new/laragon/www/hotel-beach-way/vendor/laravel/framework/src/Illuminate/Session/Middleware/StartSession.php(64): Illuminate/Session/Middleware/StartSession->handleStatefulRequest()
#28 D:/laragon-new/laragon/www/hotel-beach-way/vendor/laravel/framework/src/Illuminate/Pipeline/Pipeline.php(183): Illuminate/Session/Middleware/StartSession->handle()
#29 D:/laragon-new/laragon/www/hotel-beach-way/vendor/laravel/framework/src/Illuminate/Cookie/Middleware/AddQueuedCookiesToResponse.php(37): Illuminate/Pipeline/Pipeline->Illuminate/Pipeline/{closure}()
#30 D:/laragon-new/laragon/www/hotel-beach-way/vendor/laravel/framework/src/Illuminate/Pipeline/Pipeline.php(183): Illuminate/Cookie/Middleware/AddQueuedCookiesToResponse->handle()
#31 D:/laragon-new/laragon/www/hotel-beach-way/vendor/laravel/framework/src/Illuminate/Cookie/Middleware/EncryptCookies.php(67): Illuminate/Pipeline/Pipeline->Illuminate/Pipeline/{closure}()
#32 D:/laragon-new/laragon/www/hotel-beach-way/vendor/laravel/framework/src/Illuminate/Pipeline/Pipeline.php(183): Illuminate/Cookie/Middleware/EncryptCookies->handle()
#33 D:/laragon-new/laragon/www/hotel-beach-way/vendor/laravel/framework/src/Illuminate/Pipeline/Pipeline.php(119): Illuminate/Pipeline/Pipeline->Illuminate/Pipeline/{closure}()
#34 D:/laragon-new/laragon/www/hotel-beach-way/vendor/laravel/framework/src/Illuminate/Routing/Router.php(807): Illuminate/Pipeline/Pipeline->then()
#35 D:/laragon-new/laragon/www/hotel-beach-way/vendor/laravel/framework/src/Illuminate/Routing/Router.php(784): Illuminate/Routing/Router->runRouteWithinStack()
#36 D:/laragon-new/laragon/www/hotel-beach-way/vendor/laravel/framework/src/Illuminate/Routing/Router.php(748): Illuminate/Routing/Router->runRoute()
#37 D:/laragon-new/laragon/www/hotel-beach-way/vendor/laravel/framework/src/Illuminate/Routing/Router.php(737): Illuminate/Routing/Router->dispatchToRoute()
#38 D:/laragon-new/laragon/www/hotel-beach-way/vendor/laravel/framework/src/Illuminate/Foundation/Http/Kernel.php(200): Illuminate/Routing/Router->dispatch()
#39 D:/laragon-new/laragon/www/hotel-beach-way/vendor/laravel/framework/src/Illuminate/Pipeline/Pipeline.php(144): Illuminate/Foundation/Http/Kernel->Illuminate/Foundation/Http/{closure}()
#40 D:/laragon-new/laragon/www/hotel-beach-way/vendor/laravel/framework/src/Illuminate/Foundation/Http/Middleware/TransformsRequest.php(21): Illuminate/Pipeline/Pipeline->Illuminate/Pipeline/{closure}()
#41 D:/laragon-new/laragon/www/hotel-beach-way/vendor/laravel/framework/src/Illuminate/Foundation/Http/Middleware/ConvertEmptyStringsToNull.php(31): Illuminate/Foundation/Http/Middleware/TransformsRequest->handle()
#42 D:/laragon-new/laragon/www/hotel-beach-way/vendor/laravel/framework/src/Illuminate/Pipeline/Pipeline.php(183): Illuminate/Foundation/Http/Middleware/ConvertEmptyStringsToNull->handle()
#43 D:/laragon-new/laragon/www/hotel-beach-way/vendor/laravel/framework/src/Illuminate/Foundation/Http/Middleware/TransformsRequest.php(21): Illuminate/Pipeline/Pipeline->Illuminate/Pipeline/{closure}()
#44 D:/laragon-new/laragon/www/hotel-beach-way/vendor/laravel/framework/src/Illuminate/Foundation/Http/Middleware/TrimStrings.php(40): Illuminate/Foundation/Http/Middleware/TransformsRequest->handle()
#45 D:/laragon-new/laragon/www/hotel-beach-way/vendor/laravel/framework/src/Illuminate/Pipeline/Pipeline.php(183): Illuminate/Foundation/Http/Middleware/TrimStrings->handle()
#46 D:/laragon-new/laragon/www/hotel-beach-way/vendor/laravel/framework/src/Illuminate/Foundation/Http/Middleware/ValidatePostSize.php(27): Illuminate/Pipeline/Pipeline->Illuminate/Pipeline/{closure}()
#47 D:/laragon-new/laragon/www/hotel-beach-way/vendor/laravel/framework/src/Illuminate/Pipeline/Pipeline.php(183): Illuminate/Foundation/Http/Middleware/ValidatePostSize->handle()
#48 D:/laragon-new/laragon/www/hotel-beach-way/vendor/laravel/framework/src/Illuminate/Foundation/Http/Middleware/PreventRequestsDuringMaintenance.php(99): Illuminate/Pipeline/Pipeline->Illuminate/Pipeline/{closure}()
#49 D:/laragon-new/laragon/www/hotel-beach-way/vendor/laravel/framework/src/Illuminate/Pipeline/Pipeline.php(183): Illuminate/Foundation/Http/Middleware/PreventRequestsDuringMaintenance->handle()
#50 D:/laragon-new/laragon/www/hotel-beach-way/vendor/laravel/framework/src/Illuminate/Http/Middleware/HandleCors.php(49): Illuminate/Pipeline/Pipeline->Illuminate/Pipeline/{closure}()
#51 D:/laragon-new/laragon/www/hotel-beach-way/vendor/laravel/framework/src/Illuminate/Pipeline/Pipeline.php(183): Illuminate/Http/Middleware/HandleCors->handle()
#52 D:/laragon-new/laragon/www/hotel-beach-way/vendor/laravel/framework/src/Illuminate/Http/Middleware/TrustProxies.php(39): Illuminate/Pipeline/Pipeline->Illuminate/Pipeline/{closure}()
#53 D:/laragon-new/laragon/www/hotel-beach-way/vendor/laravel/framework/src/Illuminate/Pipeline/Pipeline.php(183): Illuminate/Http/Middleware/TrustProxies->handle()
#54 D:/laragon-new/laragon/www/hotel-beach-way/vendor/laravel/framework/src/Illuminate/Pipeline/Pipeline.php(119): Illuminate/Pipeline/Pipeline->Illuminate/Pipeline/{closure}()
#55 D:/laragon-new/laragon/www/hotel-beach-way/vendor/laravel/framework/src/Illuminate/Foundation/Http/Kernel.php(175): Illuminate/Pipeline/Pipeline->then()
#56 D:/laragon-new/laragon/www/hotel-beach-way/vendor/laravel/framework/src/Illuminate/Foundation/Http/Kernel.php(144): Illuminate/Foundation/Http/Kernel->sendRequestThroughRouter()
#57 D:/laragon-new/laragon/www/hotel-beach-way/public/index.php(52): Illuminate/Foundation/Http/Kernel->handle()
#58 D:/laragon-new/laragon/www/hotel-beach-way/vendor/laravel/framework/src/Illuminate/Foundation/resources/server.php(16): require_once('...')
#59 {main}
"} 
[2026-06-10 16:00:52] local.ERROR: Class "Tightenco\Ziggy\Ziggy" not found {"userId":1,"exception":"[object] (Error(code: 0): Class \"Tightenco\\Ziggy\\Ziggy\" not found at D:/laragon-new/laragon/www/hotel-beach-way/app/Http/Middleware/HandleInertiaRequests.php:38)
[stacktrace]
#0 D:/laragon-new/laragon/www/hotel-beach-way/vendor/laravel/framework/src/Illuminate/Container/BoundMethod.php(36): App/Http/Middleware/HandleInertiaRequests->App/Http/Middleware/{closure}()
#1 D:/laragon-new/laragon/www/hotel-beach-way/vendor/laravel/framework/src/Illuminate/Container/Util.php(41): Illuminate/Container/BoundMethod::Illuminate/Container/{closure}()
#2 D:/laragon-new/laragon/www/hotel-beach-way/vendor/laravel/framework/src/Illuminate/Container/BoundMethod.php(81): Illuminate/Container/Util::unwrapIfClosure()
#3 D:/laragon-new/laragon/www/hotel-beach-way/vendor/laravel/framework/src/Illuminate/Container/BoundMethod.php(37): Illuminate/Container/BoundMethod::callBoundMethod()
#4 D:/laragon-new/laragon/www/hotel-beach-way/vendor/laravel/framework/src/Illuminate/Container/Container.php(662): Illuminate/Container/BoundMethod::call()
#5 D:/laragon-new/laragon/www/hotel-beach-way/vendor/laravel/framework/src/Illuminate/Support/Facades/Facade.php(355): Illuminate/Container/Container->call()
#6 D:/laragon-new/laragon/www/hotel-beach-way/vendor/inertiajs/inertia-laravel/src/Response.php(120): Illuminate/Support/Facades/Facade::__callStatic()
#7 D:/laragon-new/laragon/www/hotel-beach-way/vendor/inertiajs/inertia-laravel/src/Response.php(97): Inertia/Response->resolvePropertyInstances()
#8 D:/laragon-new/laragon/www/hotel-beach-way/vendor/laravel/framework/src/Illuminate/Routing/Router.php(900): Inertia/Response->toResponse()
#9 D:/laragon-new/laragon/www/hotel-beach-way/vendor/laravel/framework/src/Illuminate/Routing/Router.php(885): Illuminate/Routing/Router::toResponse()
#10 D:/laragon-new/laragon/www/hotel-beach-way/vendor/laravel/framework/src/Illuminate/Routing/Router.php(806): Illuminate/Routing/Router->prepareResponse()
#11 D:/laragon-new/laragon/www/hotel-beach-way/vendor/laravel/framework/src/Illuminate/Pipeline/Pipeline.php(144): Illuminate/Routing/Router->Illuminate/Routing/{closure}()
#12 D:/laragon-new/laragon/www/hotel-beach-way/vendor/laravel/framework/src/Illuminate/Auth/Middleware/EnsureEmailIsVerified.php(41): Illuminate/Pipeline/Pipeline->Illuminate/Pipeline/{closure}()
#13 D:/laragon-new/laragon/www/hotel-beach-way/vendor/laravel/framework/src/Illuminate/Pipeline/Pipeline.php(183): Illuminate/Auth/Middleware/EnsureEmailIsVerified->handle()
#14 D:/laragon-new/laragon/www/hotel-beach-way/vendor/laravel/framework/src/Illuminate/Http/Middleware/AddLinkHeadersForPreloadedAssets.php(20): Illuminate/Pipeline/Pipeline->Illuminate/Pipeline/{closure}()
#15 D:/laragon-new/laragon/www/hotel-beach-way/vendor/laravel/framework/src/Illuminate/Pipeline/Pipeline.php(183): Illuminate/Http/Middleware/AddLinkHeadersForPreloadedAssets->handle()
#16 D:/laragon-new/laragon/www/hotel-beach-way/vendor/inertiajs/inertia-laravel/src/Middleware.php(87): Illuminate/Pipeline/Pipeline->Illuminate/Pipeline/{closure}()
#17 D:/laragon-new/laragon/www/hotel-beach-way/vendor/laravel/framework/src/Illuminate/Pipeline/Pipeline.php(183): Inertia/Middleware->handle()
#18 D:/laragon-new/laragon/www/hotel-beach-way/vendor/laravel/framework/src/Illuminate/Routing/Middleware/SubstituteBindings.php(50): Illuminate/Pipeline/Pipeline->Illuminate/Pipeline/{closure}()
#19 D:/laragon-new/laragon/www/hotel-beach-way/vendor/laravel/framework/src/Illuminate/Pipeline/Pipeline.php(183): Illuminate/Routing/Middleware/SubstituteBindings->handle()
#20 D:/laragon-new/laragon/www/hotel-beach-way/vendor/laravel/framework/src/Illuminate/Auth/Middleware/Authenticate.php(57): Illuminate/Pipeline/Pipeline->Illuminate/Pipeline/{closure}()
#21 D:/laragon-new/laragon/www/hotel-beach-way/vendor/laravel/framework/src/Illuminate/Pipeline/Pipeline.php(183): Illuminate/Auth/Middleware/Authenticate->handle()
#22 D:/laragon-new/laragon/www/hotel-beach-way/vendor/laravel/framework/src/Illuminate/Foundation/Http/Middleware/VerifyCsrfToken.php(78): Illuminate/Pipeline/Pipeline->Illuminate/Pipeline/{closure}()
#23 D:/laragon-new/laragon/www/hotel-beach-way/vendor/laravel/framework/src/Illuminate/Pipeline/Pipeline.php(183): Illuminate/Foundation/Http/Middleware/VerifyCsrfToken->handle()
#24 D:/laragon-new/laragon/www/hotel-beach-way/vendor/laravel/framework/src/Illuminate/View/Middleware/ShareErrorsFromSession.php(49): Illuminate/Pipeline/Pipeline->Illuminate/Pipeline/{closure}()
#25 D:/laragon-new/laragon/www/hotel-beach-way/vendor/laravel/framework/src/Illuminate/Pipeline/Pipeline.php(183): Illuminate/View/Middleware/ShareErrorsFromSession->handle()
#26 D:/laragon-new/laragon/www/hotel-beach-way/vendor/laravel/framework/src/Illuminate/Session/Middleware/StartSession.php(121): Illuminate/Pipeline/Pipeline->Illuminate/Pipeline/{closure}()
#27 D:/laragon-new/laragon/www/hotel-beach-way/vendor/laravel/framework/src/Illuminate/Session/Middleware/StartSession.php(64): Illuminate/Session/Middleware/StartSession->handleStatefulRequest()
#28 D:/laragon-new/laragon/www/hotel-beach-way/vendor/laravel/framework/src/Illuminate/Pipeline/Pipeline.php(183): Illuminate/Session/Middleware/StartSession->handle()
#29 D:/laragon-new/laragon/www/hotel-beach-way/vendor/laravel/framework/src/Illuminate/Cookie/Middleware/AddQueuedCookiesToResponse.php(37): Illuminate/Pipeline/Pipeline->Illuminate/Pipeline/{closure}()
#30 D:/laragon-new/laragon/www/hotel-beach-way/vendor/laravel/framework/src/Illuminate/Pipeline/Pipeline.php(183): Illuminate/Cookie/Middleware/AddQueuedCookiesToResponse->handle()
#31 D:/laragon-new/laragon/www/hotel-beach-way/vendor/laravel/framework/src/Illuminate/Cookie/Middleware/EncryptCookies.php(67): Illuminate/Pipeline/Pipeline->Illuminate/Pipeline/{closure}()
#32 D:/laragon-new/laragon/www/hotel-beach-way/vendor/laravel/framework/src/Illuminate/Pipeline/Pipeline.php(183): Illuminate/Cookie/Middleware/EncryptCookies->handle()
#33 D:/laragon-new/laragon/www/hotel-beach-way/vendor/laravel/framework/src/Illuminate/Pipeline/Pipeline.php(119): Illuminate/Pipeline/Pipeline->Illuminate/Pipeline/{closure}()
#34 D:/laragon-new/laragon/www/hotel-beach-way/vendor/laravel/framework/src/Illuminate/Routing/Router.php(807): Illuminate/Pipeline/Pipeline->then()
#35 D:/laragon-new/laragon/www/hotel-beach-way/vendor/laravel/framework/src/Illuminate/Routing/Router.php(784): Illuminate/Routing/Router->runRouteWithinStack()
#36 D:/laragon-new/laragon/www/hotel-beach-way/vendor/laravel/framework/src/Illuminate/Routing/Router.php(748): Illuminate/Routing/Router->runRoute()
#37 D:/laragon-new/laragon/www/hotel-beach-way/vendor/laravel/framework/src/Illuminate/Routing/Router.php(737): Illuminate/Routing/Router->dispatchToRoute()
#38 D:/laragon-new/laragon/www/hotel-beach-way/vendor/laravel/framework/src/Illuminate/Foundation/Http/Kernel.php(200): Illuminate/Routing/Router->dispatch()
#39 D:/laragon-new/laragon/www/hotel-beach-way/vendor/laravel/framework/src/Illuminate/Pipeline/Pipeline.php(144): Illuminate/Foundation/Http/Kernel->Illuminate/Foundation/Http/{closure}()
#40 D:/laragon-new/laragon/www/hotel-beach-way/vendor/laravel/framework/src/Illuminate/Foundation/Http/Middleware/TransformsRequest.php(21): Illuminate/Pipeline/Pipeline->Illuminate/Pipeline/{closure}()
#41 D:/laragon-new/laragon/www/hotel-beach-way/vendor/laravel/framework/src/Illuminate/Foundation/Http/Middleware/ConvertEmptyStringsToNull.php(31): Illuminate/Foundation/Http/Middleware/TransformsRequest->handle()
#42 D:/laragon-new/laragon/www/hotel-beach-way/vendor/laravel/framework/src/Illuminate/Pipeline/Pipeline.php(183): Illuminate/Foundation/Http/Middleware/ConvertEmptyStringsToNull->handle()
#43 D:/laragon-new/laragon/www/hotel-beach-way/vendor/laravel/framework/src/Illuminate/Foundation/Http/Middleware/TransformsRequest.php(21): Illuminate/Pipeline/Pipeline->Illuminate/Pipeline/{closure}()
#44 D:/laragon-new/laragon/www/hotel-beach-way/vendor/laravel/framework/src/Illuminate/Foundation/Http/Middleware/TrimStrings.php(40): Illuminate/Foundation/Http/Middleware/TransformsRequest->handle()
#45 D:/laragon-new/laragon/www/hotel-beach-way/vendor/laravel/framework/src/Illuminate/Pipeline/Pipeline.php(183): Illuminate/Foundation/Http/Middleware/TrimStrings->handle()
#46 D:/laragon-new/laragon/www/hotel-beach-way/vendor/laravel/framework/src/Illuminate/Foundation/Http/Middleware/ValidatePostSize.php(27): Illuminate/Pipeline/Pipeline->Illuminate/Pipeline/{closure}()
#47 D:/laragon-new/laragon/www/hotel-beach-way/vendor/laravel/framework/src/Illuminate/Pipeline/Pipeline.php(183): Illuminate/Foundation/Http/Middleware/ValidatePostSize->handle()
#48 D:/laragon-new/laragon/www/hotel-beach-way/vendor/laravel/framework/src/Illuminate/Foundation/Http/Middleware/PreventRequestsDuringMaintenance.php(99): Illuminate/Pipeline/Pipeline->Illuminate/Pipeline/{closure}()
#49 D:/laragon-new/laragon/www/hotel-beach-way/vendor/laravel/framework/src/Illuminate/Pipeline/Pipeline.php(183): Illuminate/Foundation/Http/Middleware/PreventRequestsDuringMaintenance->handle()
#50 D:/laragon-new/laragon/www/hotel-beach-way/vendor/laravel/framework/src/Illuminate/Http/Middleware/HandleCors.php(49): Illuminate/Pipeline/Pipeline->Illuminate/Pipeline/{closure}()
#51 D:/laragon-new/laragon/www/hotel-beach-way/vendor/laravel/framework/src/Illuminate/Pipeline/Pipeline.php(183): Illuminate/Http/Middleware/HandleCors->handle()
#52 D:/laragon-new/laragon/www/hotel-beach-way/vendor/laravel/framework/src/Illuminate/Http/Middleware/TrustProxies.php(39): Illuminate/Pipeline/Pipeline->Illuminate/Pipeline/{closure}()
#53 D:/laragon-new/laragon/www/hotel-beach-way/vendor/laravel/framework/src/Illuminate/Pipeline/Pipeline.php(183): Illuminate/Http/Middleware/TrustProxies->handle()
#54 D:/laragon-new/laragon/www/hotel-beach-way/vendor/laravel/framework/src/Illuminate/Pipeline/Pipeline.php(119): Illuminate/Pipeline/Pipeline->Illuminate/Pipeline/{closure}()
#55 D:/laragon-new/laragon/www/hotel-beach-way/vendor/laravel/framework/src/Illuminate/Foundation/Http/Kernel.php(175): Illuminate/Pipeline/Pipeline->then()
#56 D:/laragon-new/laragon/www/hotel-beach-way/vendor/laravel/framework/src/Illuminate/Foundation/Http/Kernel.php(144): Illuminate/Foundation/Http/Kernel->sendRequestThroughRouter()
#57 D:/laragon-new/laragon/www/hotel-beach-way/public/index.php(52): Illuminate/Foundation/Http/Kernel->handle()
#58 D:/laragon-new/laragon/www/hotel-beach-way/vendor/laravel/framework/src/Illuminate/Foundation/resources/server.php(16): require_once('...')
#59 {main}
"} 
[2026-06-12 05:08:36] local.ERROR: SQLSTATE[42S02]: Base table or view not found: 1146 Table 'hotel_beach_way.services' doesn't exist (Connection: mysql, SQL: select * from `services` order by `sort_order` asc, `id` asc) {"userId":1,"exception":"[object] (Illuminate\\Database\\QueryException(code: 42S02): SQLSTATE[42S02]: Base table or view not found: 1146 Table 'hotel_beach_way.services' doesn't exist (Connection: mysql, SQL: select * from `services` order by `sort_order` asc, `id` asc) at D:/laragon-new/laragon/www/hotel-beach-way/vendor/laravel/framework/src/Illuminate/Database/Connection.php:829)
[stacktrace]
#0 D:/laragon-new/laragon/www/hotel-beach-way/vendor/laravel/framework/src/Illuminate/Database/Connection.php(783): Illuminate/Database/Connection->runQueryCallback()
#1 D:/laragon-new/laragon/www/hotel-beach-way/vendor/laravel/framework/src/Illuminate/Database/Connection.php(431): Illuminate/Database/Connection->run()
#2 D:/laragon-new/laragon/www/hotel-beach-way/vendor/laravel/framework/src/Illuminate/Database/Query/Builder.php(2914): Illuminate/Database/Connection->select()
#3 D:/laragon-new/laragon/www/hotel-beach-way/vendor/laravel/framework/src/Illuminate/Database/Query/Builder.php(2902): Illuminate/Database/Query/Builder->runSelect()
#4 D:/laragon-new/laragon/www/hotel-beach-way/vendor/laravel/framework/src/Illuminate/Database/Query/Builder.php(3456): Illuminate/Database/Query/Builder->Illuminate/Database/Query/{closure}()
#5 D:/laragon-new/laragon/www/hotel-beach-way/vendor/laravel/framework/src/Illuminate/Database/Query/Builder.php(2903): Illuminate/Database/Query/Builder->onceWithColumns()
#6 D:/laragon-new/laragon/www/hotel-beach-way/vendor/laravel/framework/src/Illuminate/Database/Eloquent/Builder.php(739): Illuminate/Database/Query/Builder->get()
#7 D:/laragon-new/laragon/www/hotel-beach-way/vendor/laravel/framework/src/Illuminate/Database/Eloquent/Builder.php(723): Illuminate/Database/Eloquent/Builder->getModels()
#8 D:/laragon-new/laragon/www/hotel-beach-way/app/Http/Controllers/Admin/ServiceController.php(18): Illuminate/Database/Eloquent/Builder->get()
#9 D:/laragon-new/laragon/www/hotel-beach-way/vendor/laravel/framework/src/Illuminate/Routing/Controller.php(54): App/Http/Controllers/Admin/ServiceController->index()
#10 D:/laragon-new/laragon/www/hotel-beach-way/vendor/laravel/framework/src/Illuminate/Routing/ControllerDispatcher.php(43): Illuminate/Routing/Controller->callAction()
#11 D:/laragon-new/laragon/www/hotel-beach-way/vendor/laravel/framework/src/Illuminate/Routing/Route.php(260): Illuminate/Routing/ControllerDispatcher->dispatch()
#12 D:/laragon-new/laragon/www/hotel-beach-way/vendor/laravel/framework/src/Illuminate/Routing/Route.php(205): Illuminate/Routing/Route->runController()
#13 D:/laragon-new/laragon/www/hotel-beach-way/vendor/laravel/framework/src/Illuminate/Routing/Router.php(806): Illuminate/Routing/Route->run()
#14 D:/laragon-new/laragon/www/hotel-beach-way/vendor/laravel/framework/src/Illuminate/Pipeline/Pipeline.php(144): Illuminate/Routing/Router->Illuminate/Routing/{closure}()
#15 D:/laragon-new/laragon/www/hotel-beach-way/vendor/laravel/framework/src/Illuminate/Auth/Middleware/EnsureEmailIsVerified.php(41): Illuminate/Pipeline/Pipeline->Illuminate/Pipeline/{closure}()
#16 D:/laragon-new/laragon/www/hotel-beach-way/vendor/laravel/framework/src/Illuminate/Pipeline/Pipeline.php(183): Illuminate/Auth/Middleware/EnsureEmailIsVerified->handle()
#17 D:/laragon-new/laragon/www/hotel-beach-way/vendor/laravel/framework/src/Illuminate/Http/Middleware/AddLinkHeadersForPreloadedAssets.php(20): Illuminate/Pipeline/Pipeline->Illuminate/Pipeline/{closure}()
#18 D:/laragon-new/laragon/www/hotel-beach-way/vendor/laravel/framework/src/Illuminate/Pipeline/Pipeline.php(183): Illuminate/Http/Middleware/AddLinkHeadersForPreloadedAssets->handle()
#19 D:/laragon-new/laragon/www/hotel-beach-way/vendor/inertiajs/inertia-laravel/src/Middleware.php(87): Illuminate/Pipeline/Pipeline->Illuminate/Pipeline/{closure}()
#20 D:/laragon-new/laragon/www/hotel-beach-way/vendor/laravel/framework/src/Illuminate/Pipeline/Pipeline.php(183): Inertia/Middleware->handle()
#21 D:/laragon-new/laragon/www/hotel-beach-way/vendor/laravel/framework/src/Illuminate/Routing/Middleware/SubstituteBindings.php(50): Illuminate/Pipeline/Pipeline->Illuminate/Pipeline/{closure}()
#22 D:/laragon-new/laragon/www/hotel-beach-way/vendor/laravel/framework/src/Illuminate/Pipeline/Pipeline.php(183): Illuminate/Routing/Middleware/SubstituteBindings->handle()
#23 D:/laragon-new/laragon/www/hotel-beach-way/vendor/laravel/framework/src/Illuminate/Auth/Middleware/Authenticate.php(57): Illuminate/Pipeline/Pipeline->Illuminate/Pipeline/{closure}()
#24 D:/laragon-new/laragon/www/hotel-beach-way/vendor/laravel/framework/src/Illuminate/Pipeline/Pipeline.php(183): Illuminate/Auth/Middleware/Authenticate->handle()
#25 D:/laragon-new/laragon/www/hotel-beach-way/vendor/laravel/framework/src/Illuminate/Foundation/Http/Middleware/VerifyCsrfToken.php(78): Illuminate/Pipeline/Pipeline->Illuminate/Pipeline/{closure}()
#26 D:/laragon-new/laragon/www/hotel-beach-way/vendor/laravel/framework/src/Illuminate/Pipeline/Pipeline.php(183): Illuminate/Foundation/Http/Middleware/VerifyCsrfToken->handle()
#27 D:/laragon-new/laragon/www/hotel-beach-way/vendor/laravel/framework/src/Illuminate/View/Middleware/ShareErrorsFromSession.php(49): Illuminate/Pipeline/Pipeline->Illuminate/Pipeline/{closure}()
#28 D:/laragon-new/laragon/www/hotel-beach-way/vendor/laravel/framework/src/Illuminate/Pipeline/Pipeline.php(183): Illuminate/View/Middleware/ShareErrorsFromSession->handle()
#29 D:/laragon-new/laragon/www/hotel-beach-way/vendor/laravel/framework/src/Illuminate/Session/Middleware/StartSession.php(121): Illuminate/Pipeline/Pipeline->Illuminate/Pipeline/{closure}()
#30 D:/laragon-new/laragon/www/hotel-beach-way/vendor/laravel/framework/src/Illuminate/Session/Middleware/StartSession.php(64): Illuminate/Session/Middleware/StartSession->handleStatefulRequest()
#31 D:/laragon-new/laragon/www/hotel-beach-way/vendor/laravel/framework/src/Illuminate/Pipeline/Pipeline.php(183): Illuminate/Session/Middleware/StartSession->handle()
#32 D:/laragon-new/laragon/www/hotel-beach-way/vendor/laravel/framework/src/Illuminate/Cookie/Middleware/AddQueuedCookiesToResponse.php(37): Illuminate/Pipeline/Pipeline->Illuminate/Pipeline/{closure}()
#33 D:/laragon-new/laragon/www/hotel-beach-way/vendor/laravel/framework/src/Illuminate/Pipeline/Pipeline.php(183): Illuminate/Cookie/Middleware/AddQueuedCookiesToResponse->handle()
#34 D:/laragon-new/laragon/www/hotel-beach-way/vendor/laravel/framework/src/Illuminate/Cookie/Middleware/EncryptCookies.php(67): Illuminate/Pipeline/Pipeline->Illuminate/Pipeline/{closure}()
#35 D:/laragon-new/laragon/www/hotel-beach-way/vendor/laravel/framework/src/Illuminate/Pipeline/Pipeline.php(183): Illuminate/Cookie/Middleware/EncryptCookies->handle()
#36 D:/laragon-new/laragon/www/hotel-beach-way/vendor/laravel/framework/src/Illuminate/Pipeline/Pipeline.php(119): Illuminate/Pipeline/Pipeline->Illuminate/Pipeline/{closure}()
#37 D:/laragon-new/laragon/www/hotel-beach-way/vendor/laravel/framework/src/Illuminate/Routing/Router.php(807): Illuminate/Pipeline/Pipeline->then()
#38 D:/laragon-new/laragon/www/hotel-beach-way/vendor/laravel/framework/src/Illuminate/Routing/Router.php(784): Illuminate/Routing/Router->runRouteWithinStack()
#39 D:/laragon-new/laragon/www/hotel-beach-way/vendor/laravel/framework/src/Illuminate/Routing/Router.php(748): Illuminate/Routing/Router->runRoute()
#40 D:/laragon-new/laragon/www/hotel-beach-way/vendor/laravel/framework/src/Illuminate/Routing/Router.php(737): Illuminate/Routing/Router->dispatchToRoute()
#41 D:/laragon-new/laragon/www/hotel-beach-way/vendor/laravel/framework/src/Illuminate/Foundation/Http/Kernel.php(200): Illuminate/Routing/Router->dispatch()
#42 D:/laragon-new/laragon/www/hotel-beach-way/vendor/laravel/framework/src/Illuminate/Pipeline/Pipeline.php(144): Illuminate/Foundation/Http/Kernel->Illuminate/Foundation/Http/{closure}()
#43 D:/laragon-new/laragon/www/hotel-beach-way/vendor/laravel/framework/src/Illuminate/Foundation/Http/Middleware/TransformsRequest.php(21): Illuminate/Pipeline/Pipeline->Illuminate/Pipeline/{closure}()
#44 D:/laragon-new/laragon/www/hotel-beach-way/vendor/laravel/framework/src/Illuminate/Foundation/Http/Middleware/ConvertEmptyStringsToNull.php(31): Illuminate/Foundation/Http/Middleware/TransformsRequest->handle()
#45 D:/laragon-new/laragon/www/hotel-beach-way/vendor/laravel/framework/src/Illuminate/Pipeline/Pipeline.php(183): Illuminate/Foundation/Http/Middleware/ConvertEmptyStringsToNull->handle()
#46 D:/laragon-new/laragon/www/hotel-beach-way/vendor/laravel/framework/src/Illuminate/Foundation/Http/Middleware/TransformsRequest.php(21): Illuminate/Pipeline/Pipeline->Illuminate/Pipeline/{closure}()
#47 D:/laragon-new/laragon/www/hotel-beach-way/vendor/laravel/framework/src/Illuminate/Foundation/Http/Middleware/TrimStrings.php(40): Illuminate/Foundation/Http/Middleware/TransformsRequest->handle()
#48 D:/laragon-new/laragon/www/hotel-beach-way/vendor/laravel/framework/src/Illuminate/Pipeline/Pipeline.php(183): Illuminate/Foundation/Http/Middleware/TrimStrings->handle()
#49 D:/laragon-new/laragon/www/hotel-beach-way/vendor/laravel/framework/src/Illuminate/Foundation/Http/Middleware/ValidatePostSize.php(27): Illuminate/Pipeline/Pipeline->Illuminate/Pipeline/{closure}()
#50 D:/laragon-new/laragon/www/hotel-beach-way/vendor/laravel/framework/src/Illuminate/Pipeline/Pipeline.php(183): Illuminate/Foundation/Http/Middleware/ValidatePostSize->handle()
#51 D:/laragon-new/laragon/www/hotel-beach-way/vendor/laravel/framework/src/Illuminate/Foundation/Http/Middleware/PreventRequestsDuringMaintenance.php(99): Illuminate/Pipeline/Pipeline->Illuminate/Pipeline/{closure}()
#52 D:/laragon-new/laragon/www/hotel-beach-way/vendor/laravel/framework/src/Illuminate/Pipeline/Pipeline.php(183): Illuminate/Foundation/Http/Middleware/PreventRequestsDuringMaintenance->handle()
#53 D:/laragon-new/laragon/www/hotel-beach-way/vendor/laravel/framework/src/Illuminate/Http/Middleware/HandleCors.php(49): Illuminate/Pipeline/Pipeline->Illuminate/Pipeline/{closure}()
#54 D:/laragon-new/laragon/www/hotel-beach-way/vendor/laravel/framework/src/Illuminate/Pipeline/Pipeline.php(183): Illuminate/Http/Middleware/HandleCors->handle()
#55 D:/laragon-new/laragon/www/hotel-beach-way/vendor/laravel/framework/src/Illuminate/Http/Middleware/TrustProxies.php(39): Illuminate/Pipeline/Pipeline->Illuminate/Pipeline/{closure}()
#56 D:/laragon-new/laragon/www/hotel-beach-way/vendor/laravel/framework/src/Illuminate/Pipeline/Pipeline.php(183): Illuminate/Http/Middleware/TrustProxies->handle()
#57 D:/laragon-new/laragon/www/hotel-beach-way/vendor/laravel/framework/src/Illuminate/Pipeline/Pipeline.php(119): Illuminate/Pipeline/Pipeline->Illuminate/Pipeline/{closure}()
#58 D:/laragon-new/laragon/www/hotel-beach-way/vendor/laravel/framework/src/Illuminate/Foundation/Http/Kernel.php(175): Illuminate/Pipeline/Pipeline->then()
#59 D:/laragon-new/laragon/www/hotel-beach-way/vendor/laravel/framework/src/Illuminate/Foundation/Http/Kernel.php(144): Illuminate/Foundation/Http/Kernel->sendRequestThroughRouter()
#60 D:/laragon-new/laragon/www/hotel-beach-way/public/index.php(52): Illuminate/Foundation/Http/Kernel->handle()
#61 D:/laragon-new/laragon/www/hotel-beach-way/vendor/laravel/framework/src/Illuminate/Foundation/resources/server.php(16): require_once('...')
#62 {main}

[previous exception] [object] (PDOException(code: 42S02): SQLSTATE[42S02]: Base table or view not found: 1146 Table 'hotel_beach_way.services' doesn't exist at D:/laragon-new/laragon/www/hotel-beach-way/vendor/laravel/framework/src/Illuminate/Database/Connection.php:423)
[stacktrace]
#0 D:/laragon-new/laragon/www/hotel-beach-way/vendor/laravel/framework/src/Illuminate/Database/Connection.php(423): PDO->prepare()
#1 D:/laragon-new/laragon/www/hotel-beach-way/vendor/laravel/framework/src/Illuminate/Database/Connection.php(816): Illuminate/Database/Connection->Illuminate/Database/{closure}()
#2 D:/laragon-new/laragon/www/hotel-beach-way/vendor/laravel/framework/src/Illuminate/Database/Connection.php(783): Illuminate/Database/Connection->runQueryCallback()
#3 D:/laragon-new/laragon/www/hotel-beach-way/vendor/laravel/framework/src/Illuminate/Database/Connection.php(431): Illuminate/Database/Connection->run()
#4 D:/laragon-new/laragon/www/hotel-beach-way/vendor/laravel/framework/src/Illuminate/Database/Query/Builder.php(2914): Illuminate/Database/Connection->select()
#5 D:/laragon-new/laragon/www/hotel-beach-way/vendor/laravel/framework/src/Illuminate/Database/Query/Builder.php(2902): Illuminate/Database/Query/Builder->runSelect()
#6 D:/laragon-new/laragon/www/hotel-beach-way/vendor/laravel/framework/src/Illuminate/Database/Query/Builder.php(3456): Illuminate/Database/Query/Builder->Illuminate/Database/Query/{closure}()
#7 D:/laragon-new/laragon/www/hotel-beach-way/vendor/laravel/framework/src/Illuminate/Database/Query/Builder.php(2903): Illuminate/Database/Query/Builder->onceWithColumns()
#8 D:/laragon-new/laragon/www/hotel-beach-way/vendor/laravel/framework/src/Illuminate/Database/Eloquent/Builder.php(739): Illuminate/Database/Query/Builder->get()
#9 D:/laragon-new/laragon/www/hotel-beach-way/vendor/laravel/framework/src/Illuminate/Database/Eloquent/Builder.php(723): Illuminate/Database/Eloquent/Builder->getModels()
#10 D:/laragon-new/laragon/www/hotel-beach-way/app/Http/Controllers/Admin/ServiceController.php(18): Illuminate/Database/Eloquent/Builder->get()
#11 D:/laragon-new/laragon/www/hotel-beach-way/vendor/laravel/framework/src/Illuminate/Routing/Controller.php(54): App/Http/Controllers/Admin/ServiceController->index()
#12 D:/laragon-new/laragon/www/hotel-beach-way/vendor/laravel/framework/src/Illuminate/Routing/ControllerDispatcher.php(43): Illuminate/Routing/Controller->callAction()
#13 D:/laragon-new/laragon/www/hotel-beach-way/vendor/laravel/framework/src/Illuminate/Routing/Route.php(260): Illuminate/Routing/ControllerDispatcher->dispatch()
#14 D:/laragon-new/laragon/www/hotel-beach-way/vendor/laravel/framework/src/Illuminate/Routing/Route.php(205): Illuminate/Routing/Route->runController()
#15 D:/laragon-new/laragon/www/hotel-beach-way/vendor/laravel/framework/src/Illuminate/Routing/Router.php(806): Illuminate/Routing/Route->run()
#16 D:/laragon-new/laragon/www/hotel-beach-way/vendor/laravel/framework/src/Illuminate/Pipeline/Pipeline.php(144): Illuminate/Routing/Router->Illuminate/Routing/{closure}()
#17 D:/laragon-new/laragon/www/hotel-beach-way/vendor/laravel/framework/src/Illuminate/Auth/Middleware/EnsureEmailIsVerified.php(41): Illuminate/Pipeline/Pipeline->Illuminate/Pipeline/{closure}()
#18 D:/laragon-new/laragon/www/hotel-beach-way/vendor/laravel/framework/src/Illuminate/Pipeline/Pipeline.php(183): Illuminate/Auth/Middleware/EnsureEmailIsVerified->handle()
#19 D:/laragon-new/laragon/www/hotel-beach-way/vendor/laravel/framework/src/Illuminate/Http/Middleware/AddLinkHeadersForPreloadedAssets.php(20): Illuminate/Pipeline/Pipeline->Illuminate/Pipeline/{closure}()
#20 D:/laragon-new/laragon/www/hotel-beach-way/vendor/laravel/framework/src/Illuminate/Pipeline/Pipeline.php(183): Illuminate/Http/Middleware/AddLinkHeadersForPreloadedAssets->handle()
#21 D:/laragon-new/laragon/www/hotel-beach-way/vendor/inertiajs/inertia-laravel/src/Middleware.php(87): Illuminate/Pipeline/Pipeline->Illuminate/Pipeline/{closure}()
#22 D:/laragon-new/laragon/www/hotel-beach-way/vendor/laravel/framework/src/Illuminate/Pipeline/Pipeline.php(183): Inertia/Middleware->handle()
#23 D:/laragon-new/laragon/www/hotel-beach-way/vendor/laravel/framework/src/Illuminate/Routing/Middleware/SubstituteBindings.php(50): Illuminate/Pipeline/Pipeline->Illuminate/Pipeline/{closure}()
#24 D:/laragon-new/laragon/www/hotel-beach-way/vendor/laravel/framework/src/Illuminate/Pipeline/Pipeline.php(183): Illuminate/Routing/Middleware/SubstituteBindings->handle()
#25 D:/laragon-new/laragon/www/hotel-beach-way/vendor/laravel/framework/src/Illuminate/Auth/Middleware/Authenticate.php(57): Illuminate/Pipeline/Pipeline->Illuminate/Pipeline/{closure}()
#26 D:/laragon-new/laragon/www/hotel-beach-way/vendor/laravel/framework/src/Illuminate/Pipeline/Pipeline.php(183): Illuminate/Auth/Middleware/Authenticate->handle()
#27 D:/laragon-new/laragon/www/hotel-beach-way/vendor/laravel/framework/src/Illuminate/Foundation/Http/Middleware/VerifyCsrfToken.php(78): Illuminate/Pipeline/Pipeline->Illuminate/Pipeline/{closure}()
#28 D:/laragon-new/laragon/www/hotel-beach-way/vendor/laravel/framework/src/Illuminate/Pipeline/Pipeline.php(183): Illuminate/Foundation/Http/Middleware/VerifyCsrfToken->handle()
#29 D:/laragon-new/laragon/www/hotel-beach-way/vendor/laravel/framework/src/Illuminate/View/Middleware/ShareErrorsFromSession.php(49): Illuminate/Pipeline/Pipeline->Illuminate/Pipeline/{closure}()
#30 D:/laragon-new/laragon/www/hotel-beach-way/vendor/laravel/framework/src/Illuminate/Pipeline/Pipeline.php(183): Illuminate/View/Middleware/ShareErrorsFromSession->handle()
#31 D:/laragon-new/laragon/www/hotel-beach-way/vendor/laravel/framework/src/Illuminate/Session/Middleware/StartSession.php(121): Illuminate/Pipeline/Pipeline->Illuminate/Pipeline/{closure}()
#32 D:/laragon-new/laragon/www/hotel-beach-way/vendor/laravel/framework/src/Illuminate/Session/Middleware/StartSession.php(64): Illuminate/Session/Middleware/StartSession->handleStatefulRequest()
#33 D:/laragon-new/laragon/www/hotel-beach-way/vendor/laravel/framework/src/Illuminate/Pipeline/Pipeline.php(183): Illuminate/Session/Middleware/StartSession->handle()
#34 D:/laragon-new/laragon/www/hotel-beach-way/vendor/laravel/framework/src/Illuminate/Cookie/Middleware/AddQueuedCookiesToResponse.php(37): Illuminate/Pipeline/Pipeline->Illuminate/Pipeline/{closure}()
#35 D:/laragon-new/laragon/www/hotel-beach-way/vendor/laravel/framework/src/Illuminate/Pipeline/Pipeline.php(183): Illuminate/Cookie/Middleware/AddQueuedCookiesToResponse->handle()
#36 D:/laragon-new/laragon/www/hotel-beach-way/vendor/laravel/framework/src/Illuminate/Cookie/Middleware/EncryptCookies.php(67): Illuminate/Pipeline/Pipeline->Illuminate/Pipeline/{closure}()
#37 D:/laragon-new/laragon/www/hotel-beach-way/vendor/laravel/framework/src/Illuminate/Pipeline/Pipeline.php(183): Illuminate/Cookie/Middleware/EncryptCookies->handle()
#38 D:/laragon-new/laragon/www/hotel-beach-way/vendor/laravel/framework/src/Illuminate/Pipeline/Pipeline.php(119): Illuminate/Pipeline/Pipeline->Illuminate/Pipeline/{closure}()
#39 D:/laragon-new/laragon/www/hotel-beach-way/vendor/laravel/framework/src/Illuminate/Routing/Router.php(807): Illuminate/Pipeline/Pipeline->then()
#40 D:/laragon-new/laragon/www/hotel-beach-way/vendor/laravel/framework/src/Illuminate/Routing/Router.php(784): Illuminate/Routing/Router->runRouteWithinStack()
#41 D:/laragon-new/laragon/www/hotel-beach-way/vendor/laravel/framework/src/Illuminate/Routing/Router.php(748): Illuminate/Routing/Router->runRoute()
#42 D:/laragon-new/laragon/www/hotel-beach-way/vendor/laravel/framework/src/Illuminate/Routing/Router.php(737): Illuminate/Routing/Router->dispatchToRoute()
#43 D:/laragon-new/laragon/www/hotel-beach-way/vendor/laravel/framework/src/Illuminate/Foundation/Http/Kernel.php(200): Illuminate/Routing/Router->dispatch()
#44 D:/laragon-new/laragon/www/hotel-beach-way/vendor/laravel/framework/src/Illuminate/Pipeline/Pipeline.php(144): Illuminate/Foundation/Http/Kernel->Illuminate/Foundation/Http/{closure}()
#45 D:/laragon-new/laragon/www/hotel-beach-way/vendor/laravel/framework/src/Illuminate/Foundation/Http/Middleware/TransformsRequest.php(21): Illuminate/Pipeline/Pipeline->Illuminate/Pipeline/{closure}()
#46 D:/laragon-new/laragon/www/hotel-beach-way/vendor/laravel/framework/src/Illuminate/Foundation/Http/Middleware/ConvertEmptyStringsToNull.php(31): Illuminate/Foundation/Http/Middleware/TransformsRequest->handle()
#47 D:/laragon-new/laragon/www/hotel-beach-way/vendor/laravel/framework/src/Illuminate/Pipeline/Pipeline.php(183): Illuminate/Foundation/Http/Middleware/ConvertEmptyStringsToNull->handle()
#48 D:/laragon-new/laragon/www/hotel-beach-way/vendor/laravel/framework/src/Illuminate/Foundation/Http/Middleware/TransformsRequest.php(21): Illuminate/Pipeline/Pipeline->Illuminate/Pipeline/{closure}()
#49 D:/laragon-new/laragon/www/hotel-beach-way/vendor/laravel/framework/src/Illuminate/Foundation/Http/Middleware/TrimStrings.php(40): Illuminate/Foundation/Http/Middleware/TransformsRequest->handle()
#50 D:/laragon-new/laragon/www/hotel-beach-way/vendor/laravel/framework/src/Illuminate/Pipeline/Pipeline.php(183): Illuminate/Foundation/Http/Middleware/TrimStrings->handle()
#51 D:/laragon-new/laragon/www/hotel-beach-way/vendor/laravel/framework/src/Illuminate/Foundation/Http/Middleware/ValidatePostSize.php(27): Illuminate/Pipeline/Pipeline->Illuminate/Pipeline/{closure}()
#52 D:/laragon-new/laragon/www/hotel-beach-way/vendor/laravel/framework/src/Illuminate/Pipeline/Pipeline.php(183): Illuminate/Foundation/Http/Middleware/ValidatePostSize->handle()
#53 D:/laragon-new/laragon/www/hotel-beach-way/vendor/laravel/framework/src/Illuminate/Foundation/Http/Middleware/PreventRequestsDuringMaintenance.php(99): Illuminate/Pipeline/Pipeline->Illuminate/Pipeline/{closure}()
#54 D:/laragon-new/laragon/www/hotel-beach-way/vendor/laravel/framework/src/Illuminate/Pipeline/Pipeline.php(183): Illuminate/Foundation/Http/Middleware/PreventRequestsDuringMaintenance->handle()
#55 D:/laragon-new/laragon/www/hotel-beach-way/vendor/laravel/framework/src/Illuminate/Http/Middleware/HandleCors.php(49): Illuminate/Pipeline/Pipeline->Illuminate/Pipeline/{closure}()
#56 D:/laragon-new/laragon/www/hotel-beach-way/vendor/laravel/framework/src/Illuminate/Pipeline/Pipeline.php(183): Illuminate/Http/Middleware/HandleCors->handle()
#57 D:/laragon-new/laragon/www/hotel-beach-way/vendor/laravel/framework/src/Illuminate/Http/Middleware/TrustProxies.php(39): Illuminate/Pipeline/Pipeline->Illuminate/Pipeline/{closure}()
#58 D:/laragon-new/laragon/www/hotel-beach-way/vendor/laravel/framework/src/Illuminate/Pipeline/Pipeline.php(183): Illuminate/Http/Middleware/TrustProxies->handle()
#59 D:/laragon-new/laragon/www/hotel-beach-way/vendor/laravel/framework/src/Illuminate/Pipeline/Pipeline.php(119): Illuminate/Pipeline/Pipeline->Illuminate/Pipeline/{closure}()
#60 D:/laragon-new/laragon/www/hotel-beach-way/vendor/laravel/framework/src/Illuminate/Foundation/Http/Kernel.php(175): Illuminate/Pipeline/Pipeline->then()
#61 D:/laragon-new/laragon/www/hotel-beach-way/vendor/laravel/framework/src/Illuminate/Foundation/Http/Kernel.php(144): Illuminate/Foundation/Http/Kernel->sendRequestThroughRouter()
#62 D:/laragon-new/laragon/www/hotel-beach-way/public/index.php(52): Illuminate/Foundation/Http/Kernel->handle()
#63 D:/laragon-new/laragon/www/hotel-beach-way/vendor/laravel/framework/src/Illuminate/Foundation/resources/server.php(16): require_once('...')
#64 {main}
"} 
[2026-06-12 05:26:04] local.ERROR: SQLSTATE[42000]: Syntax error or access violation: 1064 You have an error in your SQL syntax; check the manual that corresponds to your MySQL server version for the right syntax to use near 'S', `title` varchar(255) null, `description` text null, `items` json not null, `' at line 1 (Connection: mysql, SQL: create table `faqs` (`id` bigint unsigned not null auto_increment primary key, `page` enum('home', 'about') not null default 'home', `badge` varchar(100) not null default 'FAQ'S', `title` varchar(255) null, `description` text null, `items` json not null, `sort_order` int not null default '0', `is_active` tinyint(1) not null default '1', `created_at` timestamp null, `updated_at` timestamp null) default character set utf8mb4 collate 'utf8mb4_unicode_ci') {"exception":"[object] (Illuminate\\Database\\QueryException(code: 42000): SQLSTATE[42000]: Syntax error or access violation: 1064 You have an error in your SQL syntax; check the manual that corresponds to your MySQL server version for the right syntax to use near 'S', `title` varchar(255) null, `description` text null, `items` json not null, `' at line 1 (Connection: mysql, SQL: create table `faqs` (`id` bigint unsigned not null auto_increment primary key, `page` enum('home', 'about') not null default 'home', `badge` varchar(100) not null default 'FAQ'S', `title` varchar(255) null, `description` text null, `items` json not null, `sort_order` int not null default '0', `is_active` tinyint(1) not null default '1', `created_at` timestamp null, `updated_at` timestamp null) default character set utf8mb4 collate 'utf8mb4_unicode_ci') at D:/laragon-new/laragon/www/hotel-beach-way/vendor/laravel/framework/src/Illuminate/Database/Connection.php:829)
[stacktrace]
#0 D:/laragon-new/laragon/www/hotel-beach-way/vendor/laravel/framework/src/Illuminate/Database/Connection.php(783): Illuminate/Database/Connection->runQueryCallback()
#1 D:/laragon-new/laragon/www/hotel-beach-way/vendor/laravel/framework/src/Illuminate/Database/Connection.php(588): Illuminate/Database/Connection->run()
#2 D:/laragon-new/laragon/www/hotel-beach-way/vendor/laravel/framework/src/Illuminate/Database/Schema/Blueprint.php(110): Illuminate/Database/Connection->statement()
#3 D:/laragon-new/laragon/www/hotel-beach-way/vendor/laravel/framework/src/Illuminate/Database/Schema/Builder.php(602): Illuminate/Database/Schema/Blueprint->build()
#4 D:/laragon-new/laragon/www/hotel-beach-way/vendor/laravel/framework/src/Illuminate/Database/Schema/Builder.php(460): Illuminate/Database/Schema/Builder->build()
#5 D:/laragon-new/laragon/www/hotel-beach-way/vendor/laravel/framework/src/Illuminate/Support/Facades/Facade.php(355): Illuminate/Database/Schema/Builder->create()
#6 D:/laragon-new/laragon/www/hotel-beach-way/database/migrations/2024_01_02_000003_create_faqs_table.php(21): Illuminate/Support/Facades/Facade::__callStatic()
#7 D:/laragon-new/laragon/www/hotel-beach-way/vendor/laravel/framework/src/Illuminate/Database/Migrations/Migrator.php(501): Illuminate/Database/Migrations/Migration@anonymous->up()
#8 D:/laragon-new/laragon/www/hotel-beach-way/vendor/laravel/framework/src/Illuminate/Database/Migrations/Migrator.php(418): Illuminate/Database/Migrations/Migrator->runMethod()
#9 D:/laragon-new/laragon/www/hotel-beach-way/vendor/laravel/framework/src/Illuminate/Database/Migrations/Migrator.php(427): Illuminate/Database/Migrations/Migrator->Illuminate/Database/Migrations/{closure}()
#10 D:/laragon-new/laragon/www/hotel-beach-way/vendor/laravel/framework/src/Illuminate/Database/Migrations/Migrator.php(224): Illuminate/Database/Migrations/Migrator->runMigration()
#11 D:/laragon-new/laragon/www/hotel-beach-way/vendor/laravel/framework/src/Illuminate/Console/View/Components/Task.php(37): Illuminate/Database/Migrations/Migrator->Illuminate/Database/Migrations/{closure}()
#12 D:/laragon-new/laragon/www/hotel-beach-way/vendor/laravel/framework/src/Illuminate/Database/Migrations/Migrator.php(783): Illuminate/Console/View/Components/Task->render()
#13 D:/laragon-new/laragon/www/hotel-beach-way/vendor/laravel/framework/src/Illuminate/Database/Migrations/Migrator.php(224): Illuminate/Database/Migrations/Migrator->write()
#14 D:/laragon-new/laragon/www/hotel-beach-way/vendor/laravel/framework/src/Illuminate/Database/Migrations/Migrator.php(189): Illuminate/Database/Migrations/Migrator->runUp()
#15 D:/laragon-new/laragon/www/hotel-beach-way/vendor/laravel/framework/src/Illuminate/Database/Migrations/Migrator.php(132): Illuminate/Database/Migrations/Migrator->runPending()
#16 D:/laragon-new/laragon/www/hotel-beach-way/vendor/laravel/framework/src/Illuminate/Database/Console/Migrations/MigrateCommand.php(92): Illuminate/Database/Migrations/Migrator->run()
#17 D:/laragon-new/laragon/www/hotel-beach-way/vendor/laravel/framework/src/Illuminate/Database/Migrations/Migrator.php(641): Illuminate/Database/Console/Migrations/MigrateCommand->Illuminate/Database/Console/Migrations/{closure}()
#18 D:/laragon-new/laragon/www/hotel-beach-way/vendor/laravel/framework/src/Illuminate/Database/Console/Migrations/MigrateCommand.php(104): Illuminate/Database/Migrations/Migrator->usingConnection()
#19 D:/laragon-new/laragon/www/hotel-beach-way/vendor/laravel/framework/src/Illuminate/Container/BoundMethod.php(36): Illuminate/Database/Console/Migrations/MigrateCommand->handle()
#20 D:/laragon-new/laragon/www/hotel-beach-way/vendor/laravel/framework/src/Illuminate/Container/Util.php(41): Illuminate/Container/BoundMethod::Illuminate/Container/{closure}()
#21 D:/laragon-new/laragon/www/hotel-beach-way/vendor/laravel/framework/src/Illuminate/Container/BoundMethod.php(93): Illuminate/Container/Util::unwrapIfClosure()
#22 D:/laragon-new/laragon/www/hotel-beach-way/vendor/laravel/framework/src/Illuminate/Container/BoundMethod.php(37): Illuminate/Container/BoundMethod::callBoundMethod()
#23 D:/laragon-new/laragon/www/hotel-beach-way/vendor/laravel/framework/src/Illuminate/Container/Container.php(662): Illuminate/Container/BoundMethod::call()
#24 D:/laragon-new/laragon/www/hotel-beach-way/vendor/laravel/framework/src/Illuminate/Console/Command.php(211): Illuminate/Container/Container->call()
#25 D:/laragon-new/laragon/www/hotel-beach-way/vendor/symfony/console/Command/Command.php(326): Illuminate/Console/Command->execute()
#26 D:/laragon-new/laragon/www/hotel-beach-way/vendor/laravel/framework/src/Illuminate/Console/Command.php(181): Symfony/Component/Console/Command/Command->run()
#27 D:/laragon-new/laragon/www/hotel-beach-way/vendor/symfony/console/Application.php(1121): Illuminate/Console/Command->run()
#28 D:/laragon-new/laragon/www/hotel-beach-way/vendor/symfony/console/Application.php(324): Symfony/Component/Console/Application->doRunCommand()
#29 D:/laragon-new/laragon/www/hotel-beach-way/vendor/symfony/console/Application.php(175): Symfony/Component/Console/Application->doRun()
#30 D:/laragon-new/laragon/www/hotel-beach-way/vendor/laravel/framework/src/Illuminate/Foundation/Console/Kernel.php(201): Symfony/Component/Console/Application->run()
#31 D:/laragon-new/laragon/www/hotel-beach-way/artisan(37): Illuminate/Foundation/Console/Kernel->handle()
#32 {main}

[previous exception] [object] (PDOException(code: 42000): SQLSTATE[42000]: Syntax error or access violation: 1064 You have an error in your SQL syntax; check the manual that corresponds to your MySQL server version for the right syntax to use near 'S', `title` varchar(255) null, `description` text null, `items` json not null, `' at line 1 at D:/laragon-new/laragon/www/hotel-beach-way/vendor/laravel/framework/src/Illuminate/Database/Connection.php:581)
[stacktrace]
#0 D:/laragon-new/laragon/www/hotel-beach-way/vendor/laravel/framework/src/Illuminate/Database/Connection.php(581): PDO->prepare()
#1 D:/laragon-new/laragon/www/hotel-beach-way/vendor/laravel/framework/src/Illuminate/Database/Connection.php(816): Illuminate/Database/Connection->Illuminate/Database/{closure}()
#2 D:/laragon-new/laragon/www/hotel-beach-way/vendor/laravel/framework/src/Illuminate/Database/Connection.php(783): Illuminate/Database/Connection->runQueryCallback()
#3 D:/laragon-new/laragon/www/hotel-beach-way/vendor/laravel/framework/src/Illuminate/Database/Connection.php(588): Illuminate/Database/Connection->run()
#4 D:/laragon-new/laragon/www/hotel-beach-way/vendor/laravel/framework/src/Illuminate/Database/Schema/Blueprint.php(110): Illuminate/Database/Connection->statement()
#5 D:/laragon-new/laragon/www/hotel-beach-way/vendor/laravel/framework/src/Illuminate/Database/Schema/Builder.php(602): Illuminate/Database/Schema/Blueprint->build()
#6 D:/laragon-new/laragon/www/hotel-beach-way/vendor/laravel/framework/src/Illuminate/Database/Schema/Builder.php(460): Illuminate/Database/Schema/Builder->build()
#7 D:/laragon-new/laragon/www/hotel-beach-way/vendor/laravel/framework/src/Illuminate/Support/Facades/Facade.php(355): Illuminate/Database/Schema/Builder->create()
#8 D:/laragon-new/laragon/www/hotel-beach-way/database/migrations/2024_01_02_000003_create_faqs_table.php(21): Illuminate/Support/Facades/Facade::__callStatic()
#9 D:/laragon-new/laragon/www/hotel-beach-way/vendor/laravel/framework/src/Illuminate/Database/Migrations/Migrator.php(501): Illuminate/Database/Migrations/Migration@anonymous->up()
#10 D:/laragon-new/laragon/www/hotel-beach-way/vendor/laravel/framework/src/Illuminate/Database/Migrations/Migrator.php(418): Illuminate/Database/Migrations/Migrator->runMethod()
#11 D:/laragon-new/laragon/www/hotel-beach-way/vendor/laravel/framework/src/Illuminate/Database/Migrations/Migrator.php(427): Illuminate/Database/Migrations/Migrator->Illuminate/Database/Migrations/{closure}()
#12 D:/laragon-new/laragon/www/hotel-beach-way/vendor/laravel/framework/src/Illuminate/Database/Migrations/Migrator.php(224): Illuminate/Database/Migrations/Migrator->runMigration()
#13 D:/laragon-new/laragon/www/hotel-beach-way/vendor/laravel/framework/src/Illuminate/Console/View/Components/Task.php(37): Illuminate/Database/Migrations/Migrator->Illuminate/Database/Migrations/{closure}()
#14 D:/laragon-new/laragon/www/hotel-beach-way/vendor/laravel/framework/src/Illuminate/Database/Migrations/Migrator.php(783): Illuminate/Console/View/Components/Task->render()
#15 D:/laragon-new/laragon/www/hotel-beach-way/vendor/laravel/framework/src/Illuminate/Database/Migrations/Migrator.php(224): Illuminate/Database/Migrations/Migrator->write()
#16 D:/laragon-new/laragon/www/hotel-beach-way/vendor/laravel/framework/src/Illuminate/Database/Migrations/Migrator.php(189): Illuminate/Database/Migrations/Migrator->runUp()
#17 D:/laragon-new/laragon/www/hotel-beach-way/vendor/laravel/framework/src/Illuminate/Database/Migrations/Migrator.php(132): Illuminate/Database/Migrations/Migrator->runPending()
#18 D:/laragon-new/laragon/www/hotel-beach-way/vendor/laravel/framework/src/Illuminate/Database/Console/Migrations/MigrateCommand.php(92): Illuminate/Database/Migrations/Migrator->run()
#19 D:/laragon-new/laragon/www/hotel-beach-way/vendor/laravel/framework/src/Illuminate/Database/Migrations/Migrator.php(641): Illuminate/Database/Console/Migrations/MigrateCommand->Illuminate/Database/Console/Migrations/{closure}()
#20 D:/laragon-new/laragon/www/hotel-beach-way/vendor/laravel/framework/src/Illuminate/Database/Console/Migrations/MigrateCommand.php(104): Illuminate/Database/Migrations/Migrator->usingConnection()
#21 D:/laragon-new/laragon/www/hotel-beach-way/vendor/laravel/framework/src/Illuminate/Container/BoundMethod.php(36): Illuminate/Database/Console/Migrations/MigrateCommand->handle()
#22 D:/laragon-new/laragon/www/hotel-beach-way/vendor/laravel/framework/src/Illuminate/Container/Util.php(41): Illuminate/Container/BoundMethod::Illuminate/Container/{closure}()
#23 D:/laragon-new/laragon/www/hotel-beach-way/vendor/laravel/framework/src/Illuminate/Container/BoundMethod.php(93): Illuminate/Container/Util::unwrapIfClosure()
#24 D:/laragon-new/laragon/www/hotel-beach-way/vendor/laravel/framework/src/Illuminate/Container/BoundMethod.php(37): Illuminate/Container/BoundMethod::callBoundMethod()
#25 D:/laragon-new/laragon/www/hotel-beach-way/vendor/laravel/framework/src/Illuminate/Container/Container.php(662): Illuminate/Container/BoundMethod::call()
#26 D:/laragon-new/laragon/www/hotel-beach-way/vendor/laravel/framework/src/Illuminate/Console/Command.php(211): Illuminate/Container/Container->call()
#27 D:/laragon-new/laragon/www/hotel-beach-way/vendor/symfony/console/Command/Command.php(326): Illuminate/Console/Command->execute()
#28 D:/laragon-new/laragon/www/hotel-beach-way/vendor/laravel/framework/src/Illuminate/Console/Command.php(181): Symfony/Component/Console/Command/Command->run()
#29 D:/laragon-new/laragon/www/hotel-beach-way/vendor/symfony/console/Application.php(1121): Illuminate/Console/Command->run()
#30 D:/laragon-new/laragon/www/hotel-beach-way/vendor/symfony/console/Application.php(324): Symfony/Component/Console/Application->doRunCommand()
#31 D:/laragon-new/laragon/www/hotel-beach-way/vendor/symfony/console/Application.php(175): Symfony/Component/Console/Application->doRun()
#32 D:/laragon-new/laragon/www/hotel-beach-way/vendor/laravel/framework/src/Illuminate/Foundation/Console/Kernel.php(201): Symfony/Component/Console/Application->run()
#33 D:/laragon-new/laragon/www/hotel-beach-way/artisan(37): Illuminate/Foundation/Console/Kernel->handle()
#34 {main}
"} 
[2026-06-12 14:09:17] local.ERROR: SQLSTATE[HY000] [2002] No connection could be made because the target machine actively refused it (Connection: mysql, SQL: select table_name as `name`, (data_length + index_length) as `size`, table_comment as `comment`, engine as `engine`, table_collation as `collation` from information_schema.tables where table_schema = 'hotel_beach_way' and table_type in ('BASE TABLE', 'SYSTEM VERSIONED') order by table_name) {"exception":"[object] (Illuminate\\Database\\QueryException(code: 2002): SQLSTATE[HY000] [2002] No connection could be made because the target machine actively refused it (Connection: mysql, SQL: select table_name as `name`, (data_length + index_length) as `size`, table_comment as `comment`, engine as `engine`, table_collation as `collation` from information_schema.tables where table_schema = 'hotel_beach_way' and table_type in ('BASE TABLE', 'SYSTEM VERSIONED') order by table_name) at D:/laragon-new/laragon/www/hotel-beach-way/vendor/laravel/framework/src/Illuminate/Database/Connection.php:829)
[stacktrace]
#0 D:/laragon-new/laragon/www/hotel-beach-way/vendor/laravel/framework/src/Illuminate/Database/Connection.php(983): Illuminate/Database/Connection->runQueryCallback()
#1 D:/laragon-new/laragon/www/hotel-beach-way/vendor/laravel/framework/src/Illuminate/Database/Connection.php(963): Illuminate/Database/Connection->tryAgainIfCausedByLostConnection()
#2 D:/laragon-new/laragon/www/hotel-beach-way/vendor/laravel/framework/src/Illuminate/Database/Connection.php(786): Illuminate/Database/Connection->handleQueryException()
#3 D:/laragon-new/laragon/www/hotel-beach-way/vendor/laravel/framework/src/Illuminate/Database/Connection.php(431): Illuminate/Database/Connection->run()
#4 D:/laragon-new/laragon/www/hotel-beach-way/vendor/laravel/framework/src/Illuminate/Database/Connection.php(401): Illuminate/Database/Connection->select()
#5 D:/laragon-new/laragon/www/hotel-beach-way/vendor/laravel/framework/src/Illuminate/Database/Schema/MySqlBuilder.php(42): Illuminate/Database/Connection->selectFromWriteConnection()
#6 D:/laragon-new/laragon/www/hotel-beach-way/vendor/laravel/framework/src/Illuminate/Database/Schema/Builder.php(165): Illuminate/Database/Schema/MySqlBuilder->getTables()
#7 D:/laragon-new/laragon/www/hotel-beach-way/vendor/laravel/framework/src/Illuminate/Database/Migrations/DatabaseMigrationRepository.php(184): Illuminate/Database/Schema/Builder->hasTable()
#8 D:/laragon-new/laragon/www/hotel-beach-way/vendor/laravel/framework/src/Illuminate/Database/Migrations/Migrator.php(727): Illuminate/Database/Migrations/DatabaseMigrationRepository->repositoryExists()
#9 D:/laragon-new/laragon/www/hotel-beach-way/vendor/laravel/framework/src/Illuminate/Database/Console/Migrations/MigrateCommand.php(140): Illuminate/Database/Migrations/Migrator->repositoryExists()
#10 D:/laragon-new/laragon/www/hotel-beach-way/vendor/laravel/framework/src/Illuminate/Support/helpers.php(261): Illuminate/Database/Console/Migrations/MigrateCommand->Illuminate/Database/Console/Migrations/{closure}()
#11 D:/laragon-new/laragon/www/hotel-beach-way/vendor/laravel/framework/src/Illuminate/Database/Console/Migrations/MigrateCommand.php(159): retry()
#12 D:/laragon-new/laragon/www/hotel-beach-way/vendor/laravel/framework/src/Illuminate/Database/Console/Migrations/MigrateCommand.php(116): Illuminate/Database/Console/Migrations/MigrateCommand->repositoryExists()
#13 D:/laragon-new/laragon/www/hotel-beach-way/vendor/laravel/framework/src/Illuminate/Database/Console/Migrations/MigrateCommand.php(84): Illuminate/Database/Console/Migrations/MigrateCommand->prepareDatabase()
#14 D:/laragon-new/laragon/www/hotel-beach-way/vendor/laravel/framework/src/Illuminate/Database/Migrations/Migrator.php(641): Illuminate/Database/Console/Migrations/MigrateCommand->Illuminate/Database/Console/Migrations/{closure}()
#15 D:/laragon-new/laragon/www/hotel-beach-way/vendor/laravel/framework/src/Illuminate/Database/Console/Migrations/MigrateCommand.php(104): Illuminate/Database/Migrations/Migrator->usingConnection()
#16 D:/laragon-new/laragon/www/hotel-beach-way/vendor/laravel/framework/src/Illuminate/Container/BoundMethod.php(36): Illuminate/Database/Console/Migrations/MigrateCommand->handle()
#17 D:/laragon-new/laragon/www/hotel-beach-way/vendor/laravel/framework/src/Illuminate/Container/Util.php(41): Illuminate/Container/BoundMethod::Illuminate/Container/{closure}()
#18 D:/laragon-new/laragon/www/hotel-beach-way/vendor/laravel/framework/src/Illuminate/Container/BoundMethod.php(93): Illuminate/Container/Util::unwrapIfClosure()
#19 D:/laragon-new/laragon/www/hotel-beach-way/vendor/laravel/framework/src/Illuminate/Container/BoundMethod.php(37): Illuminate/Container/BoundMethod::callBoundMethod()
#20 D:/laragon-new/laragon/www/hotel-beach-way/vendor/laravel/framework/src/Illuminate/Container/Container.php(662): Illuminate/Container/BoundMethod::call()
#21 D:/laragon-new/laragon/www/hotel-beach-way/vendor/laravel/framework/src/Illuminate/Console/Command.php(211): Illuminate/Container/Container->call()
#22 D:/laragon-new/laragon/www/hotel-beach-way/vendor/symfony/console/Command/Command.php(326): Illuminate/Console/Command->execute()
#23 D:/laragon-new/laragon/www/hotel-beach-way/vendor/laravel/framework/src/Illuminate/Console/Command.php(181): Symfony/Component/Console/Command/Command->run()
#24 D:/laragon-new/laragon/www/hotel-beach-way/vendor/symfony/console/Application.php(1121): Illuminate/Console/Command->run()
#25 D:/laragon-new/laragon/www/hotel-beach-way/vendor/symfony/console/Application.php(324): Symfony/Component/Console/Application->doRunCommand()
#26 D:/laragon-new/laragon/www/hotel-beach-way/vendor/symfony/console/Application.php(175): Symfony/Component/Console/Application->doRun()
#27 D:/laragon-new/laragon/www/hotel-beach-way/vendor/laravel/framework/src/Illuminate/Foundation/Console/Kernel.php(201): Symfony/Component/Console/Application->run()
#28 D:/laragon-new/laragon/www/hotel-beach-way/artisan(37): Illuminate/Foundation/Console/Kernel->handle()
#29 {main}

[previous exception] [object] (PDOException(code: 2002): SQLSTATE[HY000] [2002] No connection could be made because the target machine actively refused it at D:/laragon-new/laragon/www/hotel-beach-way/vendor/laravel/framework/src/Illuminate/Database/Connectors/Connector.php:65)
[stacktrace]
#0 D:/laragon-new/laragon/www/hotel-beach-way/vendor/laravel/framework/src/Illuminate/Database/Connectors/Connector.php(65): PDO->__construct()
#1 D:/laragon-new/laragon/www/hotel-beach-way/vendor/laravel/framework/src/Illuminate/Database/Connectors/Connector.php(83): Illuminate/Database/Connectors/Connector->createPdoConnection()
#2 D:/laragon-new/laragon/www/hotel-beach-way/vendor/laravel/framework/src/Illuminate/Database/Connectors/Connector.php(49): Illuminate/Database/Connectors/Connector->tryAgainIfCausedByLostConnection()
#3 D:/laragon-new/laragon/www/hotel-beach-way/vendor/laravel/framework/src/Illuminate/Database/Connectors/MySqlConnector.php(24): Illuminate/Database/Connectors/Connector->createConnection()
#4 D:/laragon-new/laragon/www/hotel-beach-way/vendor/laravel/framework/src/Illuminate/Database/Connectors/ConnectionFactory.php(184): Illuminate/Database/Connectors/MySqlConnector->connect()
#5 [internal function]: Illuminate/Database/Connectors/ConnectionFactory->Illuminate/Database/Connectors/{closure}()
#6 D:/laragon-new/laragon/www/hotel-beach-way/vendor/laravel/framework/src/Illuminate/Database/Connection.php(1339): call_user_func()
#7 D:/laragon-new/laragon/www/hotel-beach-way/vendor/laravel/framework/src/Illuminate/Database/Connection.php(528): Illuminate/Database/Connection->getPdo()
#8 D:/laragon-new/laragon/www/hotel-beach-way/vendor/laravel/framework/src/Illuminate/Database/Connection.php(423): Illuminate/Database/Connection->getPdoForSelect()
#9 D:/laragon-new/laragon/www/hotel-beach-way/vendor/laravel/framework/src/Illuminate/Database/Connection.php(816): Illuminate/Database/Connection->Illuminate/Database/{closure}()
#10 D:/laragon-new/laragon/www/hotel-beach-way/vendor/laravel/framework/src/Illuminate/Database/Connection.php(983): Illuminate/Database/Connection->runQueryCallback()
#11 D:/laragon-new/laragon/www/hotel-beach-way/vendor/laravel/framework/src/Illuminate/Database/Connection.php(963): Illuminate/Database/Connection->tryAgainIfCausedByLostConnection()
#12 D:/laragon-new/laragon/www/hotel-beach-way/vendor/laravel/framework/src/Illuminate/Database/Connection.php(786): Illuminate/Database/Connection->handleQueryException()
#13 D:/laragon-new/laragon/www/hotel-beach-way/vendor/laravel/framework/src/Illuminate/Database/Connection.php(431): Illuminate/Database/Connection->run()
#14 D:/laragon-new/laragon/www/hotel-beach-way/vendor/laravel/framework/src/Illuminate/Database/Connection.php(401): Illuminate/Database/Connection->select()
#15 D:/laragon-new/laragon/www/hotel-beach-way/vendor/laravel/framework/src/Illuminate/Database/Schema/MySqlBuilder.php(42): Illuminate/Database/Connection->selectFromWriteConnection()
#16 D:/laragon-new/laragon/www/hotel-beach-way/vendor/laravel/framework/src/Illuminate/Database/Schema/Builder.php(165): Illuminate/Database/Schema/MySqlBuilder->getTables()
#17 D:/laragon-new/laragon/www/hotel-beach-way/vendor/laravel/framework/src/Illuminate/Database/Migrations/DatabaseMigrationRepository.php(184): Illuminate/Database/Schema/Builder->hasTable()
#18 D:/laragon-new/laragon/www/hotel-beach-way/vendor/laravel/framework/src/Illuminate/Database/Migrations/Migrator.php(727): Illuminate/Database/Migrations/DatabaseMigrationRepository->repositoryExists()
#19 D:/laragon-new/laragon/www/hotel-beach-way/vendor/laravel/framework/src/Illuminate/Database/Console/Migrations/MigrateCommand.php(140): Illuminate/Database/Migrations/Migrator->repositoryExists()
#20 D:/laragon-new/laragon/www/hotel-beach-way/vendor/laravel/framework/src/Illuminate/Support/helpers.php(261): Illuminate/Database/Console/Migrations/MigrateCommand->Illuminate/Database/Console/Migrations/{closure}()
#21 D:/laragon-new/laragon/www/hotel-beach-way/vendor/laravel/framework/src/Illuminate/Database/Console/Migrations/MigrateCommand.php(159): retry()
#22 D:/laragon-new/laragon/www/hotel-beach-way/vendor/laravel/framework/src/Illuminate/Database/Console/Migrations/MigrateCommand.php(116): Illuminate/Database/Console/Migrations/MigrateCommand->repositoryExists()
#23 D:/laragon-new/laragon/www/hotel-beach-way/vendor/laravel/framework/src/Illuminate/Database/Console/Migrations/MigrateCommand.php(84): Illuminate/Database/Console/Migrations/MigrateCommand->prepareDatabase()
#24 D:/laragon-new/laragon/www/hotel-beach-way/vendor/laravel/framework/src/Illuminate/Database/Migrations/Migrator.php(641): Illuminate/Database/Console/Migrations/MigrateCommand->Illuminate/Database/Console/Migrations/{closure}()
#25 D:/laragon-new/laragon/www/hotel-beach-way/vendor/laravel/framework/src/Illuminate/Database/Console/Migrations/MigrateCommand.php(104): Illuminate/Database/Migrations/Migrator->usingConnection()
#26 D:/laragon-new/laragon/www/hotel-beach-way/vendor/laravel/framework/src/Illuminate/Container/BoundMethod.php(36): Illuminate/Database/Console/Migrations/MigrateCommand->handle()
#27 D:/laragon-new/laragon/www/hotel-beach-way/vendor/laravel/framework/src/Illuminate/Container/Util.php(41): Illuminate/Container/BoundMethod::Illuminate/Container/{closure}()
#28 D:/laragon-new/laragon/www/hotel-beach-way/vendor/laravel/framework/src/Illuminate/Container/BoundMethod.php(93): Illuminate/Container/Util::unwrapIfClosure()
#29 D:/laragon-new/laragon/www/hotel-beach-way/vendor/laravel/framework/src/Illuminate/Container/BoundMethod.php(37): Illuminate/Container/BoundMethod::callBoundMethod()
#30 D:/laragon-new/laragon/www/hotel-beach-way/vendor/laravel/framework/src/Illuminate/Container/Container.php(662): Illuminate/Container/BoundMethod::call()
#31 D:/laragon-new/laragon/www/hotel-beach-way/vendor/laravel/framework/src/Illuminate/Console/Command.php(211): Illuminate/Container/Container->call()
#32 D:/laragon-new/laragon/www/hotel-beach-way/vendor/symfony/console/Command/Command.php(326): Illuminate/Console/Command->execute()
#33 D:/laragon-new/laragon/www/hotel-beach-way/vendor/laravel/framework/src/Illuminate/Console/Command.php(181): Symfony/Component/Console/Command/Command->run()
#34 D:/laragon-new/laragon/www/hotel-beach-way/vendor/symfony/console/Application.php(1121): Illuminate/Console/Command->run()
#35 D:/laragon-new/laragon/www/hotel-beach-way/vendor/symfony/console/Application.php(324): Symfony/Component/Console/Application->doRunCommand()
#36 D:/laragon-new/laragon/www/hotel-beach-way/vendor/symfony/console/Application.php(175): Symfony/Component/Console/Application->doRun()
#37 D:/laragon-new/laragon/www/hotel-beach-way/vendor/laravel/framework/src/Illuminate/Foundation/Console/Kernel.php(201): Symfony/Component/Console/Application->run()
#38 D:/laragon-new/laragon/www/hotel-beach-way/artisan(37): Illuminate/Foundation/Console/Kernel->handle()
#39 {main}
"} 
[2026-06-12 14:11:00] local.ERROR: SQLSTATE[HY000] [2002] No connection could be made because the target machine actively refused it (Connection: mysql, SQL: select table_name as `name`, (data_length + index_length) as `size`, table_comment as `comment`, engine as `engine`, table_collation as `collation` from information_schema.tables where table_schema = 'hotel_beach_way' and table_type in ('BASE TABLE', 'SYSTEM VERSIONED') order by table_name) {"exception":"[object] (Illuminate\\Database\\QueryException(code: 2002): SQLSTATE[HY000] [2002] No connection could be made because the target machine actively refused it (Connection: mysql, SQL: select table_name as `name`, (data_length + index_length) as `size`, table_comment as `comment`, engine as `engine`, table_collation as `collation` from information_schema.tables where table_schema = 'hotel_beach_way' and table_type in ('BASE TABLE', 'SYSTEM VERSIONED') order by table_name) at D:/laragon-new/laragon/www/hotel-beach-way/vendor/laravel/framework/src/Illuminate/Database/Connection.php:829)
[stacktrace]
#0 D:/laragon-new/laragon/www/hotel-beach-way/vendor/laravel/framework/src/Illuminate/Database/Connection.php(983): Illuminate/Database/Connection->runQueryCallback()
#1 D:/laragon-new/laragon/www/hotel-beach-way/vendor/laravel/framework/src/Illuminate/Database/Connection.php(963): Illuminate/Database/Connection->tryAgainIfCausedByLostConnection()
#2 D:/laragon-new/laragon/www/hotel-beach-way/vendor/laravel/framework/src/Illuminate/Database/Connection.php(786): Illuminate/Database/Connection->handleQueryException()
#3 D:/laragon-new/laragon/www/hotel-beach-way/vendor/laravel/framework/src/Illuminate/Database/Connection.php(431): Illuminate/Database/Connection->run()
#4 D:/laragon-new/laragon/www/hotel-beach-way/vendor/laravel/framework/src/Illuminate/Database/Connection.php(401): Illuminate/Database/Connection->select()
#5 D:/laragon-new/laragon/www/hotel-beach-way/vendor/laravel/framework/src/Illuminate/Database/Schema/MySqlBuilder.php(42): Illuminate/Database/Connection->selectFromWriteConnection()
#6 D:/laragon-new/laragon/www/hotel-beach-way/vendor/laravel/framework/src/Illuminate/Database/Schema/Builder.php(165): Illuminate/Database/Schema/MySqlBuilder->getTables()
#7 D:/laragon-new/laragon/www/hotel-beach-way/vendor/laravel/framework/src/Illuminate/Database/Migrations/DatabaseMigrationRepository.php(184): Illuminate/Database/Schema/Builder->hasTable()
#8 D:/laragon-new/laragon/www/hotel-beach-way/vendor/laravel/framework/src/Illuminate/Database/Migrations/Migrator.php(727): Illuminate/Database/Migrations/DatabaseMigrationRepository->repositoryExists()
#9 D:/laragon-new/laragon/www/hotel-beach-way/vendor/laravel/framework/src/Illuminate/Database/Console/Migrations/StatusCommand.php(53): Illuminate/Database/Migrations/Migrator->repositoryExists()
#10 D:/laragon-new/laragon/www/hotel-beach-way/vendor/laravel/framework/src/Illuminate/Database/Migrations/Migrator.php(641): Illuminate/Database/Console/Migrations/StatusCommand->Illuminate/Database/Console/Migrations/{closure}()
#11 D:/laragon-new/laragon/www/hotel-beach-way/vendor/laravel/framework/src/Illuminate/Database/Console/Migrations/StatusCommand.php(84): Illuminate/Database/Migrations/Migrator->usingConnection()
#12 D:/laragon-new/laragon/www/hotel-beach-way/vendor/laravel/framework/src/Illuminate/Container/BoundMethod.php(36): Illuminate/Database/Console/Migrations/StatusCommand->handle()
#13 D:/laragon-new/laragon/www/hotel-beach-way/vendor/laravel/framework/src/Illuminate/Container/Util.php(41): Illuminate/Container/BoundMethod::Illuminate/Container/{closure}()
#14 D:/laragon-new/laragon/www/hotel-beach-way/vendor/laravel/framework/src/Illuminate/Container/BoundMethod.php(93): Illuminate/Container/Util::unwrapIfClosure()
#15 D:/laragon-new/laragon/www/hotel-beach-way/vendor/laravel/framework/src/Illuminate/Container/BoundMethod.php(37): Illuminate/Container/BoundMethod::callBoundMethod()
#16 D:/laragon-new/laragon/www/hotel-beach-way/vendor/laravel/framework/src/Illuminate/Container/Container.php(662): Illuminate/Container/BoundMethod::call()
#17 D:/laragon-new/laragon/www/hotel-beach-way/vendor/laravel/framework/src/Illuminate/Console/Command.php(211): Illuminate/Container/Container->call()
#18 D:/laragon-new/laragon/www/hotel-beach-way/vendor/symfony/console/Command/Command.php(326): Illuminate/Console/Command->execute()
#19 D:/laragon-new/laragon/www/hotel-beach-way/vendor/laravel/framework/src/Illuminate/Console/Command.php(181): Symfony/Component/Console/Command/Command->run()
#20 D:/laragon-new/laragon/www/hotel-beach-way/vendor/symfony/console/Application.php(1121): Illuminate/Console/Command->run()
#21 D:/laragon-new/laragon/www/hotel-beach-way/vendor/symfony/console/Application.php(324): Symfony/Component/Console/Application->doRunCommand()
#22 D:/laragon-new/laragon/www/hotel-beach-way/vendor/symfony/console/Application.php(175): Symfony/Component/Console/Application->doRun()
#23 D:/laragon-new/laragon/www/hotel-beach-way/vendor/laravel/framework/src/Illuminate/Foundation/Console/Kernel.php(201): Symfony/Component/Console/Application->run()
#24 D:/laragon-new/laragon/www/hotel-beach-way/artisan(37): Illuminate/Foundation/Console/Kernel->handle()
#25 {main}

[previous exception] [object] (PDOException(code: 2002): SQLSTATE[HY000] [2002] No connection could be made because the target machine actively refused it at D:/laragon-new/laragon/www/hotel-beach-way/vendor/laravel/framework/src/Illuminate/Database/Connectors/Connector.php:65)
[stacktrace]
#0 D:/laragon-new/laragon/www/hotel-beach-way/vendor/laravel/framework/src/Illuminate/Database/Connectors/Connector.php(65): PDO->__construct()
#1 D:/laragon-new/laragon/www/hotel-beach-way/vendor/laravel/framework/src/Illuminate/Database/Connectors/Connector.php(83): Illuminate/Database/Connectors/Connector->createPdoConnection()
#2 D:/laragon-new/laragon/www/hotel-beach-way/vendor/laravel/framework/src/Illuminate/Database/Connectors/Connector.php(49): Illuminate/Database/Connectors/Connector->tryAgainIfCausedByLostConnection()
#3 D:/laragon-new/laragon/www/hotel-beach-way/vendor/laravel/framework/src/Illuminate/Database/Connectors/MySqlConnector.php(24): Illuminate/Database/Connectors/Connector->createConnection()
#4 D:/laragon-new/laragon/www/hotel-beach-way/vendor/laravel/framework/src/Illuminate/Database/Connectors/ConnectionFactory.php(184): Illuminate/Database/Connectors/MySqlConnector->connect()
#5 [internal function]: Illuminate/Database/Connectors/ConnectionFactory->Illuminate/Database/Connectors/{closure}()
#6 D:/laragon-new/laragon/www/hotel-beach-way/vendor/laravel/framework/src/Illuminate/Database/Connection.php(1339): call_user_func()
#7 D:/laragon-new/laragon/www/hotel-beach-way/vendor/laravel/framework/src/Illuminate/Database/Connection.php(528): Illuminate/Database/Connection->getPdo()
#8 D:/laragon-new/laragon/www/hotel-beach-way/vendor/laravel/framework/src/Illuminate/Database/Connection.php(423): Illuminate/Database/Connection->getPdoForSelect()
#9 D:/laragon-new/laragon/www/hotel-beach-way/vendor/laravel/framework/src/Illuminate/Database/Connection.php(816): Illuminate/Database/Connection->Illuminate/Database/{closure}()
#10 D:/laragon-new/laragon/www/hotel-beach-way/vendor/laravel/framework/src/Illuminate/Database/Connection.php(983): Illuminate/Database/Connection->runQueryCallback()
#11 D:/laragon-new/laragon/www/hotel-beach-way/vendor/laravel/framework/src/Illuminate/Database/Connection.php(963): Illuminate/Database/Connection->tryAgainIfCausedByLostConnection()
#12 D:/laragon-new/laragon/www/hotel-beach-way/vendor/laravel/framework/src/Illuminate/Database/Connection.php(786): Illuminate/Database/Connection->handleQueryException()
#13 D:/laragon-new/laragon/www/hotel-beach-way/vendor/laravel/framework/src/Illuminate/Database/Connection.php(431): Illuminate/Database/Connection->run()
#14 D:/laragon-new/laragon/www/hotel-beach-way/vendor/laravel/framework/src/Illuminate/Database/Connection.php(401): Illuminate/Database/Connection->select()
#15 D:/laragon-new/laragon/www/hotel-beach-way/vendor/laravel/framework/src/Illuminate/Database/Schema/MySqlBuilder.php(42): Illuminate/Database/Connection->selectFromWriteConnection()
#16 D:/laragon-new/laragon/www/hotel-beach-way/vendor/laravel/framework/src/Illuminate/Database/Schema/Builder.php(165): Illuminate/Database/Schema/MySqlBuilder->getTables()
#17 D:/laragon-new/laragon/www/hotel-beach-way/vendor/laravel/framework/src/Illuminate/Database/Migrations/DatabaseMigrationRepository.php(184): Illuminate/Database/Schema/Builder->hasTable()
#18 D:/laragon-new/laragon/www/hotel-beach-way/vendor/laravel/framework/src/Illuminate/Database/Migrations/Migrator.php(727): Illuminate/Database/Migrations/DatabaseMigrationRepository->repositoryExists()
#19 D:/laragon-new/laragon/www/hotel-beach-way/vendor/laravel/framework/src/Illuminate/Database/Console/Migrations/StatusCommand.php(53): Illuminate/Database/Migrations/Migrator->repositoryExists()
#20 D:/laragon-new/laragon/www/hotel-beach-way/vendor/laravel/framework/src/Illuminate/Database/Migrations/Migrator.php(641): Illuminate/Database/Console/Migrations/StatusCommand->Illuminate/Database/Console/Migrations/{closure}()
#21 D:/laragon-new/laragon/www/hotel-beach-way/vendor/laravel/framework/src/Illuminate/Database/Console/Migrations/StatusCommand.php(84): Illuminate/Database/Migrations/Migrator->usingConnection()
#22 D:/laragon-new/laragon/www/hotel-beach-way/vendor/laravel/framework/src/Illuminate/Container/BoundMethod.php(36): Illuminate/Database/Console/Migrations/StatusCommand->handle()
#23 D:/laragon-new/laragon/www/hotel-beach-way/vendor/laravel/framework/src/Illuminate/Container/Util.php(41): Illuminate/Container/BoundMethod::Illuminate/Container/{closure}()
#24 D:/laragon-new/laragon/www/hotel-beach-way/vendor/laravel/framework/src/Illuminate/Container/BoundMethod.php(93): Illuminate/Container/Util::unwrapIfClosure()
#25 D:/laragon-new/laragon/www/hotel-beach-way/vendor/laravel/framework/src/Illuminate/Container/BoundMethod.php(37): Illuminate/Container/BoundMethod::callBoundMethod()
#26 D:/laragon-new/laragon/www/hotel-beach-way/vendor/laravel/framework/src/Illuminate/Container/Container.php(662): Illuminate/Container/BoundMethod::call()
#27 D:/laragon-new/laragon/www/hotel-beach-way/vendor/laravel/framework/src/Illuminate/Console/Command.php(211): Illuminate/Container/Container->call()
#28 D:/laragon-new/laragon/www/hotel-beach-way/vendor/symfony/console/Command/Command.php(326): Illuminate/Console/Command->execute()
#29 D:/laragon-new/laragon/www/hotel-beach-way/vendor/laravel/framework/src/Illuminate/Console/Command.php(181): Symfony/Component/Console/Command/Command->run()
#30 D:/laragon-new/laragon/www/hotel-beach-way/vendor/symfony/console/Application.php(1121): Illuminate/Console/Command->run()
#31 D:/laragon-new/laragon/www/hotel-beach-way/vendor/symfony/console/Application.php(324): Symfony/Component/Console/Application->doRunCommand()
#32 D:/laragon-new/laragon/www/hotel-beach-way/vendor/symfony/console/Application.php(175): Symfony/Component/Console/Application->doRun()
#33 D:/laragon-new/laragon/www/hotel-beach-way/vendor/laravel/framework/src/Illuminate/Foundation/Console/Kernel.php(201): Symfony/Component/Console/Application->run()
#34 D:/laragon-new/laragon/www/hotel-beach-way/artisan(37): Illuminate/Foundation/Console/Kernel->handle()
#35 {main}
"} 
[2026-06-12 16:13:13] local.ERROR: Unable to locate file in Vite manifest: resources/css/app.css. {"view":{"view":"D:\\laragon-new\\laragon\\www\\hotel-beach-way\\resources\\views\\layouts\\frontend.blade.php","data":[]},"exception":"[object] (Spatie\\LaravelIgnition\\Exceptions\\ViewException(code: 0): Unable to locate file in Vite manifest: resources/css/app.css. at D:/laragon-new/laragon/www/hotel-beach-way/vendor/laravel/framework/src/Illuminate/Foundation/Vite.php:781)
[stacktrace]
#0 D:/laragon-new/laragon/www/hotel-beach-way/vendor/laravel/framework/src/Illuminate/Foundation/Vite.php(299): Illuminate/Foundation/Vite->chunk()
#1 D:/laragon-new/laragon/www/hotel-beach-way/resources/views/layouts/frontend.blade.php(15): Illuminate/Foundation/Vite->__invoke()
#2 D:/laragon-new/laragon/www/hotel-beach-way/vendor/laravel/framework/src/Illuminate/Filesystem/Filesystem.php(123): require('...')
#3 D:/laragon-new/laragon/www/hotel-beach-way/vendor/laravel/framework/src/Illuminate/Filesystem/Filesystem.php(124): Illuminate/Filesystem/Filesystem::Illuminate/Filesystem/{closure}()
#4 D:/laragon-new/laragon/www/hotel-beach-way/vendor/laravel/framework/src/Illuminate/View/Engines/PhpEngine.php(58): Illuminate/Filesystem/Filesystem->getRequire()
#5 D:/laragon-new/laragon/www/hotel-beach-way/vendor/laravel/framework/src/Illuminate/View/Engines/CompilerEngine.php(72): Illuminate/View/Engines/PhpEngine->evaluatePath()
#6 D:/laragon-new/laragon/www/hotel-beach-way/vendor/laravel/framework/src/Illuminate/View/View.php(207): Illuminate/View/Engines/CompilerEngine->get()
#7 D:/laragon-new/laragon/www/hotel-beach-way/vendor/laravel/framework/src/Illuminate/View/View.php(190): Illuminate/View/View->getContents()
#8 D:/laragon-new/laragon/www/hotel-beach-way/vendor/laravel/framework/src/Illuminate/View/View.php(159): Illuminate/View/View->renderContents()
#9 D:/laragon-new/laragon/www/hotel-beach-way/resources/views/frontend/home.blade.php(246): Illuminate/View/View->render()
#10 D:/laragon-new/laragon/www/hotel-beach-way/vendor/laravel/framework/src/Illuminate/Filesystem/Filesystem.php(123): require('...')
#11 D:/laragon-new/laragon/www/hotel-beach-way/vendor/laravel/framework/src/Illuminate/Filesystem/Filesystem.php(124): Illuminate/Filesystem/Filesystem::Illuminate/Filesystem/{closure}()
#12 D:/laragon-new/laragon/www/hotel-beach-way/vendor/laravel/framework/src/Illuminate/View/Engines/PhpEngine.php(58): Illuminate/Filesystem/Filesystem->getRequire()
#13 D:/laragon-new/laragon/www/hotel-beach-way/vendor/laravel/framework/src/Illuminate/View/Engines/CompilerEngine.php(72): Illuminate/View/Engines/PhpEngine->evaluatePath()
#14 D:/laragon-new/laragon/www/hotel-beach-way/vendor/laravel/framework/src/Illuminate/View/View.php(207): Illuminate/View/Engines/CompilerEngine->get()
#15 D:/laragon-new/laragon/www/hotel-beach-way/vendor/laravel/framework/src/Illuminate/View/View.php(190): Illuminate/View/View->getContents()
#16 D:/laragon-new/laragon/www/hotel-beach-way/vendor/laravel/framework/src/Illuminate/View/View.php(159): Illuminate/View/View->renderContents()
#17 D:/laragon-new/laragon/www/hotel-beach-way/vendor/laravel/framework/src/Illuminate/Http/Response.php(69): Illuminate/View/View->render()
#18 D:/laragon-new/laragon/www/hotel-beach-way/vendor/laravel/framework/src/Illuminate/Http/Response.php(35): Illuminate/Http/Response->setContent()
#19 D:/laragon-new/laragon/www/hotel-beach-way/vendor/laravel/framework/src/Illuminate/Routing/Router.php(918): Illuminate/Http/Response->__construct()
#20 D:/laragon-new/laragon/www/hotel-beach-way/vendor/laravel/framework/src/Illuminate/Routing/Router.php(885): Illuminate/Routing/Router::toResponse()
#21 D:/laragon-new/laragon/www/hotel-beach-way/vendor/laravel/framework/src/Illuminate/Routing/Router.php(806): Illuminate/Routing/Router->prepareResponse()
#22 D:/laragon-new/laragon/www/hotel-beach-way/vendor/laravel/framework/src/Illuminate/Pipeline/Pipeline.php(144): Illuminate/Routing/Router->Illuminate/Routing/{closure}()
#23 D:/laragon-new/laragon/www/hotel-beach-way/vendor/laravel/framework/src/Illuminate/Http/Middleware/AddLinkHeadersForPreloadedAssets.php(20): Illuminate/Pipeline/Pipeline->Illuminate/Pipeline/{closure}()
#24 D:/laragon-new/laragon/www/hotel-beach-way/vendor/laravel/framework/src/Illuminate/Pipeline/Pipeline.php(183): Illuminate/Http/Middleware/AddLinkHeadersForPreloadedAssets->handle()
#25 D:/laragon-new/laragon/www/hotel-beach-way/vendor/inertiajs/inertia-laravel/src/Middleware.php(87): Illuminate/Pipeline/Pipeline->Illuminate/Pipeline/{closure}()
#26 D:/laragon-new/laragon/www/hotel-beach-way/vendor/laravel/framework/src/Illuminate/Pipeline/Pipeline.php(183): Inertia/Middleware->handle()
#27 D:/laragon-new/laragon/www/hotel-beach-way/vendor/laravel/framework/src/Illuminate/Routing/Middleware/SubstituteBindings.php(50): Illuminate/Pipeline/Pipeline->Illuminate/Pipeline/{closure}()
#28 D:/laragon-new/laragon/www/hotel-beach-way/vendor/laravel/framework/src/Illuminate/Pipeline/Pipeline.php(183): Illuminate/Routing/Middleware/SubstituteBindings->handle()
#29 D:/laragon-new/laragon/www/hotel-beach-way/vendor/laravel/framework/src/Illuminate/Foundation/Http/Middleware/VerifyCsrfToken.php(78): Illuminate/Pipeline/Pipeline->Illuminate/Pipeline/{closure}()
#30 D:/laragon-new/laragon/www/hotel-beach-way/vendor/laravel/framework/src/Illuminate/Pipeline/Pipeline.php(183): Illuminate/Foundation/Http/Middleware/VerifyCsrfToken->handle()
#31 D:/laragon-new/laragon/www/hotel-beach-way/vendor/laravel/framework/src/Illuminate/View/Middleware/ShareErrorsFromSession.php(49): Illuminate/Pipeline/Pipeline->Illuminate/Pipeline/{closure}()
#32 D:/laragon-new/laragon/www/hotel-beach-way/vendor/laravel/framework/src/Illuminate/Pipeline/Pipeline.php(183): Illuminate/View/Middleware/ShareErrorsFromSession->handle()
#33 D:/laragon-new/laragon/www/hotel-beach-way/vendor/laravel/framework/src/Illuminate/Session/Middleware/StartSession.php(121): Illuminate/Pipeline/Pipeline->Illuminate/Pipeline/{closure}()
#34 D:/laragon-new/laragon/www/hotel-beach-way/vendor/laravel/framework/src/Illuminate/Session/Middleware/StartSession.php(64): Illuminate/Session/Middleware/StartSession->handleStatefulRequest()
#35 D:/laragon-new/laragon/www/hotel-beach-way/vendor/laravel/framework/src/Illuminate/Pipeline/Pipeline.php(183): Illuminate/Session/Middleware/StartSession->handle()
#36 D:/laragon-new/laragon/www/hotel-beach-way/vendor/laravel/framework/src/Illuminate/Cookie/Middleware/AddQueuedCookiesToResponse.php(37): Illuminate/Pipeline/Pipeline->Illuminate/Pipeline/{closure}()
#37 D:/laragon-new/laragon/www/hotel-beach-way/vendor/laravel/framework/src/Illuminate/Pipeline/Pipeline.php(183): Illuminate/Cookie/Middleware/AddQueuedCookiesToResponse->handle()
#38 D:/laragon-new/laragon/www/hotel-beach-way/vendor/laravel/framework/src/Illuminate/Cookie/Middleware/EncryptCookies.php(67): Illuminate/Pipeline/Pipeline->Illuminate/Pipeline/{closure}()
#39 D:/laragon-new/laragon/www/hotel-beach-way/vendor/laravel/framework/src/Illuminate/Pipeline/Pipeline.php(183): Illuminate/Cookie/Middleware/EncryptCookies->handle()
#40 D:/laragon-new/laragon/www/hotel-beach-way/vendor/laravel/framework/src/Illuminate/Pipeline/Pipeline.php(119): Illuminate/Pipeline/Pipeline->Illuminate/Pipeline/{closure}()
#41 D:/laragon-new/laragon/www/hotel-beach-way/vendor/laravel/framework/src/Illuminate/Routing/Router.php(807): Illuminate/Pipeline/Pipeline->then()
#42 D:/laragon-new/laragon/www/hotel-beach-way/vendor/laravel/framework/src/Illuminate/Routing/Router.php(784): Illuminate/Routing/Router->runRouteWithinStack()
#43 D:/laragon-new/laragon/www/hotel-beach-way/vendor/laravel/framework/src/Illuminate/Routing/Router.php(748): Illuminate/Routing/Router->runRoute()
#44 D:/laragon-new/laragon/www/hotel-beach-way/vendor/laravel/framework/src/Illuminate/Routing/Router.php(737): Illuminate/Routing/Router->dispatchToRoute()
#45 D:/laragon-new/laragon/www/hotel-beach-way/vendor/laravel/framework/src/Illuminate/Foundation/Http/Kernel.php(200): Illuminate/Routing/Router->dispatch()
#46 D:/laragon-new/laragon/www/hotel-beach-way/vendor/laravel/framework/src/Illuminate/Pipeline/Pipeline.php(144): Illuminate/Foundation/Http/Kernel->Illuminate/Foundation/Http/{closure}()
#47 D:/laragon-new/laragon/www/hotel-beach-way/vendor/laravel/framework/src/Illuminate/Foundation/Http/Middleware/TransformsRequest.php(21): Illuminate/Pipeline/Pipeline->Illuminate/Pipeline/{closure}()
#48 D:/laragon-new/laragon/www/hotel-beach-way/vendor/laravel/framework/src/Illuminate/Foundation/Http/Middleware/ConvertEmptyStringsToNull.php(31): Illuminate/Foundation/Http/Middleware/TransformsRequest->handle()
#49 D:/laragon-new/laragon/www/hotel-beach-way/vendor/laravel/framework/src/Illuminate/Pipeline/Pipeline.php(183): Illuminate/Foundation/Http/Middleware/ConvertEmptyStringsToNull->handle()
#50 D:/laragon-new/laragon/www/hotel-beach-way/vendor/laravel/framework/src/Illuminate/Foundation/Http/Middleware/TransformsRequest.php(21): Illuminate/Pipeline/Pipeline->Illuminate/Pipeline/{closure}()
#51 D:/laragon-new/laragon/www/hotel-beach-way/vendor/laravel/framework/src/Illuminate/Foundation/Http/Middleware/TrimStrings.php(40): Illuminate/Foundation/Http/Middleware/TransformsRequest->handle()
#52 D:/laragon-new/laragon/www/hotel-beach-way/vendor/laravel/framework/src/Illuminate/Pipeline/Pipeline.php(183): Illuminate/Foundation/Http/Middleware/TrimStrings->handle()
#53 D:/laragon-new/laragon/www/hotel-beach-way/vendor/laravel/framework/src/Illuminate/Foundation/Http/Middleware/ValidatePostSize.php(27): Illuminate/Pipeline/Pipeline->Illuminate/Pipeline/{closure}()
#54 D:/laragon-new/laragon/www/hotel-beach-way/vendor/laravel/framework/src/Illuminate/Pipeline/Pipeline.php(183): Illuminate/Foundation/Http/Middleware/ValidatePostSize->handle()
#55 D:/laragon-new/laragon/www/hotel-beach-way/vendor/laravel/framework/src/Illuminate/Foundation/Http/Middleware/PreventRequestsDuringMaintenance.php(99): Illuminate/Pipeline/Pipeline->Illuminate/Pipeline/{closure}()
#56 D:/laragon-new/laragon/www/hotel-beach-way/vendor/laravel/framework/src/Illuminate/Pipeline/Pipeline.php(183): Illuminate/Foundation/Http/Middleware/PreventRequestsDuringMaintenance->handle()
#57 D:/laragon-new/laragon/www/hotel-beach-way/vendor/laravel/framework/src/Illuminate/Http/Middleware/HandleCors.php(49): Illuminate/Pipeline/Pipeline->Illuminate/Pipeline/{closure}()
#58 D:/laragon-new/laragon/www/hotel-beach-way/vendor/laravel/framework/src/Illuminate/Pipeline/Pipeline.php(183): Illuminate/Http/Middleware/HandleCors->handle()
#59 D:/laragon-new/laragon/www/hotel-beach-way/vendor/laravel/framework/src/Illuminate/Http/Middleware/TrustProxies.php(39): Illuminate/Pipeline/Pipeline->Illuminate/Pipeline/{closure}()
#60 D:/laragon-new/laragon/www/hotel-beach-way/vendor/laravel/framework/src/Illuminate/Pipeline/Pipeline.php(183): Illuminate/Http/Middleware/TrustProxies->handle()
#61 D:/laragon-new/laragon/www/hotel-beach-way/vendor/laravel/framework/src/Illuminate/Pipeline/Pipeline.php(119): Illuminate/Pipeline/Pipeline->Illuminate/Pipeline/{closure}()
#62 D:/laragon-new/laragon/www/hotel-beach-way/vendor/laravel/framework/src/Illuminate/Foundation/Http/Kernel.php(175): Illuminate/Pipeline/Pipeline->then()
#63 D:/laragon-new/laragon/www/hotel-beach-way/vendor/laravel/framework/src/Illuminate/Foundation/Http/Kernel.php(144): Illuminate/Foundation/Http/Kernel->sendRequestThroughRouter()
#64 D:/laragon-new/laragon/www/hotel-beach-way/public/index.php(52): Illuminate/Foundation/Http/Kernel->handle()
#65 D:/laragon-new/laragon/www/hotel-beach-way/vendor/laravel/framework/src/Illuminate/Foundation/resources/server.php(16): require_once('...')
#66 {main}

[previous exception] [object] (Exception(code: 0): Unable to locate file in Vite manifest: resources/css/app.css. at D:/laragon-new/laragon/www/hotel-beach-way/vendor/laravel/framework/src/Illuminate/Foundation/Vite.php:781)
[stacktrace]
#0 D:/laragon-new/laragon/www/hotel-beach-way/vendor/laravel/framework/src/Illuminate/Foundation/Vite.php(299): Illuminate/Foundation/Vite->chunk()
#1 D:/laragon-new/laragon/www/hotel-beach-way/storage/framework/views/92c133f09f06fbb2971efccaeae44d06.php(15): Illuminate/Foundation/Vite->__invoke()
#2 D:/laragon-new/laragon/www/hotel-beach-way/vendor/laravel/framework/src/Illuminate/Filesystem/Filesystem.php(123): require('...')
#3 D:/laragon-new/laragon/www/hotel-beach-way/vendor/laravel/framework/src/Illuminate/Filesystem/Filesystem.php(124): Illuminate/Filesystem/Filesystem::Illuminate/Filesystem/{closure}()
#4 D:/laragon-new/laragon/www/hotel-beach-way/vendor/laravel/framework/src/Illuminate/View/Engines/PhpEngine.php(58): Illuminate/Filesystem/Filesystem->getRequire()
#5 D:/laragon-new/laragon/www/hotel-beach-way/vendor/laravel/framework/src/Illuminate/View/Engines/CompilerEngine.php(72): Illuminate/View/Engines/PhpEngine->evaluatePath()
#6 D:/laragon-new/laragon/www/hotel-beach-way/vendor/laravel/framework/src/Illuminate/View/View.php(207): Illuminate/View/Engines/CompilerEngine->get()
#7 D:/laragon-new/laragon/www/hotel-beach-way/vendor/laravel/framework/src/Illuminate/View/View.php(190): Illuminate/View/View->getContents()
#8 D:/laragon-new/laragon/www/hotel-beach-way/vendor/laravel/framework/src/Illuminate/View/View.php(159): Illuminate/View/View->renderContents()
#9 D:/laragon-new/laragon/www/hotel-beach-way/storage/framework/views/f2fdc942be2c31cf4bbe2ea52eee727f.php(235): Illuminate/View/View->render()
#10 D:/laragon-new/laragon/www/hotel-beach-way/vendor/laravel/framework/src/Illuminate/Filesystem/Filesystem.php(123): require('...')
#11 D:/laragon-new/laragon/www/hotel-beach-way/vendor/laravel/framework/src/Illuminate/Filesystem/Filesystem.php(124): Illuminate/Filesystem/Filesystem::Illuminate/Filesystem/{closure}()
#12 D:/laragon-new/laragon/www/hotel-beach-way/vendor/laravel/framework/src/Illuminate/View/Engines/PhpEngine.php(58): Illuminate/Filesystem/Filesystem->getRequire()
#13 D:/laragon-new/laragon/www/hotel-beach-way/vendor/laravel/framework/src/Illuminate/View/Engines/CompilerEngine.php(72): Illuminate/View/Engines/PhpEngine->evaluatePath()
#14 D:/laragon-new/laragon/www/hotel-beach-way/vendor/laravel/framework/src/Illuminate/View/View.php(207): Illuminate/View/Engines/CompilerEngine->get()
#15 D:/laragon-new/laragon/www/hotel-beach-way/vendor/laravel/framework/src/Illuminate/View/View.php(190): Illuminate/View/View->getContents()
#16 D:/laragon-new/laragon/www/hotel-beach-way/vendor/laravel/framework/src/Illuminate/View/View.php(159): Illuminate/View/View->renderContents()
#17 D:/laragon-new/laragon/www/hotel-beach-way/vendor/laravel/framework/src/Illuminate/Http/Response.php(69): Illuminate/View/View->render()
#18 D:/laragon-new/laragon/www/hotel-beach-way/vendor/laravel/framework/src/Illuminate/Http/Response.php(35): Illuminate/Http/Response->setContent()
#19 D:/laragon-new/laragon/www/hotel-beach-way/vendor/laravel/framework/src/Illuminate/Routing/Router.php(918): Illuminate/Http/Response->__construct()
#20 D:/laragon-new/laragon/www/hotel-beach-way/vendor/laravel/framework/src/Illuminate/Routing/Router.php(885): Illuminate/Routing/Router::toResponse()
#21 D:/laragon-new/laragon/www/hotel-beach-way/vendor/laravel/framework/src/Illuminate/Routing/Router.php(806): Illuminate/Routing/Router->prepareResponse()
#22 D:/laragon-new/laragon/www/hotel-beach-way/vendor/laravel/framework/src/Illuminate/Pipeline/Pipeline.php(144): Illuminate/Routing/Router->Illuminate/Routing/{closure}()
#23 D:/laragon-new/laragon/www/hotel-beach-way/vendor/laravel/framework/src/Illuminate/Http/Middleware/AddLinkHeadersForPreloadedAssets.php(20): Illuminate/Pipeline/Pipeline->Illuminate/Pipeline/{closure}()
#24 D:/laragon-new/laragon/www/hotel-beach-way/vendor/laravel/framework/src/Illuminate/Pipeline/Pipeline.php(183): Illuminate/Http/Middleware/AddLinkHeadersForPreloadedAssets->handle()
#25 D:/laragon-new/laragon/www/hotel-beach-way/vendor/inertiajs/inertia-laravel/src/Middleware.php(87): Illuminate/Pipeline/Pipeline->Illuminate/Pipeline/{closure}()
#26 D:/laragon-new/laragon/www/hotel-beach-way/vendor/laravel/framework/src/Illuminate/Pipeline/Pipeline.php(183): Inertia/Middleware->handle()
#27 D:/laragon-new/laragon/www/hotel-beach-way/vendor/laravel/framework/src/Illuminate/Routing/Middleware/SubstituteBindings.php(50): Illuminate/Pipeline/Pipeline->Illuminate/Pipeline/{closure}()
#28 D:/laragon-new/laragon/www/hotel-beach-way/vendor/laravel/framework/src/Illuminate/Pipeline/Pipeline.php(183): Illuminate/Routing/Middleware/SubstituteBindings->handle()
#29 D:/laragon-new/laragon/www/hotel-beach-way/vendor/laravel/framework/src/Illuminate/Foundation/Http/Middleware/VerifyCsrfToken.php(78): Illuminate/Pipeline/Pipeline->Illuminate/Pipeline/{closure}()
#30 D:/laragon-new/laragon/www/hotel-beach-way/vendor/laravel/framework/src/Illuminate/Pipeline/Pipeline.php(183): Illuminate/Foundation/Http/Middleware/VerifyCsrfToken->handle()
#31 D:/laragon-new/laragon/www/hotel-beach-way/vendor/laravel/framework/src/Illuminate/View/Middleware/ShareErrorsFromSession.php(49): Illuminate/Pipeline/Pipeline->Illuminate/Pipeline/{closure}()
#32 D:/laragon-new/laragon/www/hotel-beach-way/vendor/laravel/framework/src/Illuminate/Pipeline/Pipeline.php(183): Illuminate/View/Middleware/ShareErrorsFromSession->handle()
#33 D:/laragon-new/laragon/www/hotel-beach-way/vendor/laravel/framework/src/Illuminate/Session/Middleware/StartSession.php(121): Illuminate/Pipeline/Pipeline->Illuminate/Pipeline/{closure}()
#34 D:/laragon-new/laragon/www/hotel-beach-way/vendor/laravel/framework/src/Illuminate/Session/Middleware/StartSession.php(64): Illuminate/Session/Middleware/StartSession->handleStatefulRequest()
#35 D:/laragon-new/laragon/www/hotel-beach-way/vendor/laravel/framework/src/Illuminate/Pipeline/Pipeline.php(183): Illuminate/Session/Middleware/StartSession->handle()
#36 D:/laragon-new/laragon/www/hotel-beach-way/vendor/laravel/framework/src/Illuminate/Cookie/Middleware/AddQueuedCookiesToResponse.php(37): Illuminate/Pipeline/Pipeline->Illuminate/Pipeline/{closure}()
#37 D:/laragon-new/laragon/www/hotel-beach-way/vendor/laravel/framework/src/Illuminate/Pipeline/Pipeline.php(183): Illuminate/Cookie/Middleware/AddQueuedCookiesToResponse->handle()
#38 D:/laragon-new/laragon/www/hotel-beach-way/vendor/laravel/framework/src/Illuminate/Cookie/Middleware/EncryptCookies.php(67): Illuminate/Pipeline/Pipeline->Illuminate/Pipeline/{closure}()
#39 D:/laragon-new/laragon/www/hotel-beach-way/vendor/laravel/framework/src/Illuminate/Pipeline/Pipeline.php(183): Illuminate/Cookie/Middleware/EncryptCookies->handle()
#40 D:/laragon-new/laragon/www/hotel-beach-way/vendor/laravel/framework/src/Illuminate/Pipeline/Pipeline.php(119): Illuminate/Pipeline/Pipeline->Illuminate/Pipeline/{closure}()
#41 D:/laragon-new/laragon/www/hotel-beach-way/vendor/laravel/framework/src/Illuminate/Routing/Router.php(807): Illuminate/Pipeline/Pipeline->then()
#42 D:/laragon-new/laragon/www/hotel-beach-way/vendor/laravel/framework/src/Illuminate/Routing/Router.php(784): Illuminate/Routing/Router->runRouteWithinStack()
#43 D:/laragon-new/laragon/www/hotel-beach-way/vendor/laravel/framework/src/Illuminate/Routing/Router.php(748): Illuminate/Routing/Router->runRoute()
#44 D:/laragon-new/laragon/www/hotel-beach-way/vendor/laravel/framework/src/Illuminate/Routing/Router.php(737): Illuminate/Routing/Router->dispatchToRoute()
#45 D:/laragon-new/laragon/www/hotel-beach-way/vendor/laravel/framework/src/Illuminate/Foundation/Http/Kernel.php(200): Illuminate/Routing/Router->dispatch()
#46 D:/laragon-new/laragon/www/hotel-beach-way/vendor/laravel/framework/src/Illuminate/Pipeline/Pipeline.php(144): Illuminate/Foundation/Http/Kernel->Illuminate/Foundation/Http/{closure}()
#47 D:/laragon-new/laragon/www/hotel-beach-way/vendor/laravel/framework/src/Illuminate/Foundation/Http/Middleware/TransformsRequest.php(21): Illuminate/Pipeline/Pipeline->Illuminate/Pipeline/{closure}()
#48 D:/laragon-new/laragon/www/hotel-beach-way/vendor/laravel/framework/src/Illuminate/Foundation/Http/Middleware/ConvertEmptyStringsToNull.php(31): Illuminate/Foundation/Http/Middleware/TransformsRequest->handle()
#49 D:/laragon-new/laragon/www/hotel-beach-way/vendor/laravel/framework/src/Illuminate/Pipeline/Pipeline.php(183): Illuminate/Foundation/Http/Middleware/ConvertEmptyStringsToNull->handle()
#50 D:/laragon-new/laragon/www/hotel-beach-way/vendor/laravel/framework/src/Illuminate/Foundation/Http/Middleware/TransformsRequest.php(21): Illuminate/Pipeline/Pipeline->Illuminate/Pipeline/{closure}()
#51 D:/laragon-new/laragon/www/hotel-beach-way/vendor/laravel/framework/src/Illuminate/Foundation/Http/Middleware/TrimStrings.php(40): Illuminate/Foundation/Http/Middleware/TransformsRequest->handle()
#52 D:/laragon-new/laragon/www/hotel-beach-way/vendor/laravel/framework/src/Illuminate/Pipeline/Pipeline.php(183): Illuminate/Foundation/Http/Middleware/TrimStrings->handle()
#53 D:/laragon-new/laragon/www/hotel-beach-way/vendor/laravel/framework/src/Illuminate/Foundation/Http/Middleware/ValidatePostSize.php(27): Illuminate/Pipeline/Pipeline->Illuminate/Pipeline/{closure}()
#54 D:/laragon-new/laragon/www/hotel-beach-way/vendor/laravel/framework/src/Illuminate/Pipeline/Pipeline.php(183): Illuminate/Foundation/Http/Middleware/ValidatePostSize->handle()
#55 D:/laragon-new/laragon/www/hotel-beach-way/vendor/laravel/framework/src/Illuminate/Foundation/Http/Middleware/PreventRequestsDuringMaintenance.php(99): Illuminate/Pipeline/Pipeline->Illuminate/Pipeline/{closure}()
#56 D:/laragon-new/laragon/www/hotel-beach-way/vendor/laravel/framework/src/Illuminate/Pipeline/Pipeline.php(183): Illuminate/Foundation/Http/Middleware/PreventRequestsDuringMaintenance->handle()
#57 D:/laragon-new/laragon/www/hotel-beach-way/vendor/laravel/framework/src/Illuminate/Http/Middleware/HandleCors.php(49): Illuminate/Pipeline/Pipeline->Illuminate/Pipeline/{closure}()
#58 D:/laragon-new/laragon/www/hotel-beach-way/vendor/laravel/framework/src/Illuminate/Pipeline/Pipeline.php(183): Illuminate/Http/Middleware/HandleCors->handle()
#59 D:/laragon-new/laragon/www/hotel-beach-way/vendor/laravel/framework/src/Illuminate/Http/Middleware/TrustProxies.php(39): Illuminate/Pipeline/Pipeline->Illuminate/Pipeline/{closure}()
#60 D:/laragon-new/laragon/www/hotel-beach-way/vendor/laravel/framework/src/Illuminate/Pipeline/Pipeline.php(183): Illuminate/Http/Middleware/TrustProxies->handle()
#61 D:/laragon-new/laragon/www/hotel-beach-way/vendor/laravel/framework/src/Illuminate/Pipeline/Pipeline.php(119): Illuminate/Pipeline/Pipeline->Illuminate/Pipeline/{closure}()
#62 D:/laragon-new/laragon/www/hotel-beach-way/vendor/laravel/framework/src/Illuminate/Foundation/Http/Kernel.php(175): Illuminate/Pipeline/Pipeline->then()
#63 D:/laragon-new/laragon/www/hotel-beach-way/vendor/laravel/framework/src/Illuminate/Foundation/Http/Kernel.php(144): Illuminate/Foundation/Http/Kernel->sendRequestThroughRouter()
#64 D:/laragon-new/laragon/www/hotel-beach-way/public/index.php(52): Illuminate/Foundation/Http/Kernel->handle()
#65 D:/laragon-new/laragon/www/hotel-beach-way/vendor/laravel/framework/src/Illuminate/Foundation/resources/server.php(16): require_once('...')
#66 {main}
"} 
[2026-06-12 16:13:18] local.ERROR: Unable to locate file in Vite manifest: resources/css/app.css. {"view":{"view":"D:\\laragon-new\\laragon\\www\\hotel-beach-way\\resources\\views\\layouts\\frontend.blade.php","data":[]},"exception":"[object] (Spatie\\LaravelIgnition\\Exceptions\\ViewException(code: 0): Unable to locate file in Vite manifest: resources/css/app.css. at D:/laragon-new/laragon/www/hotel-beach-way/vendor/laravel/framework/src/Illuminate/Foundation/Vite.php:781)
[stacktrace]
#0 D:/laragon-new/laragon/www/hotel-beach-way/vendor/laravel/framework/src/Illuminate/Foundation/Vite.php(299): Illuminate/Foundation/Vite->chunk()
#1 D:/laragon-new/laragon/www/hotel-beach-way/resources/views/layouts/frontend.blade.php(15): Illuminate/Foundation/Vite->__invoke()
#2 D:/laragon-new/laragon/www/hotel-beach-way/vendor/laravel/framework/src/Illuminate/Filesystem/Filesystem.php(123): require('...')
#3 D:/laragon-new/laragon/www/hotel-beach-way/vendor/laravel/framework/src/Illuminate/Filesystem/Filesystem.php(124): Illuminate/Filesystem/Filesystem::Illuminate/Filesystem/{closure}()
#4 D:/laragon-new/laragon/www/hotel-beach-way/vendor/laravel/framework/src/Illuminate/View/Engines/PhpEngine.php(58): Illuminate/Filesystem/Filesystem->getRequire()
#5 D:/laragon-new/laragon/www/hotel-beach-way/vendor/laravel/framework/src/Illuminate/View/Engines/CompilerEngine.php(72): Illuminate/View/Engines/PhpEngine->evaluatePath()
#6 D:/laragon-new/laragon/www/hotel-beach-way/vendor/laravel/framework/src/Illuminate/View/View.php(207): Illuminate/View/Engines/CompilerEngine->get()
#7 D:/laragon-new/laragon/www/hotel-beach-way/vendor/laravel/framework/src/Illuminate/View/View.php(190): Illuminate/View/View->getContents()
#8 D:/laragon-new/laragon/www/hotel-beach-way/vendor/laravel/framework/src/Illuminate/View/View.php(159): Illuminate/View/View->renderContents()
#9 D:/laragon-new/laragon/www/hotel-beach-way/resources/views/frontend/home.blade.php(246): Illuminate/View/View->render()
#10 D:/laragon-new/laragon/www/hotel-beach-way/vendor/laravel/framework/src/Illuminate/Filesystem/Filesystem.php(123): require('...')
#11 D:/laragon-new/laragon/www/hotel-beach-way/vendor/laravel/framework/src/Illuminate/Filesystem/Filesystem.php(124): Illuminate/Filesystem/Filesystem::Illuminate/Filesystem/{closure}()
#12 D:/laragon-new/laragon/www/hotel-beach-way/vendor/laravel/framework/src/Illuminate/View/Engines/PhpEngine.php(58): Illuminate/Filesystem/Filesystem->getRequire()
#13 D:/laragon-new/laragon/www/hotel-beach-way/vendor/laravel/framework/src/Illuminate/View/Engines/CompilerEngine.php(72): Illuminate/View/Engines/PhpEngine->evaluatePath()
#14 D:/laragon-new/laragon/www/hotel-beach-way/vendor/laravel/framework/src/Illuminate/View/View.php(207): Illuminate/View/Engines/CompilerEngine->get()
#15 D:/laragon-new/laragon/www/hotel-beach-way/vendor/laravel/framework/src/Illuminate/View/View.php(190): Illuminate/View/View->getContents()
#16 D:/laragon-new/laragon/www/hotel-beach-way/vendor/laravel/framework/src/Illuminate/View/View.php(159): Illuminate/View/View->renderContents()
#17 D:/laragon-new/laragon/www/hotel-beach-way/vendor/laravel/framework/src/Illuminate/Http/Response.php(69): Illuminate/View/View->render()
#18 D:/laragon-new/laragon/www/hotel-beach-way/vendor/laravel/framework/src/Illuminate/Http/Response.php(35): Illuminate/Http/Response->setContent()
#19 D:/laragon-new/laragon/www/hotel-beach-way/vendor/laravel/framework/src/Illuminate/Routing/Router.php(918): Illuminate/Http/Response->__construct()
#20 D:/laragon-new/laragon/www/hotel-beach-way/vendor/laravel/framework/src/Illuminate/Routing/Router.php(885): Illuminate/Routing/Router::toResponse()
#21 D:/laragon-new/laragon/www/hotel-beach-way/vendor/laravel/framework/src/Illuminate/Routing/Router.php(806): Illuminate/Routing/Router->prepareResponse()
#22 D:/laragon-new/laragon/www/hotel-beach-way/vendor/laravel/framework/src/Illuminate/Pipeline/Pipeline.php(144): Illuminate/Routing/Router->Illuminate/Routing/{closure}()
#23 D:/laragon-new/laragon/www/hotel-beach-way/vendor/laravel/framework/src/Illuminate/Http/Middleware/AddLinkHeadersForPreloadedAssets.php(20): Illuminate/Pipeline/Pipeline->Illuminate/Pipeline/{closure}()
#24 D:/laragon-new/laragon/www/hotel-beach-way/vendor/laravel/framework/src/Illuminate/Pipeline/Pipeline.php(183): Illuminate/Http/Middleware/AddLinkHeadersForPreloadedAssets->handle()
#25 D:/laragon-new/laragon/www/hotel-beach-way/vendor/inertiajs/inertia-laravel/src/Middleware.php(87): Illuminate/Pipeline/Pipeline->Illuminate/Pipeline/{closure}()
#26 D:/laragon-new/laragon/www/hotel-beach-way/vendor/laravel/framework/src/Illuminate/Pipeline/Pipeline.php(183): Inertia/Middleware->handle()
#27 D:/laragon-new/laragon/www/hotel-beach-way/vendor/laravel/framework/src/Illuminate/Routing/Middleware/SubstituteBindings.php(50): Illuminate/Pipeline/Pipeline->Illuminate/Pipeline/{closure}()
#28 D:/laragon-new/laragon/www/hotel-beach-way/vendor/laravel/framework/src/Illuminate/Pipeline/Pipeline.php(183): Illuminate/Routing/Middleware/SubstituteBindings->handle()
#29 D:/laragon-new/laragon/www/hotel-beach-way/vendor/laravel/framework/src/Illuminate/Foundation/Http/Middleware/VerifyCsrfToken.php(78): Illuminate/Pipeline/Pipeline->Illuminate/Pipeline/{closure}()
#30 D:/laragon-new/laragon/www/hotel-beach-way/vendor/laravel/framework/src/Illuminate/Pipeline/Pipeline.php(183): Illuminate/Foundation/Http/Middleware/VerifyCsrfToken->handle()
#31 D:/laragon-new/laragon/www/hotel-beach-way/vendor/laravel/framework/src/Illuminate/View/Middleware/ShareErrorsFromSession.php(49): Illuminate/Pipeline/Pipeline->Illuminate/Pipeline/{closure}()
#32 D:/laragon-new/laragon/www/hotel-beach-way/vendor/laravel/framework/src/Illuminate/Pipeline/Pipeline.php(183): Illuminate/View/Middleware/ShareErrorsFromSession->handle()
#33 D:/laragon-new/laragon/www/hotel-beach-way/vendor/laravel/framework/src/Illuminate/Session/Middleware/StartSession.php(121): Illuminate/Pipeline/Pipeline->Illuminate/Pipeline/{closure}()
#34 D:/laragon-new/laragon/www/hotel-beach-way/vendor/laravel/framework/src/Illuminate/Session/Middleware/StartSession.php(64): Illuminate/Session/Middleware/StartSession->handleStatefulRequest()
#35 D:/laragon-new/laragon/www/hotel-beach-way/vendor/laravel/framework/src/Illuminate/Pipeline/Pipeline.php(183): Illuminate/Session/Middleware/StartSession->handle()
#36 D:/laragon-new/laragon/www/hotel-beach-way/vendor/laravel/framework/src/Illuminate/Cookie/Middleware/AddQueuedCookiesToResponse.php(37): Illuminate/Pipeline/Pipeline->Illuminate/Pipeline/{closure}()
#37 D:/laragon-new/laragon/www/hotel-beach-way/vendor/laravel/framework/src/Illuminate/Pipeline/Pipeline.php(183): Illuminate/Cookie/Middleware/AddQueuedCookiesToResponse->handle()
#38 D:/laragon-new/laragon/www/hotel-beach-way/vendor/laravel/framework/src/Illuminate/Cookie/Middleware/EncryptCookies.php(67): Illuminate/Pipeline/Pipeline->Illuminate/Pipeline/{closure}()
#39 D:/laragon-new/laragon/www/hotel-beach-way/vendor/laravel/framework/src/Illuminate/Pipeline/Pipeline.php(183): Illuminate/Cookie/Middleware/EncryptCookies->handle()
#40 D:/laragon-new/laragon/www/hotel-beach-way/vendor/laravel/framework/src/Illuminate/Pipeline/Pipeline.php(119): Illuminate/Pipeline/Pipeline->Illuminate/Pipeline/{closure}()
#41 D:/laragon-new/laragon/www/hotel-beach-way/vendor/laravel/framework/src/Illuminate/Routing/Router.php(807): Illuminate/Pipeline/Pipeline->then()
#42 D:/laragon-new/laragon/www/hotel-beach-way/vendor/laravel/framework/src/Illuminate/Routing/Router.php(784): Illuminate/Routing/Router->runRouteWithinStack()
#43 D:/laragon-new/laragon/www/hotel-beach-way/vendor/laravel/framework/src/Illuminate/Routing/Router.php(748): Illuminate/Routing/Router->runRoute()
#44 D:/laragon-new/laragon/www/hotel-beach-way/vendor/laravel/framework/src/Illuminate/Routing/Router.php(737): Illuminate/Routing/Router->dispatchToRoute()
#45 D:/laragon-new/laragon/www/hotel-beach-way/vendor/laravel/framework/src/Illuminate/Foundation/Http/Kernel.php(200): Illuminate/Routing/Router->dispatch()
#46 D:/laragon-new/laragon/www/hotel-beach-way/vendor/laravel/framework/src/Illuminate/Pipeline/Pipeline.php(144): Illuminate/Foundation/Http/Kernel->Illuminate/Foundation/Http/{closure}()
#47 D:/laragon-new/laragon/www/hotel-beach-way/vendor/laravel/framework/src/Illuminate/Foundation/Http/Middleware/TransformsRequest.php(21): Illuminate/Pipeline/Pipeline->Illuminate/Pipeline/{closure}()
#48 D:/laragon-new/laragon/www/hotel-beach-way/vendor/laravel/framework/src/Illuminate/Foundation/Http/Middleware/ConvertEmptyStringsToNull.php(31): Illuminate/Foundation/Http/Middleware/TransformsRequest->handle()
#49 D:/laragon-new/laragon/www/hotel-beach-way/vendor/laravel/framework/src/Illuminate/Pipeline/Pipeline.php(183): Illuminate/Foundation/Http/Middleware/ConvertEmptyStringsToNull->handle()
#50 D:/laragon-new/laragon/www/hotel-beach-way/vendor/laravel/framework/src/Illuminate/Foundation/Http/Middleware/TransformsRequest.php(21): Illuminate/Pipeline/Pipeline->Illuminate/Pipeline/{closure}()
#51 D:/laragon-new/laragon/www/hotel-beach-way/vendor/laravel/framework/src/Illuminate/Foundation/Http/Middleware/TrimStrings.php(40): Illuminate/Foundation/Http/Middleware/TransformsRequest->handle()
#52 D:/laragon-new/laragon/www/hotel-beach-way/vendor/laravel/framework/src/Illuminate/Pipeline/Pipeline.php(183): Illuminate/Foundation/Http/Middleware/TrimStrings->handle()
#53 D:/laragon-new/laragon/www/hotel-beach-way/vendor/laravel/framework/src/Illuminate/Foundation/Http/Middleware/ValidatePostSize.php(27): Illuminate/Pipeline/Pipeline->Illuminate/Pipeline/{closure}()
#54 D:/laragon-new/laragon/www/hotel-beach-way/vendor/laravel/framework/src/Illuminate/Pipeline/Pipeline.php(183): Illuminate/Foundation/Http/Middleware/ValidatePostSize->handle()
#55 D:/laragon-new/laragon/www/hotel-beach-way/vendor/laravel/framework/src/Illuminate/Foundation/Http/Middleware/PreventRequestsDuringMaintenance.php(99): Illuminate/Pipeline/Pipeline->Illuminate/Pipeline/{closure}()
#56 D:/laragon-new/laragon/www/hotel-beach-way/vendor/laravel/framework/src/Illuminate/Pipeline/Pipeline.php(183): Illuminate/Foundation/Http/Middleware/PreventRequestsDuringMaintenance->handle()
#57 D:/laragon-new/laragon/www/hotel-beach-way/vendor/laravel/framework/src/Illuminate/Http/Middleware/HandleCors.php(49): Illuminate/Pipeline/Pipeline->Illuminate/Pipeline/{closure}()
#58 D:/laragon-new/laragon/www/hotel-beach-way/vendor/laravel/framework/src/Illuminate/Pipeline/Pipeline.php(183): Illuminate/Http/Middleware/HandleCors->handle()
#59 D:/laragon-new/laragon/www/hotel-beach-way/vendor/laravel/framework/src/Illuminate/Http/Middleware/TrustProxies.php(39): Illuminate/Pipeline/Pipeline->Illuminate/Pipeline/{closure}()
#60 D:/laragon-new/laragon/www/hotel-beach-way/vendor/laravel/framework/src/Illuminate/Pipeline/Pipeline.php(183): Illuminate/Http/Middleware/TrustProxies->handle()
#61 D:/laragon-new/laragon/www/hotel-beach-way/vendor/laravel/framework/src/Illuminate/Pipeline/Pipeline.php(119): Illuminate/Pipeline/Pipeline->Illuminate/Pipeline/{closure}()
#62 D:/laragon-new/laragon/www/hotel-beach-way/vendor/laravel/framework/src/Illuminate/Foundation/Http/Kernel.php(175): Illuminate/Pipeline/Pipeline->then()
#63 D:/laragon-new/laragon/www/hotel-beach-way/vendor/laravel/framework/src/Illuminate/Foundation/Http/Kernel.php(144): Illuminate/Foundation/Http/Kernel->sendRequestThroughRouter()
#64 D:/laragon-new/laragon/www/hotel-beach-way/public/index.php(52): Illuminate/Foundation/Http/Kernel->handle()
#65 D:/laragon-new/laragon/www/hotel-beach-way/vendor/laravel/framework/src/Illuminate/Foundation/resources/server.php(16): require_once('...')
#66 {main}

[previous exception] [object] (Exception(code: 0): Unable to locate file in Vite manifest: resources/css/app.css. at D:/laragon-new/laragon/www/hotel-beach-way/vendor/laravel/framework/src/Illuminate/Foundation/Vite.php:781)
[stacktrace]
#0 D:/laragon-new/laragon/www/hotel-beach-way/vendor/laravel/framework/src/Illuminate/Foundation/Vite.php(299): Illuminate/Foundation/Vite->chunk()
#1 D:/laragon-new/laragon/www/hotel-beach-way/storage/framework/views/92c133f09f06fbb2971efccaeae44d06.php(15): Illuminate/Foundation/Vite->__invoke()
#2 D:/laragon-new/laragon/www/hotel-beach-way/vendor/laravel/framework/src/Illuminate/Filesystem/Filesystem.php(123): require('...')
#3 D:/laragon-new/laragon/www/hotel-beach-way/vendor/laravel/framework/src/Illuminate/Filesystem/Filesystem.php(124): Illuminate/Filesystem/Filesystem::Illuminate/Filesystem/{closure}()
#4 D:/laragon-new/laragon/www/hotel-beach-way/vendor/laravel/framework/src/Illuminate/View/Engines/PhpEngine.php(58): Illuminate/Filesystem/Filesystem->getRequire()
#5 D:/laragon-new/laragon/www/hotel-beach-way/vendor/laravel/framework/src/Illuminate/View/Engines/CompilerEngine.php(72): Illuminate/View/Engines/PhpEngine->evaluatePath()
#6 D:/laragon-new/laragon/www/hotel-beach-way/vendor/laravel/framework/src/Illuminate/View/View.php(207): Illuminate/View/Engines/CompilerEngine->get()
#7 D:/laragon-new/laragon/www/hotel-beach-way/vendor/laravel/framework/src/Illuminate/View/View.php(190): Illuminate/View/View->getContents()
#8 D:/laragon-new/laragon/www/hotel-beach-way/vendor/laravel/framework/src/Illuminate/View/View.php(159): Illuminate/View/View->renderContents()
#9 D:/laragon-new/laragon/www/hotel-beach-way/storage/framework/views/f2fdc942be2c31cf4bbe2ea52eee727f.php(235): Illuminate/View/View->render()
#10 D:/laragon-new/laragon/www/hotel-beach-way/vendor/laravel/framework/src/Illuminate/Filesystem/Filesystem.php(123): require('...')
#11 D:/laragon-new/laragon/www/hotel-beach-way/vendor/laravel/framework/src/Illuminate/Filesystem/Filesystem.php(124): Illuminate/Filesystem/Filesystem::Illuminate/Filesystem/{closure}()
#12 D:/laragon-new/laragon/www/hotel-beach-way/vendor/laravel/framework/src/Illuminate/View/Engines/PhpEngine.php(58): Illuminate/Filesystem/Filesystem->getRequire()
#13 D:/laragon-new/laragon/www/hotel-beach-way/vendor/laravel/framework/src/Illuminate/View/Engines/CompilerEngine.php(72): Illuminate/View/Engines/PhpEngine->evaluatePath()
#14 D:/laragon-new/laragon/www/hotel-beach-way/vendor/laravel/framework/src/Illuminate/View/View.php(207): Illuminate/View/Engines/CompilerEngine->get()
#15 D:/laragon-new/laragon/www/hotel-beach-way/vendor/laravel/framework/src/Illuminate/View/View.php(190): Illuminate/View/View->getContents()
#16 D:/laragon-new/laragon/www/hotel-beach-way/vendor/laravel/framework/src/Illuminate/View/View.php(159): Illuminate/View/View->renderContents()
#17 D:/laragon-new/laragon/www/hotel-beach-way/vendor/laravel/framework/src/Illuminate/Http/Response.php(69): Illuminate/View/View->render()
#18 D:/laragon-new/laragon/www/hotel-beach-way/vendor/laravel/framework/src/Illuminate/Http/Response.php(35): Illuminate/Http/Response->setContent()
#19 D:/laragon-new/laragon/www/hotel-beach-way/vendor/laravel/framework/src/Illuminate/Routing/Router.php(918): Illuminate/Http/Response->__construct()
#20 D:/laragon-new/laragon/www/hotel-beach-way/vendor/laravel/framework/src/Illuminate/Routing/Router.php(885): Illuminate/Routing/Router::toResponse()
#21 D:/laragon-new/laragon/www/hotel-beach-way/vendor/laravel/framework/src/Illuminate/Routing/Router.php(806): Illuminate/Routing/Router->prepareResponse()
#22 D:/laragon-new/laragon/www/hotel-beach-way/vendor/laravel/framework/src/Illuminate/Pipeline/Pipeline.php(144): Illuminate/Routing/Router->Illuminate/Routing/{closure}()
#23 D:/laragon-new/laragon/www/hotel-beach-way/vendor/laravel/framework/src/Illuminate/Http/Middleware/AddLinkHeadersForPreloadedAssets.php(20): Illuminate/Pipeline/Pipeline->Illuminate/Pipeline/{closure}()
#24 D:/laragon-new/laragon/www/hotel-beach-way/vendor/laravel/framework/src/Illuminate/Pipeline/Pipeline.php(183): Illuminate/Http/Middleware/AddLinkHeadersForPreloadedAssets->handle()
#25 D:/laragon-new/laragon/www/hotel-beach-way/vendor/inertiajs/inertia-laravel/src/Middleware.php(87): Illuminate/Pipeline/Pipeline->Illuminate/Pipeline/{closure}()
#26 D:/laragon-new/laragon/www/hotel-beach-way/vendor/laravel/framework/src/Illuminate/Pipeline/Pipeline.php(183): Inertia/Middleware->handle()
#27 D:/laragon-new/laragon/www/hotel-beach-way/vendor/laravel/framework/src/Illuminate/Routing/Middleware/SubstituteBindings.php(50): Illuminate/Pipeline/Pipeline->Illuminate/Pipeline/{closure}()
#28 D:/laragon-new/laragon/www/hotel-beach-way/vendor/laravel/framework/src/Illuminate/Pipeline/Pipeline.php(183): Illuminate/Routing/Middleware/SubstituteBindings->handle()
#29 D:/laragon-new/laragon/www/hotel-beach-way/vendor/laravel/framework/src/Illuminate/Foundation/Http/Middleware/VerifyCsrfToken.php(78): Illuminate/Pipeline/Pipeline->Illuminate/Pipeline/{closure}()
#30 D:/laragon-new/laragon/www/hotel-beach-way/vendor/laravel/framework/src/Illuminate/Pipeline/Pipeline.php(183): Illuminate/Foundation/Http/Middleware/VerifyCsrfToken->handle()
#31 D:/laragon-new/laragon/www/hotel-beach-way/vendor/laravel/framework/src/Illuminate/View/Middleware/ShareErrorsFromSession.php(49): Illuminate/Pipeline/Pipeline->Illuminate/Pipeline/{closure}()
#32 D:/laragon-new/laragon/www/hotel-beach-way/vendor/laravel/framework/src/Illuminate/Pipeline/Pipeline.php(183): Illuminate/View/Middleware/ShareErrorsFromSession->handle()
#33 D:/laragon-new/laragon/www/hotel-beach-way/vendor/laravel/framework/src/Illuminate/Session/Middleware/StartSession.php(121): Illuminate/Pipeline/Pipeline->Illuminate/Pipeline/{closure}()
#34 D:/laragon-new/laragon/www/hotel-beach-way/vendor/laravel/framework/src/Illuminate/Session/Middleware/StartSession.php(64): Illuminate/Session/Middleware/StartSession->handleStatefulRequest()
#35 D:/laragon-new/laragon/www/hotel-beach-way/vendor/laravel/framework/src/Illuminate/Pipeline/Pipeline.php(183): Illuminate/Session/Middleware/StartSession->handle()
#36 D:/laragon-new/laragon/www/hotel-beach-way/vendor/laravel/framework/src/Illuminate/Cookie/Middleware/AddQueuedCookiesToResponse.php(37): Illuminate/Pipeline/Pipeline->Illuminate/Pipeline/{closure}()
#37 D:/laragon-new/laragon/www/hotel-beach-way/vendor/laravel/framework/src/Illuminate/Pipeline/Pipeline.php(183): Illuminate/Cookie/Middleware/AddQueuedCookiesToResponse->handle()
#38 D:/laragon-new/laragon/www/hotel-beach-way/vendor/laravel/framework/src/Illuminate/Cookie/Middleware/EncryptCookies.php(67): Illuminate/Pipeline/Pipeline->Illuminate/Pipeline/{closure}()
#39 D:/laragon-new/laragon/www/hotel-beach-way/vendor/laravel/framework/src/Illuminate/Pipeline/Pipeline.php(183): Illuminate/Cookie/Middleware/EncryptCookies->handle()
#40 D:/laragon-new/laragon/www/hotel-beach-way/vendor/laravel/framework/src/Illuminate/Pipeline/Pipeline.php(119): Illuminate/Pipeline/Pipeline->Illuminate/Pipeline/{closure}()
#41 D:/laragon-new/laragon/www/hotel-beach-way/vendor/laravel/framework/src/Illuminate/Routing/Router.php(807): Illuminate/Pipeline/Pipeline->then()
#42 D:/laragon-new/laragon/www/hotel-beach-way/vendor/laravel/framework/src/Illuminate/Routing/Router.php(784): Illuminate/Routing/Router->runRouteWithinStack()
#43 D:/laragon-new/laragon/www/hotel-beach-way/vendor/laravel/framework/src/Illuminate/Routing/Router.php(748): Illuminate/Routing/Router->runRoute()
#44 D:/laragon-new/laragon/www/hotel-beach-way/vendor/laravel/framework/src/Illuminate/Routing/Router.php(737): Illuminate/Routing/Router->dispatchToRoute()
#45 D:/laragon-new/laragon/www/hotel-beach-way/vendor/laravel/framework/src/Illuminate/Foundation/Http/Kernel.php(200): Illuminate/Routing/Router->dispatch()
#46 D:/laragon-new/laragon/www/hotel-beach-way/vendor/laravel/framework/src/Illuminate/Pipeline/Pipeline.php(144): Illuminate/Foundation/Http/Kernel->Illuminate/Foundation/Http/{closure}()
#47 D:/laragon-new/laragon/www/hotel-beach-way/vendor/laravel/framework/src/Illuminate/Foundation/Http/Middleware/TransformsRequest.php(21): Illuminate/Pipeline/Pipeline->Illuminate/Pipeline/{closure}()
#48 D:/laragon-new/laragon/www/hotel-beach-way/vendor/laravel/framework/src/Illuminate/Foundation/Http/Middleware/ConvertEmptyStringsToNull.php(31): Illuminate/Foundation/Http/Middleware/TransformsRequest->handle()
#49 D:/laragon-new/laragon/www/hotel-beach-way/vendor/laravel/framework/src/Illuminate/Pipeline/Pipeline.php(183): Illuminate/Foundation/Http/Middleware/ConvertEmptyStringsToNull->handle()
#50 D:/laragon-new/laragon/www/hotel-beach-way/vendor/laravel/framework/src/Illuminate/Foundation/Http/Middleware/TransformsRequest.php(21): Illuminate/Pipeline/Pipeline->Illuminate/Pipeline/{closure}()
#51 D:/laragon-new/laragon/www/hotel-beach-way/vendor/laravel/framework/src/Illuminate/Foundation/Http/Middleware/TrimStrings.php(40): Illuminate/Foundation/Http/Middleware/TransformsRequest->handle()
#52 D:/laragon-new/laragon/www/hotel-beach-way/vendor/laravel/framework/src/Illuminate/Pipeline/Pipeline.php(183): Illuminate/Foundation/Http/Middleware/TrimStrings->handle()
#53 D:/laragon-new/laragon/www/hotel-beach-way/vendor/laravel/framework/src/Illuminate/Foundation/Http/Middleware/ValidatePostSize.php(27): Illuminate/Pipeline/Pipeline->Illuminate/Pipeline/{closure}()
#54 D:/laragon-new/laragon/www/hotel-beach-way/vendor/laravel/framework/src/Illuminate/Pipeline/Pipeline.php(183): Illuminate/Foundation/Http/Middleware/ValidatePostSize->handle()
#55 D:/laragon-new/laragon/www/hotel-beach-way/vendor/laravel/framework/src/Illuminate/Foundation/Http/Middleware/PreventRequestsDuringMaintenance.php(99): Illuminate/Pipeline/Pipeline->Illuminate/Pipeline/{closure}()
#56 D:/laragon-new/laragon/www/hotel-beach-way/vendor/laravel/framework/src/Illuminate/Pipeline/Pipeline.php(183): Illuminate/Foundation/Http/Middleware/PreventRequestsDuringMaintenance->handle()
#57 D:/laragon-new/laragon/www/hotel-beach-way/vendor/laravel/framework/src/Illuminate/Http/Middleware/HandleCors.php(49): Illuminate/Pipeline/Pipeline->Illuminate/Pipeline/{closure}()
#58 D:/laragon-new/laragon/www/hotel-beach-way/vendor/laravel/framework/src/Illuminate/Pipeline/Pipeline.php(183): Illuminate/Http/Middleware/HandleCors->handle()
#59 D:/laragon-new/laragon/www/hotel-beach-way/vendor/laravel/framework/src/Illuminate/Http/Middleware/TrustProxies.php(39): Illuminate/Pipeline/Pipeline->Illuminate/Pipeline/{closure}()
#60 D:/laragon-new/laragon/www/hotel-beach-way/vendor/laravel/framework/src/Illuminate/Pipeline/Pipeline.php(183): Illuminate/Http/Middleware/TrustProxies->handle()
#61 D:/laragon-new/laragon/www/hotel-beach-way/vendor/laravel/framework/src/Illuminate/Pipeline/Pipeline.php(119): Illuminate/Pipeline/Pipeline->Illuminate/Pipeline/{closure}()
#62 D:/laragon-new/laragon/www/hotel-beach-way/vendor/laravel/framework/src/Illuminate/Foundation/Http/Kernel.php(175): Illuminate/Pipeline/Pipeline->then()
#63 D:/laragon-new/laragon/www/hotel-beach-way/vendor/laravel/framework/src/Illuminate/Foundation/Http/Kernel.php(144): Illuminate/Foundation/Http/Kernel->sendRequestThroughRouter()
#64 D:/laragon-new/laragon/www/hotel-beach-way/public/index.php(52): Illuminate/Foundation/Http/Kernel->handle()
#65 D:/laragon-new/laragon/www/hotel-beach-way/vendor/laravel/framework/src/Illuminate/Foundation/resources/server.php(16): require_once('...')
#66 {main}
"} 
[2026-06-14 15:21:25] local.ERROR: syntax error, unexpected token "endif" {"view":{"view":"D:\\laragon-new\\laragon\\www\\hotel-beach-way\\resources\\views\\frontend\\home.blade.php","data":[]},"userId":1,"exception":"[object] (Spatie\\LaravelIgnition\\Exceptions\\ViewException(code: 0): syntax error, unexpected token \"endif\" at D:/laragon-new/laragon/www/hotel-beach-way/resources/views/frontend/home.blade.php:244)
[stacktrace]
#0 D:/laragon-new/laragon/www/hotel-beach-way/vendor/laravel/framework/src/Illuminate/Filesystem/Filesystem.php(124): Illuminate/Filesystem/Filesystem::Illuminate/Filesystem/{closure}()
#1 D:/laragon-new/laragon/www/hotel-beach-way/vendor/laravel/framework/src/Illuminate/View/Engines/PhpEngine.php(58): Illuminate/Filesystem/Filesystem->getRequire()
#2 D:/laragon-new/laragon/www/hotel-beach-way/vendor/laravel/framework/src/Illuminate/View/Engines/CompilerEngine.php(72): Illuminate/View/Engines/PhpEngine->evaluatePath()
#3 D:/laragon-new/laragon/www/hotel-beach-way/vendor/laravel/framework/src/Illuminate/View/View.php(207): Illuminate/View/Engines/CompilerEngine->get()
#4 D:/laragon-new/laragon/www/hotel-beach-way/vendor/laravel/framework/src/Illuminate/View/View.php(190): Illuminate/View/View->getContents()
#5 D:/laragon-new/laragon/www/hotel-beach-way/vendor/laravel/framework/src/Illuminate/View/View.php(159): Illuminate/View/View->renderContents()
#6 D:/laragon-new/laragon/www/hotel-beach-way/vendor/laravel/framework/src/Illuminate/Http/Response.php(69): Illuminate/View/View->render()
#7 D:/laragon-new/laragon/www/hotel-beach-way/vendor/laravel/framework/src/Illuminate/Http/Response.php(35): Illuminate/Http/Response->setContent()
#8 D:/laragon-new/laragon/www/hotel-beach-way/vendor/laravel/framework/src/Illuminate/Routing/Router.php(918): Illuminate/Http/Response->__construct()
#9 D:/laragon-new/laragon/www/hotel-beach-way/vendor/laravel/framework/src/Illuminate/Routing/Router.php(885): Illuminate/Routing/Router::toResponse()
#10 D:/laragon-new/laragon/www/hotel-beach-way/vendor/laravel/framework/src/Illuminate/Routing/Router.php(806): Illuminate/Routing/Router->prepareResponse()
#11 D:/laragon-new/laragon/www/hotel-beach-way/vendor/laravel/framework/src/Illuminate/Pipeline/Pipeline.php(144): Illuminate/Routing/Router->Illuminate/Routing/{closure}()
#12 D:/laragon-new/laragon/www/hotel-beach-way/vendor/laravel/framework/src/Illuminate/Http/Middleware/AddLinkHeadersForPreloadedAssets.php(20): Illuminate/Pipeline/Pipeline->Illuminate/Pipeline/{closure}()
#13 D:/laragon-new/laragon/www/hotel-beach-way/vendor/laravel/framework/src/Illuminate/Pipeline/Pipeline.php(183): Illuminate/Http/Middleware/AddLinkHeadersForPreloadedAssets->handle()
#14 D:/laragon-new/laragon/www/hotel-beach-way/vendor/inertiajs/inertia-laravel/src/Middleware.php(87): Illuminate/Pipeline/Pipeline->Illuminate/Pipeline/{closure}()
#15 D:/laragon-new/laragon/www/hotel-beach-way/vendor/laravel/framework/src/Illuminate/Pipeline/Pipeline.php(183): Inertia/Middleware->handle()
#16 D:/laragon-new/laragon/www/hotel-beach-way/vendor/laravel/framework/src/Illuminate/Routing/Middleware/SubstituteBindings.php(50): Illuminate/Pipeline/Pipeline->Illuminate/Pipeline/{closure}()
#17 D:/laragon-new/laragon/www/hotel-beach-way/vendor/laravel/framework/src/Illuminate/Pipeline/Pipeline.php(183): Illuminate/Routing/Middleware/SubstituteBindings->handle()
#18 D:/laragon-new/laragon/www/hotel-beach-way/vendor/laravel/framework/src/Illuminate/Foundation/Http/Middleware/VerifyCsrfToken.php(78): Illuminate/Pipeline/Pipeline->Illuminate/Pipeline/{closure}()
#19 D:/laragon-new/laragon/www/hotel-beach-way/vendor/laravel/framework/src/Illuminate/Pipeline/Pipeline.php(183): Illuminate/Foundation/Http/Middleware/VerifyCsrfToken->handle()
#20 D:/laragon-new/laragon/www/hotel-beach-way/vendor/laravel/framework/src/Illuminate/View/Middleware/ShareErrorsFromSession.php(49): Illuminate/Pipeline/Pipeline->Illuminate/Pipeline/{closure}()
#21 D:/laragon-new/laragon/www/hotel-beach-way/vendor/laravel/framework/src/Illuminate/Pipeline/Pipeline.php(183): Illuminate/View/Middleware/ShareErrorsFromSession->handle()
#22 D:/laragon-new/laragon/www/hotel-beach-way/vendor/laravel/framework/src/Illuminate/Session/Middleware/StartSession.php(121): Illuminate/Pipeline/Pipeline->Illuminate/Pipeline/{closure}()
#23 D:/laragon-new/laragon/www/hotel-beach-way/vendor/laravel/framework/src/Illuminate/Session/Middleware/StartSession.php(64): Illuminate/Session/Middleware/StartSession->handleStatefulRequest()
#24 D:/laragon-new/laragon/www/hotel-beach-way/vendor/laravel/framework/src/Illuminate/Pipeline/Pipeline.php(183): Illuminate/Session/Middleware/StartSession->handle()
#25 D:/laragon-new/laragon/www/hotel-beach-way/vendor/laravel/framework/src/Illuminate/Cookie/Middleware/AddQueuedCookiesToResponse.php(37): Illuminate/Pipeline/Pipeline->Illuminate/Pipeline/{closure}()
#26 D:/laragon-new/laragon/www/hotel-beach-way/vendor/laravel/framework/src/Illuminate/Pipeline/Pipeline.php(183): Illuminate/Cookie/Middleware/AddQueuedCookiesToResponse->handle()
#27 D:/laragon-new/laragon/www/hotel-beach-way/vendor/laravel/framework/src/Illuminate/Cookie/Middleware/EncryptCookies.php(67): Illuminate/Pipeline/Pipeline->Illuminate/Pipeline/{closure}()
#28 D:/laragon-new/laragon/www/hotel-beach-way/vendor/laravel/framework/src/Illuminate/Pipeline/Pipeline.php(183): Illuminate/Cookie/Middleware/EncryptCookies->handle()
#29 D:/laragon-new/laragon/www/hotel-beach-way/vendor/laravel/framework/src/Illuminate/Pipeline/Pipeline.php(119): Illuminate/Pipeline/Pipeline->Illuminate/Pipeline/{closure}()
#30 D:/laragon-new/laragon/www/hotel-beach-way/vendor/laravel/framework/src/Illuminate/Routing/Router.php(807): Illuminate/Pipeline/Pipeline->then()
#31 D:/laragon-new/laragon/www/hotel-beach-way/vendor/laravel/framework/src/Illuminate/Routing/Router.php(784): Illuminate/Routing/Router->runRouteWithinStack()
#32 D:/laragon-new/laragon/www/hotel-beach-way/vendor/laravel/framework/src/Illuminate/Routing/Router.php(748): Illuminate/Routing/Router->runRoute()
#33 D:/laragon-new/laragon/www/hotel-beach-way/vendor/laravel/framework/src/Illuminate/Routing/Router.php(737): Illuminate/Routing/Router->dispatchToRoute()
#34 D:/laragon-new/laragon/www/hotel-beach-way/vendor/laravel/framework/src/Illuminate/Foundation/Http/Kernel.php(200): Illuminate/Routing/Router->dispatch()
#35 D:/laragon-new/laragon/www/hotel-beach-way/vendor/laravel/framework/src/Illuminate/Pipeline/Pipeline.php(144): Illuminate/Foundation/Http/Kernel->Illuminate/Foundation/Http/{closure}()
#36 D:/laragon-new/laragon/www/hotel-beach-way/vendor/laravel/framework/src/Illuminate/Foundation/Http/Middleware/TransformsRequest.php(21): Illuminate/Pipeline/Pipeline->Illuminate/Pipeline/{closure}()
#37 D:/laragon-new/laragon/www/hotel-beach-way/vendor/laravel/framework/src/Illuminate/Foundation/Http/Middleware/ConvertEmptyStringsToNull.php(31): Illuminate/Foundation/Http/Middleware/TransformsRequest->handle()
#38 D:/laragon-new/laragon/www/hotel-beach-way/vendor/laravel/framework/src/Illuminate/Pipeline/Pipeline.php(183): Illuminate/Foundation/Http/Middleware/ConvertEmptyStringsToNull->handle()
#39 D:/laragon-new/laragon/www/hotel-beach-way/vendor/laravel/framework/src/Illuminate/Foundation/Http/Middleware/TransformsRequest.php(21): Illuminate/Pipeline/Pipeline->Illuminate/Pipeline/{closure}()
#40 D:/laragon-new/laragon/www/hotel-beach-way/vendor/laravel/framework/src/Illuminate/Foundation/Http/Middleware/TrimStrings.php(40): Illuminate/Foundation/Http/Middleware/TransformsRequest->handle()
#41 D:/laragon-new/laragon/www/hotel-beach-way/vendor/laravel/framework/src/Illuminate/Pipeline/Pipeline.php(183): Illuminate/Foundation/Http/Middleware/TrimStrings->handle()
#42 D:/laragon-new/laragon/www/hotel-beach-way/vendor/laravel/framework/src/Illuminate/Foundation/Http/Middleware/ValidatePostSize.php(27): Illuminate/Pipeline/Pipeline->Illuminate/Pipeline/{closure}()
#43 D:/laragon-new/laragon/www/hotel-beach-way/vendor/laravel/framework/src/Illuminate/Pipeline/Pipeline.php(183): Illuminate/Foundation/Http/Middleware/ValidatePostSize->handle()
#44 D:/laragon-new/laragon/www/hotel-beach-way/vendor/laravel/framework/src/Illuminate/Foundation/Http/Middleware/PreventRequestsDuringMaintenance.php(99): Illuminate/Pipeline/Pipeline->Illuminate/Pipeline/{closure}()
#45 D:/laragon-new/laragon/www/hotel-beach-way/vendor/laravel/framework/src/Illuminate/Pipeline/Pipeline.php(183): Illuminate/Foundation/Http/Middleware/PreventRequestsDuringMaintenance->handle()
#46 D:/laragon-new/laragon/www/hotel-beach-way/vendor/laravel/framework/src/Illuminate/Http/Middleware/HandleCors.php(49): Illuminate/Pipeline/Pipeline->Illuminate/Pipeline/{closure}()
#47 D:/laragon-new/laragon/www/hotel-beach-way/vendor/laravel/framework/src/Illuminate/Pipeline/Pipeline.php(183): Illuminate/Http/Middleware/HandleCors->handle()
#48 D:/laragon-new/laragon/www/hotel-beach-way/vendor/laravel/framework/src/Illuminate/Http/Middleware/TrustProxies.php(39): Illuminate/Pipeline/Pipeline->Illuminate/Pipeline/{closure}()
#49 D:/laragon-new/laragon/www/hotel-beach-way/vendor/laravel/framework/src/Illuminate/Pipeline/Pipeline.php(183): Illuminate/Http/Middleware/TrustProxies->handle()
#50 D:/laragon-new/laragon/www/hotel-beach-way/vendor/laravel/framework/src/Illuminate/Pipeline/Pipeline.php(119): Illuminate/Pipeline/Pipeline->Illuminate/Pipeline/{closure}()
#51 D:/laragon-new/laragon/www/hotel-beach-way/vendor/laravel/framework/src/Illuminate/Foundation/Http/Kernel.php(175): Illuminate/Pipeline/Pipeline->then()
#52 D:/laragon-new/laragon/www/hotel-beach-way/vendor/laravel/framework/src/Illuminate/Foundation/Http/Kernel.php(144): Illuminate/Foundation/Http/Kernel->sendRequestThroughRouter()
#53 D:/laragon-new/laragon/www/hotel-beach-way/public/index.php(52): Illuminate/Foundation/Http/Kernel->handle()
#54 D:/laragon-new/laragon/www/hotel-beach-way/vendor/laravel/framework/src/Illuminate/Foundation/resources/server.php(16): require_once('...')
#55 {main}

[previous exception] [object] (ParseError(code: 0): syntax error, unexpected token \"endif\" at D:/laragon-new/laragon/www/hotel-beach-way/storage/framework/views/f2fdc942be2c31cf4bbe2ea52eee727f.php:244)
[stacktrace]
#0 D:/laragon-new/laragon/www/hotel-beach-way/vendor/laravel/framework/src/Illuminate/Filesystem/Filesystem.php(124): Illuminate/Filesystem/Filesystem::Illuminate/Filesystem/{closure}()
#1 D:/laragon-new/laragon/www/hotel-beach-way/vendor/laravel/framework/src/Illuminate/View/Engines/PhpEngine.php(58): Illuminate/Filesystem/Filesystem->getRequire()
#2 D:/laragon-new/laragon/www/hotel-beach-way/vendor/laravel/framework/src/Illuminate/View/Engines/CompilerEngine.php(72): Illuminate/View/Engines/PhpEngine->evaluatePath()
#3 D:/laragon-new/laragon/www/hotel-beach-way/vendor/laravel/framework/src/Illuminate/View/View.php(207): Illuminate/View/Engines/CompilerEngine->get()
#4 D:/laragon-new/laragon/www/hotel-beach-way/vendor/laravel/framework/src/Illuminate/View/View.php(190): Illuminate/View/View->getContents()
#5 D:/laragon-new/laragon/www/hotel-beach-way/vendor/laravel/framework/src/Illuminate/View/View.php(159): Illuminate/View/View->renderContents()
#6 D:/laragon-new/laragon/www/hotel-beach-way/vendor/laravel/framework/src/Illuminate/Http/Response.php(69): Illuminate/View/View->render()
#7 D:/laragon-new/laragon/www/hotel-beach-way/vendor/laravel/framework/src/Illuminate/Http/Response.php(35): Illuminate/Http/Response->setContent()
#8 D:/laragon-new/laragon/www/hotel-beach-way/vendor/laravel/framework/src/Illuminate/Routing/Router.php(918): Illuminate/Http/Response->__construct()
#9 D:/laragon-new/laragon/www/hotel-beach-way/vendor/laravel/framework/src/Illuminate/Routing/Router.php(885): Illuminate/Routing/Router::toResponse()
#10 D:/laragon-new/laragon/www/hotel-beach-way/vendor/laravel/framework/src/Illuminate/Routing/Router.php(806): Illuminate/Routing/Router->prepareResponse()
#11 D:/laragon-new/laragon/www/hotel-beach-way/vendor/laravel/framework/src/Illuminate/Pipeline/Pipeline.php(144): Illuminate/Routing/Router->Illuminate/Routing/{closure}()
#12 D:/laragon-new/laragon/www/hotel-beach-way/vendor/laravel/framework/src/Illuminate/Http/Middleware/AddLinkHeadersForPreloadedAssets.php(20): Illuminate/Pipeline/Pipeline->Illuminate/Pipeline/{closure}()
#13 D:/laragon-new/laragon/www/hotel-beach-way/vendor/laravel/framework/src/Illuminate/Pipeline/Pipeline.php(183): Illuminate/Http/Middleware/AddLinkHeadersForPreloadedAssets->handle()
#14 D:/laragon-new/laragon/www/hotel-beach-way/vendor/inertiajs/inertia-laravel/src/Middleware.php(87): Illuminate/Pipeline/Pipeline->Illuminate/Pipeline/{closure}()
#15 D:/laragon-new/laragon/www/hotel-beach-way/vendor/laravel/framework/src/Illuminate/Pipeline/Pipeline.php(183): Inertia/Middleware->handle()
#16 D:/laragon-new/laragon/www/hotel-beach-way/vendor/laravel/framework/src/Illuminate/Routing/Middleware/SubstituteBindings.php(50): Illuminate/Pipeline/Pipeline->Illuminate/Pipeline/{closure}()
#17 D:/laragon-new/laragon/www/hotel-beach-way/vendor/laravel/framework/src/Illuminate/Pipeline/Pipeline.php(183): Illuminate/Routing/Middleware/SubstituteBindings->handle()
#18 D:/laragon-new/laragon/www/hotel-beach-way/vendor/laravel/framework/src/Illuminate/Foundation/Http/Middleware/VerifyCsrfToken.php(78): Illuminate/Pipeline/Pipeline->Illuminate/Pipeline/{closure}()
#19 D:/laragon-new/laragon/www/hotel-beach-way/vendor/laravel/framework/src/Illuminate/Pipeline/Pipeline.php(183): Illuminate/Foundation/Http/Middleware/VerifyCsrfToken->handle()
#20 D:/laragon-new/laragon/www/hotel-beach-way/vendor/laravel/framework/src/Illuminate/View/Middleware/ShareErrorsFromSession.php(49): Illuminate/Pipeline/Pipeline->Illuminate/Pipeline/{closure}()
#21 D:/laragon-new/laragon/www/hotel-beach-way/vendor/laravel/framework/src/Illuminate/Pipeline/Pipeline.php(183): Illuminate/View/Middleware/ShareErrorsFromSession->handle()
#22 D:/laragon-new/laragon/www/hotel-beach-way/vendor/laravel/framework/src/Illuminate/Session/Middleware/StartSession.php(121): Illuminate/Pipeline/Pipeline->Illuminate/Pipeline/{closure}()
#23 D:/laragon-new/laragon/www/hotel-beach-way/vendor/laravel/framework/src/Illuminate/Session/Middleware/StartSession.php(64): Illuminate/Session/Middleware/StartSession->handleStatefulRequest()
#24 D:/laragon-new/laragon/www/hotel-beach-way/vendor/laravel/framework/src/Illuminate/Pipeline/Pipeline.php(183): Illuminate/Session/Middleware/StartSession->handle()
#25 D:/laragon-new/laragon/www/hotel-beach-way/vendor/laravel/framework/src/Illuminate/Cookie/Middleware/AddQueuedCookiesToResponse.php(37): Illuminate/Pipeline/Pipeline->Illuminate/Pipeline/{closure}()
#26 D:/laragon-new/laragon/www/hotel-beach-way/vendor/laravel/framework/src/Illuminate/Pipeline/Pipeline.php(183): Illuminate/Cookie/Middleware/AddQueuedCookiesToResponse->handle()
#27 D:/laragon-new/laragon/www/hotel-beach-way/vendor/laravel/framework/src/Illuminate/Cookie/Middleware/EncryptCookies.php(67): Illuminate/Pipeline/Pipeline->Illuminate/Pipeline/{closure}()
#28 D:/laragon-new/laragon/www/hotel-beach-way/vendor/laravel/framework/src/Illuminate/Pipeline/Pipeline.php(183): Illuminate/Cookie/Middleware/EncryptCookies->handle()
#29 D:/laragon-new/laragon/www/hotel-beach-way/vendor/laravel/framework/src/Illuminate/Pipeline/Pipeline.php(119): Illuminate/Pipeline/Pipeline->Illuminate/Pipeline/{closure}()
#30 D:/laragon-new/laragon/www/hotel-beach-way/vendor/laravel/framework/src/Illuminate/Routing/Router.php(807): Illuminate/Pipeline/Pipeline->then()
#31 D:/laragon-new/laragon/www/hotel-beach-way/vendor/laravel/framework/src/Illuminate/Routing/Router.php(784): Illuminate/Routing/Router->runRouteWithinStack()
#32 D:/laragon-new/laragon/www/hotel-beach-way/vendor/laravel/framework/src/Illuminate/Routing/Router.php(748): Illuminate/Routing/Router->runRoute()
#33 D:/laragon-new/laragon/www/hotel-beach-way/vendor/laravel/framework/src/Illuminate/Routing/Router.php(737): Illuminate/Routing/Router->dispatchToRoute()
#34 D:/laragon-new/laragon/www/hotel-beach-way/vendor/laravel/framework/src/Illuminate/Foundation/Http/Kernel.php(200): Illuminate/Routing/Router->dispatch()
#35 D:/laragon-new/laragon/www/hotel-beach-way/vendor/laravel/framework/src/Illuminate/Pipeline/Pipeline.php(144): Illuminate/Foundation/Http/Kernel->Illuminate/Foundation/Http/{closure}()
#36 D:/laragon-new/laragon/www/hotel-beach-way/vendor/laravel/framework/src/Illuminate/Foundation/Http/Middleware/TransformsRequest.php(21): Illuminate/Pipeline/Pipeline->Illuminate/Pipeline/{closure}()
#37 D:/laragon-new/laragon/www/hotel-beach-way/vendor/laravel/framework/src/Illuminate/Foundation/Http/Middleware/ConvertEmptyStringsToNull.php(31): Illuminate/Foundation/Http/Middleware/TransformsRequest->handle()
#38 D:/laragon-new/laragon/www/hotel-beach-way/vendor/laravel/framework/src/Illuminate/Pipeline/Pipeline.php(183): Illuminate/Foundation/Http/Middleware/ConvertEmptyStringsToNull->handle()
#39 D:/laragon-new/laragon/www/hotel-beach-way/vendor/laravel/framework/src/Illuminate/Foundation/Http/Middleware/TransformsRequest.php(21): Illuminate/Pipeline/Pipeline->Illuminate/Pipeline/{closure}()
#40 D:/laragon-new/laragon/www/hotel-beach-way/vendor/laravel/framework/src/Illuminate/Foundation/Http/Middleware/TrimStrings.php(40): Illuminate/Foundation/Http/Middleware/TransformsRequest->handle()
#41 D:/laragon-new/laragon/www/hotel-beach-way/vendor/laravel/framework/src/Illuminate/Pipeline/Pipeline.php(183): Illuminate/Foundation/Http/Middleware/TrimStrings->handle()
#42 D:/laragon-new/laragon/www/hotel-beach-way/vendor/laravel/framework/src/Illuminate/Foundation/Http/Middleware/ValidatePostSize.php(27): Illuminate/Pipeline/Pipeline->Illuminate/Pipeline/{closure}()
#43 D:/laragon-new/laragon/www/hotel-beach-way/vendor/laravel/framework/src/Illuminate/Pipeline/Pipeline.php(183): Illuminate/Foundation/Http/Middleware/ValidatePostSize->handle()
#44 D:/laragon-new/laragon/www/hotel-beach-way/vendor/laravel/framework/src/Illuminate/Foundation/Http/Middleware/PreventRequestsDuringMaintenance.php(99): Illuminate/Pipeline/Pipeline->Illuminate/Pipeline/{closure}()
#45 D:/laragon-new/laragon/www/hotel-beach-way/vendor/laravel/framework/src/Illuminate/Pipeline/Pipeline.php(183): Illuminate/Foundation/Http/Middleware/PreventRequestsDuringMaintenance->handle()
#46 D:/laragon-new/laragon/www/hotel-beach-way/vendor/laravel/framework/src/Illuminate/Http/Middleware/HandleCors.php(49): Illuminate/Pipeline/Pipeline->Illuminate/Pipeline/{closure}()
#47 D:/laragon-new/laragon/www/hotel-beach-way/vendor/laravel/framework/src/Illuminate/Pipeline/Pipeline.php(183): Illuminate/Http/Middleware/HandleCors->handle()
#48 D:/laragon-new/laragon/www/hotel-beach-way/vendor/laravel/framework/src/Illuminate/Http/Middleware/TrustProxies.php(39): Illuminate/Pipeline/Pipeline->Illuminate/Pipeline/{closure}()
#49 D:/laragon-new/laragon/www/hotel-beach-way/vendor/laravel/framework/src/Illuminate/Pipeline/Pipeline.php(183): Illuminate/Http/Middleware/TrustProxies->handle()
#50 D:/laragon-new/laragon/www/hotel-beach-way/vendor/laravel/framework/src/Illuminate/Pipeline/Pipeline.php(119): Illuminate/Pipeline/Pipeline->Illuminate/Pipeline/{closure}()
#51 D:/laragon-new/laragon/www/hotel-beach-way/vendor/laravel/framework/src/Illuminate/Foundation/Http/Kernel.php(175): Illuminate/Pipeline/Pipeline->then()
#52 D:/laragon-new/laragon/www/hotel-beach-way/vendor/laravel/framework/src/Illuminate/Foundation/Http/Kernel.php(144): Illuminate/Foundation/Http/Kernel->sendRequestThroughRouter()
#53 D:/laragon-new/laragon/www/hotel-beach-way/public/index.php(52): Illuminate/Foundation/Http/Kernel->handle()
#54 D:/laragon-new/laragon/www/hotel-beach-way/vendor/laravel/framework/src/Illuminate/Foundation/resources/server.php(16): require_once('...')
#55 {main}
"} 
[2026-06-14 15:22:05] local.ERROR: syntax error, unexpected token "endif" {"view":{"view":"D:\\laragon-new\\laragon\\www\\hotel-beach-way\\resources\\views\\frontend\\home.blade.php","data":[]},"userId":1,"exception":"[object] (Spatie\\LaravelIgnition\\Exceptions\\ViewException(code: 0): syntax error, unexpected token \"endif\" at D:/laragon-new/laragon/www/hotel-beach-way/resources/views/frontend/home.blade.php:249)
[stacktrace]
#0 D:/laragon-new/laragon/www/hotel-beach-way/vendor/laravel/framework/src/Illuminate/Filesystem/Filesystem.php(124): Illuminate/Filesystem/Filesystem::Illuminate/Filesystem/{closure}()
#1 D:/laragon-new/laragon/www/hotel-beach-way/vendor/laravel/framework/src/Illuminate/View/Engines/PhpEngine.php(58): Illuminate/Filesystem/Filesystem->getRequire()
#2 D:/laragon-new/laragon/www/hotel-beach-way/vendor/laravel/framework/src/Illuminate/View/Engines/CompilerEngine.php(72): Illuminate/View/Engines/PhpEngine->evaluatePath()
#3 D:/laragon-new/laragon/www/hotel-beach-way/vendor/laravel/framework/src/Illuminate/View/View.php(207): Illuminate/View/Engines/CompilerEngine->get()
#4 D:/laragon-new/laragon/www/hotel-beach-way/vendor/laravel/framework/src/Illuminate/View/View.php(190): Illuminate/View/View->getContents()
#5 D:/laragon-new/laragon/www/hotel-beach-way/vendor/laravel/framework/src/Illuminate/View/View.php(159): Illuminate/View/View->renderContents()
#6 D:/laragon-new/laragon/www/hotel-beach-way/vendor/laravel/framework/src/Illuminate/Http/Response.php(69): Illuminate/View/View->render()
#7 D:/laragon-new/laragon/www/hotel-beach-way/vendor/laravel/framework/src/Illuminate/Http/Response.php(35): Illuminate/Http/Response->setContent()
#8 D:/laragon-new/laragon/www/hotel-beach-way/vendor/laravel/framework/src/Illuminate/Routing/Router.php(918): Illuminate/Http/Response->__construct()
#9 D:/laragon-new/laragon/www/hotel-beach-way/vendor/laravel/framework/src/Illuminate/Routing/Router.php(885): Illuminate/Routing/Router::toResponse()
#10 D:/laragon-new/laragon/www/hotel-beach-way/vendor/laravel/framework/src/Illuminate/Routing/Router.php(806): Illuminate/Routing/Router->prepareResponse()
#11 D:/laragon-new/laragon/www/hotel-beach-way/vendor/laravel/framework/src/Illuminate/Pipeline/Pipeline.php(144): Illuminate/Routing/Router->Illuminate/Routing/{closure}()
#12 D:/laragon-new/laragon/www/hotel-beach-way/vendor/laravel/framework/src/Illuminate/Http/Middleware/AddLinkHeadersForPreloadedAssets.php(20): Illuminate/Pipeline/Pipeline->Illuminate/Pipeline/{closure}()
#13 D:/laragon-new/laragon/www/hotel-beach-way/vendor/laravel/framework/src/Illuminate/Pipeline/Pipeline.php(183): Illuminate/Http/Middleware/AddLinkHeadersForPreloadedAssets->handle()
#14 D:/laragon-new/laragon/www/hotel-beach-way/vendor/inertiajs/inertia-laravel/src/Middleware.php(87): Illuminate/Pipeline/Pipeline->Illuminate/Pipeline/{closure}()
#15 D:/laragon-new/laragon/www/hotel-beach-way/vendor/laravel/framework/src/Illuminate/Pipeline/Pipeline.php(183): Inertia/Middleware->handle()
#16 D:/laragon-new/laragon/www/hotel-beach-way/vendor/laravel/framework/src/Illuminate/Routing/Middleware/SubstituteBindings.php(50): Illuminate/Pipeline/Pipeline->Illuminate/Pipeline/{closure}()
#17 D:/laragon-new/laragon/www/hotel-beach-way/vendor/laravel/framework/src/Illuminate/Pipeline/Pipeline.php(183): Illuminate/Routing/Middleware/SubstituteBindings->handle()
#18 D:/laragon-new/laragon/www/hotel-beach-way/vendor/laravel/framework/src/Illuminate/Foundation/Http/Middleware/VerifyCsrfToken.php(78): Illuminate/Pipeline/Pipeline->Illuminate/Pipeline/{closure}()
#19 D:/laragon-new/laragon/www/hotel-beach-way/vendor/laravel/framework/src/Illuminate/Pipeline/Pipeline.php(183): Illuminate/Foundation/Http/Middleware/VerifyCsrfToken->handle()
#20 D:/laragon-new/laragon/www/hotel-beach-way/vendor/laravel/framework/src/Illuminate/View/Middleware/ShareErrorsFromSession.php(49): Illuminate/Pipeline/Pipeline->Illuminate/Pipeline/{closure}()
#21 D:/laragon-new/laragon/www/hotel-beach-way/vendor/laravel/framework/src/Illuminate/Pipeline/Pipeline.php(183): Illuminate/View/Middleware/ShareErrorsFromSession->handle()
#22 D:/laragon-new/laragon/www/hotel-beach-way/vendor/laravel/framework/src/Illuminate/Session/Middleware/StartSession.php(121): Illuminate/Pipeline/Pipeline->Illuminate/Pipeline/{closure}()
#23 D:/laragon-new/laragon/www/hotel-beach-way/vendor/laravel/framework/src/Illuminate/Session/Middleware/StartSession.php(64): Illuminate/Session/Middleware/StartSession->handleStatefulRequest()
#24 D:/laragon-new/laragon/www/hotel-beach-way/vendor/laravel/framework/src/Illuminate/Pipeline/Pipeline.php(183): Illuminate/Session/Middleware/StartSession->handle()
#25 D:/laragon-new/laragon/www/hotel-beach-way/vendor/laravel/framework/src/Illuminate/Cookie/Middleware/AddQueuedCookiesToResponse.php(37): Illuminate/Pipeline/Pipeline->Illuminate/Pipeline/{closure}()
#26 D:/laragon-new/laragon/www/hotel-beach-way/vendor/laravel/framework/src/Illuminate/Pipeline/Pipeline.php(183): Illuminate/Cookie/Middleware/AddQueuedCookiesToResponse->handle()
#27 D:/laragon-new/laragon/www/hotel-beach-way/vendor/laravel/framework/src/Illuminate/Cookie/Middleware/EncryptCookies.php(67): Illuminate/Pipeline/Pipeline->Illuminate/Pipeline/{closure}()
#28 D:/laragon-new/laragon/www/hotel-beach-way/vendor/laravel/framework/src/Illuminate/Pipeline/Pipeline.php(183): Illuminate/Cookie/Middleware/EncryptCookies->handle()
#29 D:/laragon-new/laragon/www/hotel-beach-way/vendor/laravel/framework/src/Illuminate/Pipeline/Pipeline.php(119): Illuminate/Pipeline/Pipeline->Illuminate/Pipeline/{closure}()
#30 D:/laragon-new/laragon/www/hotel-beach-way/vendor/laravel/framework/src/Illuminate/Routing/Router.php(807): Illuminate/Pipeline/Pipeline->then()
#31 D:/laragon-new/laragon/www/hotel-beach-way/vendor/laravel/framework/src/Illuminate/Routing/Router.php(784): Illuminate/Routing/Router->runRouteWithinStack()
#32 D:/laragon-new/laragon/www/hotel-beach-way/vendor/laravel/framework/src/Illuminate/Routing/Router.php(748): Illuminate/Routing/Router->runRoute()
#33 D:/laragon-new/laragon/www/hotel-beach-way/vendor/laravel/framework/src/Illuminate/Routing/Router.php(737): Illuminate/Routing/Router->dispatchToRoute()
#34 D:/laragon-new/laragon/www/hotel-beach-way/vendor/laravel/framework/src/Illuminate/Foundation/Http/Kernel.php(200): Illuminate/Routing/Router->dispatch()
#35 D:/laragon-new/laragon/www/hotel-beach-way/vendor/laravel/framework/src/Illuminate/Pipeline/Pipeline.php(144): Illuminate/Foundation/Http/Kernel->Illuminate/Foundation/Http/{closure}()
#36 D:/laragon-new/laragon/www/hotel-beach-way/vendor/laravel/framework/src/Illuminate/Foundation/Http/Middleware/TransformsRequest.php(21): Illuminate/Pipeline/Pipeline->Illuminate/Pipeline/{closure}()
#37 D:/laragon-new/laragon/www/hotel-beach-way/vendor/laravel/framework/src/Illuminate/Foundation/Http/Middleware/ConvertEmptyStringsToNull.php(31): Illuminate/Foundation/Http/Middleware/TransformsRequest->handle()
#38 D:/laragon-new/laragon/www/hotel-beach-way/vendor/laravel/framework/src/Illuminate/Pipeline/Pipeline.php(183): Illuminate/Foundation/Http/Middleware/ConvertEmptyStringsToNull->handle()
#39 D:/laragon-new/laragon/www/hotel-beach-way/vendor/laravel/framework/src/Illuminate/Foundation/Http/Middleware/TransformsRequest.php(21): Illuminate/Pipeline/Pipeline->Illuminate/Pipeline/{closure}()
#40 D:/laragon-new/laragon/www/hotel-beach-way/vendor/laravel/framework/src/Illuminate/Foundation/Http/Middleware/TrimStrings.php(40): Illuminate/Foundation/Http/Middleware/TransformsRequest->handle()
#41 D:/laragon-new/laragon/www/hotel-beach-way/vendor/laravel/framework/src/Illuminate/Pipeline/Pipeline.php(183): Illuminate/Foundation/Http/Middleware/TrimStrings->handle()
#42 D:/laragon-new/laragon/www/hotel-beach-way/vendor/laravel/framework/src/Illuminate/Foundation/Http/Middleware/ValidatePostSize.php(27): Illuminate/Pipeline/Pipeline->Illuminate/Pipeline/{closure}()
#43 D:/laragon-new/laragon/www/hotel-beach-way/vendor/laravel/framework/src/Illuminate/Pipeline/Pipeline.php(183): Illuminate/Foundation/Http/Middleware/ValidatePostSize->handle()
#44 D:/laragon-new/laragon/www/hotel-beach-way/vendor/laravel/framework/src/Illuminate/Foundation/Http/Middleware/PreventRequestsDuringMaintenance.php(99): Illuminate/Pipeline/Pipeline->Illuminate/Pipeline/{closure}()
#45 D:/laragon-new/laragon/www/hotel-beach-way/vendor/laravel/framework/src/Illuminate/Pipeline/Pipeline.php(183): Illuminate/Foundation/Http/Middleware/PreventRequestsDuringMaintenance->handle()
#46 D:/laragon-new/laragon/www/hotel-beach-way/vendor/laravel/framework/src/Illuminate/Http/Middleware/HandleCors.php(49): Illuminate/Pipeline/Pipeline->Illuminate/Pipeline/{closure}()
#47 D:/laragon-new/laragon/www/hotel-beach-way/vendor/laravel/framework/src/Illuminate/Pipeline/Pipeline.php(183): Illuminate/Http/Middleware/HandleCors->handle()
#48 D:/laragon-new/laragon/www/hotel-beach-way/vendor/laravel/framework/src/Illuminate/Http/Middleware/TrustProxies.php(39): Illuminate/Pipeline/Pipeline->Illuminate/Pipeline/{closure}()
#49 D:/laragon-new/laragon/www/hotel-beach-way/vendor/laravel/framework/src/Illuminate/Pipeline/Pipeline.php(183): Illuminate/Http/Middleware/TrustProxies->handle()
#50 D:/laragon-new/laragon/www/hotel-beach-way/vendor/laravel/framework/src/Illuminate/Pipeline/Pipeline.php(119): Illuminate/Pipeline/Pipeline->Illuminate/Pipeline/{closure}()
#51 D:/laragon-new/laragon/www/hotel-beach-way/vendor/laravel/framework/src/Illuminate/Foundation/Http/Kernel.php(175): Illuminate/Pipeline/Pipeline->then()
#52 D:/laragon-new/laragon/www/hotel-beach-way/vendor/laravel/framework/src/Illuminate/Foundation/Http/Kernel.php(144): Illuminate/Foundation/Http/Kernel->sendRequestThroughRouter()
#53 D:/laragon-new/laragon/www/hotel-beach-way/public/index.php(52): Illuminate/Foundation/Http/Kernel->handle()
#54 D:/laragon-new/laragon/www/hotel-beach-way/vendor/laravel/framework/src/Illuminate/Foundation/resources/server.php(16): require_once('...')
#55 {main}

[previous exception] [object] (ParseError(code: 0): syntax error, unexpected token \"endif\" at D:/laragon-new/laragon/www/hotel-beach-way/storage/framework/views/f2fdc942be2c31cf4bbe2ea52eee727f.php:249)
[stacktrace]
#0 D:/laragon-new/laragon/www/hotel-beach-way/vendor/laravel/framework/src/Illuminate/Filesystem/Filesystem.php(124): Illuminate/Filesystem/Filesystem::Illuminate/Filesystem/{closure}()
#1 D:/laragon-new/laragon/www/hotel-beach-way/vendor/laravel/framework/src/Illuminate/View/Engines/PhpEngine.php(58): Illuminate/Filesystem/Filesystem->getRequire()
#2 D:/laragon-new/laragon/www/hotel-beach-way/vendor/laravel/framework/src/Illuminate/View/Engines/CompilerEngine.php(72): Illuminate/View/Engines/PhpEngine->evaluatePath()
#3 D:/laragon-new/laragon/www/hotel-beach-way/vendor/laravel/framework/src/Illuminate/View/View.php(207): Illuminate/View/Engines/CompilerEngine->get()
#4 D:/laragon-new/laragon/www/hotel-beach-way/vendor/laravel/framework/src/Illuminate/View/View.php(190): Illuminate/View/View->getContents()
#5 D:/laragon-new/laragon/www/hotel-beach-way/vendor/laravel/framework/src/Illuminate/View/View.php(159): Illuminate/View/View->renderContents()
#6 D:/laragon-new/laragon/www/hotel-beach-way/vendor/laravel/framework/src/Illuminate/Http/Response.php(69): Illuminate/View/View->render()
#7 D:/laragon-new/laragon/www/hotel-beach-way/vendor/laravel/framework/src/Illuminate/Http/Response.php(35): Illuminate/Http/Response->setContent()
#8 D:/laragon-new/laragon/www/hotel-beach-way/vendor/laravel/framework/src/Illuminate/Routing/Router.php(918): Illuminate/Http/Response->__construct()
#9 D:/laragon-new/laragon/www/hotel-beach-way/vendor/laravel/framework/src/Illuminate/Routing/Router.php(885): Illuminate/Routing/Router::toResponse()
#10 D:/laragon-new/laragon/www/hotel-beach-way/vendor/laravel/framework/src/Illuminate/Routing/Router.php(806): Illuminate/Routing/Router->prepareResponse()
#11 D:/laragon-new/laragon/www/hotel-beach-way/vendor/laravel/framework/src/Illuminate/Pipeline/Pipeline.php(144): Illuminate/Routing/Router->Illuminate/Routing/{closure}()
#12 D:/laragon-new/laragon/www/hotel-beach-way/vendor/laravel/framework/src/Illuminate/Http/Middleware/AddLinkHeadersForPreloadedAssets.php(20): Illuminate/Pipeline/Pipeline->Illuminate/Pipeline/{closure}()
#13 D:/laragon-new/laragon/www/hotel-beach-way/vendor/laravel/framework/src/Illuminate/Pipeline/Pipeline.php(183): Illuminate/Http/Middleware/AddLinkHeadersForPreloadedAssets->handle()
#14 D:/laragon-new/laragon/www/hotel-beach-way/vendor/inertiajs/inertia-laravel/src/Middleware.php(87): Illuminate/Pipeline/Pipeline->Illuminate/Pipeline/{closure}()
#15 D:/laragon-new/laragon/www/hotel-beach-way/vendor/laravel/framework/src/Illuminate/Pipeline/Pipeline.php(183): Inertia/Middleware->handle()
#16 D:/laragon-new/laragon/www/hotel-beach-way/vendor/laravel/framework/src/Illuminate/Routing/Middleware/SubstituteBindings.php(50): Illuminate/Pipeline/Pipeline->Illuminate/Pipeline/{closure}()
#17 D:/laragon-new/laragon/www/hotel-beach-way/vendor/laravel/framework/src/Illuminate/Pipeline/Pipeline.php(183): Illuminate/Routing/Middleware/SubstituteBindings->handle()
#18 D:/laragon-new/laragon/www/hotel-beach-way/vendor/laravel/framework/src/Illuminate/Foundation/Http/Middleware/VerifyCsrfToken.php(78): Illuminate/Pipeline/Pipeline->Illuminate/Pipeline/{closure}()
#19 D:/laragon-new/laragon/www/hotel-beach-way/vendor/laravel/framework/src/Illuminate/Pipeline/Pipeline.php(183): Illuminate/Foundation/Http/Middleware/VerifyCsrfToken->handle()
#20 D:/laragon-new/laragon/www/hotel-beach-way/vendor/laravel/framework/src/Illuminate/View/Middleware/ShareErrorsFromSession.php(49): Illuminate/Pipeline/Pipeline->Illuminate/Pipeline/{closure}()
#21 D:/laragon-new/laragon/www/hotel-beach-way/vendor/laravel/framework/src/Illuminate/Pipeline/Pipeline.php(183): Illuminate/View/Middleware/ShareErrorsFromSession->handle()
#22 D:/laragon-new/laragon/www/hotel-beach-way/vendor/laravel/framework/src/Illuminate/Session/Middleware/StartSession.php(121): Illuminate/Pipeline/Pipeline->Illuminate/Pipeline/{closure}()
#23 D:/laragon-new/laragon/www/hotel-beach-way/vendor/laravel/framework/src/Illuminate/Session/Middleware/StartSession.php(64): Illuminate/Session/Middleware/StartSession->handleStatefulRequest()
#24 D:/laragon-new/laragon/www/hotel-beach-way/vendor/laravel/framework/src/Illuminate/Pipeline/Pipeline.php(183): Illuminate/Session/Middleware/StartSession->handle()
#25 D:/laragon-new/laragon/www/hotel-beach-way/vendor/laravel/framework/src/Illuminate/Cookie/Middleware/AddQueuedCookiesToResponse.php(37): Illuminate/Pipeline/Pipeline->Illuminate/Pipeline/{closure}()
#26 D:/laragon-new/laragon/www/hotel-beach-way/vendor/laravel/framework/src/Illuminate/Pipeline/Pipeline.php(183): Illuminate/Cookie/Middleware/AddQueuedCookiesToResponse->handle()
#27 D:/laragon-new/laragon/www/hotel-beach-way/vendor/laravel/framework/src/Illuminate/Cookie/Middleware/EncryptCookies.php(67): Illuminate/Pipeline/Pipeline->Illuminate/Pipeline/{closure}()
#28 D:/laragon-new/laragon/www/hotel-beach-way/vendor/laravel/framework/src/Illuminate/Pipeline/Pipeline.php(183): Illuminate/Cookie/Middleware/EncryptCookies->handle()
#29 D:/laragon-new/laragon/www/hotel-beach-way/vendor/laravel/framework/src/Illuminate/Pipeline/Pipeline.php(119): Illuminate/Pipeline/Pipeline->Illuminate/Pipeline/{closure}()
#30 D:/laragon-new/laragon/www/hotel-beach-way/vendor/laravel/framework/src/Illuminate/Routing/Router.php(807): Illuminate/Pipeline/Pipeline->then()
#31 D:/laragon-new/laragon/www/hotel-beach-way/vendor/laravel/framework/src/Illuminate/Routing/Router.php(784): Illuminate/Routing/Router->runRouteWithinStack()
#32 D:/laragon-new/laragon/www/hotel-beach-way/vendor/laravel/framework/src/Illuminate/Routing/Router.php(748): Illuminate/Routing/Router->runRoute()
#33 D:/laragon-new/laragon/www/hotel-beach-way/vendor/laravel/framework/src/Illuminate/Routing/Router.php(737): Illuminate/Routing/Router->dispatchToRoute()
#34 D:/laragon-new/laragon/www/hotel-beach-way/vendor/laravel/framework/src/Illuminate/Foundation/Http/Kernel.php(200): Illuminate/Routing/Router->dispatch()
#35 D:/laragon-new/laragon/www/hotel-beach-way/vendor/laravel/framework/src/Illuminate/Pipeline/Pipeline.php(144): Illuminate/Foundation/Http/Kernel->Illuminate/Foundation/Http/{closure}()
#36 D:/laragon-new/laragon/www/hotel-beach-way/vendor/laravel/framework/src/Illuminate/Foundation/Http/Middleware/TransformsRequest.php(21): Illuminate/Pipeline/Pipeline->Illuminate/Pipeline/{closure}()
#37 D:/laragon-new/laragon/www/hotel-beach-way/vendor/laravel/framework/src/Illuminate/Foundation/Http/Middleware/ConvertEmptyStringsToNull.php(31): Illuminate/Foundation/Http/Middleware/TransformsRequest->handle()
#38 D:/laragon-new/laragon/www/hotel-beach-way/vendor/laravel/framework/src/Illuminate/Pipeline/Pipeline.php(183): Illuminate/Foundation/Http/Middleware/ConvertEmptyStringsToNull->handle()
#39 D:/laragon-new/laragon/www/hotel-beach-way/vendor/laravel/framework/src/Illuminate/Foundation/Http/Middleware/TransformsRequest.php(21): Illuminate/Pipeline/Pipeline->Illuminate/Pipeline/{closure}()
#40 D:/laragon-new/laragon/www/hotel-beach-way/vendor/laravel/framework/src/Illuminate/Foundation/Http/Middleware/TrimStrings.php(40): Illuminate/Foundation/Http/Middleware/TransformsRequest->handle()
#41 D:/laragon-new/laragon/www/hotel-beach-way/vendor/laravel/framework/src/Illuminate/Pipeline/Pipeline.php(183): Illuminate/Foundation/Http/Middleware/TrimStrings->handle()
#42 D:/laragon-new/laragon/www/hotel-beach-way/vendor/laravel/framework/src/Illuminate/Foundation/Http/Middleware/ValidatePostSize.php(27): Illuminate/Pipeline/Pipeline->Illuminate/Pipeline/{closure}()
#43 D:/laragon-new/laragon/www/hotel-beach-way/vendor/laravel/framework/src/Illuminate/Pipeline/Pipeline.php(183): Illuminate/Foundation/Http/Middleware/ValidatePostSize->handle()
#44 D:/laragon-new/laragon/www/hotel-beach-way/vendor/laravel/framework/src/Illuminate/Foundation/Http/Middleware/PreventRequestsDuringMaintenance.php(99): Illuminate/Pipeline/Pipeline->Illuminate/Pipeline/{closure}()
#45 D:/laragon-new/laragon/www/hotel-beach-way/vendor/laravel/framework/src/Illuminate/Pipeline/Pipeline.php(183): Illuminate/Foundation/Http/Middleware/PreventRequestsDuringMaintenance->handle()
#46 D:/laragon-new/laragon/www/hotel-beach-way/vendor/laravel/framework/src/Illuminate/Http/Middleware/HandleCors.php(49): Illuminate/Pipeline/Pipeline->Illuminate/Pipeline/{closure}()
#47 D:/laragon-new/laragon/www/hotel-beach-way/vendor/laravel/framework/src/Illuminate/Pipeline/Pipeline.php(183): Illuminate/Http/Middleware/HandleCors->handle()
#48 D:/laragon-new/laragon/www/hotel-beach-way/vendor/laravel/framework/src/Illuminate/Http/Middleware/TrustProxies.php(39): Illuminate/Pipeline/Pipeline->Illuminate/Pipeline/{closure}()
#49 D:/laragon-new/laragon/www/hotel-beach-way/vendor/laravel/framework/src/Illuminate/Pipeline/Pipeline.php(183): Illuminate/Http/Middleware/TrustProxies->handle()
#50 D:/laragon-new/laragon/www/hotel-beach-way/vendor/laravel/framework/src/Illuminate/Pipeline/Pipeline.php(119): Illuminate/Pipeline/Pipeline->Illuminate/Pipeline/{closure}()
#51 D:/laragon-new/laragon/www/hotel-beach-way/vendor/laravel/framework/src/Illuminate/Foundation/Http/Kernel.php(175): Illuminate/Pipeline/Pipeline->then()
#52 D:/laragon-new/laragon/www/hotel-beach-way/vendor/laravel/framework/src/Illuminate/Foundation/Http/Kernel.php(144): Illuminate/Foundation/Http/Kernel->sendRequestThroughRouter()
#53 D:/laragon-new/laragon/www/hotel-beach-way/public/index.php(52): Illuminate/Foundation/Http/Kernel->handle()
#54 D:/laragon-new/laragon/www/hotel-beach-way/vendor/laravel/framework/src/Illuminate/Foundation/resources/server.php(16): require_once('...')
#55 {main}
"} 
[2026-06-14 16:43:06] local.ERROR: View [frontend.faqs] not found. {"userId":1,"exception":"[object] (InvalidArgumentException(code: 0): View [frontend.faqs] not found. at D:/laragon-new/laragon/www/hotel-beach-way/vendor/laravel/framework/src/Illuminate/View/FileViewFinder.php:137)
[stacktrace]
#0 D:/laragon-new/laragon/www/hotel-beach-way/vendor/laravel/framework/src/Illuminate/View/FileViewFinder.php(79): Illuminate/View/FileViewFinder->findInPaths()
#1 D:/laragon-new/laragon/www/hotel-beach-way/vendor/laravel/framework/src/Illuminate/View/Factory.php(138): Illuminate/View/FileViewFinder->find()
#2 D:/laragon-new/laragon/www/hotel-beach-way/vendor/laravel/framework/src/Illuminate/Foundation/helpers.php(1020): Illuminate/View/Factory->make()
#3 D:/laragon-new/laragon/www/hotel-beach-way/app/Http/Controllers/FrontendController.php(75): view()
#4 D:/laragon-new/laragon/www/hotel-beach-way/vendor/laravel/framework/src/Illuminate/Routing/Controller.php(54): App/Http/Controllers/FrontendController->faqs()
#5 D:/laragon-new/laragon/www/hotel-beach-way/vendor/laravel/framework/src/Illuminate/Routing/ControllerDispatcher.php(43): Illuminate/Routing/Controller->callAction()
#6 D:/laragon-new/laragon/www/hotel-beach-way/vendor/laravel/framework/src/Illuminate/Routing/Route.php(260): Illuminate/Routing/ControllerDispatcher->dispatch()
#7 D:/laragon-new/laragon/www/hotel-beach-way/vendor/laravel/framework/src/Illuminate/Routing/Route.php(205): Illuminate/Routing/Route->runController()
#8 D:/laragon-new/laragon/www/hotel-beach-way/vendor/laravel/framework/src/Illuminate/Routing/Router.php(806): Illuminate/Routing/Route->run()
#9 D:/laragon-new/laragon/www/hotel-beach-way/vendor/laravel/framework/src/Illuminate/Pipeline/Pipeline.php(144): Illuminate/Routing/Router->Illuminate/Routing/{closure}()
#10 D:/laragon-new/laragon/www/hotel-beach-way/vendor/laravel/framework/src/Illuminate/Http/Middleware/AddLinkHeadersForPreloadedAssets.php(20): Illuminate/Pipeline/Pipeline->Illuminate/Pipeline/{closure}()
#11 D:/laragon-new/laragon/www/hotel-beach-way/vendor/laravel/framework/src/Illuminate/Pipeline/Pipeline.php(183): Illuminate/Http/Middleware/AddLinkHeadersForPreloadedAssets->handle()
#12 D:/laragon-new/laragon/www/hotel-beach-way/vendor/inertiajs/inertia-laravel/src/Middleware.php(87): Illuminate/Pipeline/Pipeline->Illuminate/Pipeline/{closure}()
#13 D:/laragon-new/laragon/www/hotel-beach-way/vendor/laravel/framework/src/Illuminate/Pipeline/Pipeline.php(183): Inertia/Middleware->handle()
#14 D:/laragon-new/laragon/www/hotel-beach-way/vendor/laravel/framework/src/Illuminate/Routing/Middleware/SubstituteBindings.php(50): Illuminate/Pipeline/Pipeline->Illuminate/Pipeline/{closure}()
#15 D:/laragon-new/laragon/www/hotel-beach-way/vendor/laravel/framework/src/Illuminate/Pipeline/Pipeline.php(183): Illuminate/Routing/Middleware/SubstituteBindings->handle()
#16 D:/laragon-new/laragon/www/hotel-beach-way/vendor/laravel/framework/src/Illuminate/Foundation/Http/Middleware/VerifyCsrfToken.php(78): Illuminate/Pipeline/Pipeline->Illuminate/Pipeline/{closure}()
#17 D:/laragon-new/laragon/www/hotel-beach-way/vendor/laravel/framework/src/Illuminate/Pipeline/Pipeline.php(183): Illuminate/Foundation/Http/Middleware/VerifyCsrfToken->handle()
#18 D:/laragon-new/laragon/www/hotel-beach-way/vendor/laravel/framework/src/Illuminate/View/Middleware/ShareErrorsFromSession.php(49): Illuminate/Pipeline/Pipeline->Illuminate/Pipeline/{closure}()
#19 D:/laragon-new/laragon/www/hotel-beach-way/vendor/laravel/framework/src/Illuminate/Pipeline/Pipeline.php(183): Illuminate/View/Middleware/ShareErrorsFromSession->handle()
#20 D:/laragon-new/laragon/www/hotel-beach-way/vendor/laravel/framework/src/Illuminate/Session/Middleware/StartSession.php(121): Illuminate/Pipeline/Pipeline->Illuminate/Pipeline/{closure}()
#21 D:/laragon-new/laragon/www/hotel-beach-way/vendor/laravel/framework/src/Illuminate/Session/Middleware/StartSession.php(64): Illuminate/Session/Middleware/StartSession->handleStatefulRequest()
#22 D:/laragon-new/laragon/www/hotel-beach-way/vendor/laravel/framework/src/Illuminate/Pipeline/Pipeline.php(183): Illuminate/Session/Middleware/StartSession->handle()
#23 D:/laragon-new/laragon/www/hotel-beach-way/vendor/laravel/framework/src/Illuminate/Cookie/Middleware/AddQueuedCookiesToResponse.php(37): Illuminate/Pipeline/Pipeline->Illuminate/Pipeline/{closure}()
#24 D:/laragon-new/laragon/www/hotel-beach-way/vendor/laravel/framework/src/Illuminate/Pipeline/Pipeline.php(183): Illuminate/Cookie/Middleware/AddQueuedCookiesToResponse->handle()
#25 D:/laragon-new/laragon/www/hotel-beach-way/vendor/laravel/framework/src/Illuminate/Cookie/Middleware/EncryptCookies.php(67): Illuminate/Pipeline/Pipeline->Illuminate/Pipeline/{closure}()
#26 D:/laragon-new/laragon/www/hotel-beach-way/vendor/laravel/framework/src/Illuminate/Pipeline/Pipeline.php(183): Illuminate/Cookie/Middleware/EncryptCookies->handle()
#27 D:/laragon-new/laragon/www/hotel-beach-way/vendor/laravel/framework/src/Illuminate/Pipeline/Pipeline.php(119): Illuminate/Pipeline/Pipeline->Illuminate/Pipeline/{closure}()
#28 D:/laragon-new/laragon/www/hotel-beach-way/vendor/laravel/framework/src/Illuminate/Routing/Router.php(807): Illuminate/Pipeline/Pipeline->then()
#29 D:/laragon-new/laragon/www/hotel-beach-way/vendor/laravel/framework/src/Illuminate/Routing/Router.php(784): Illuminate/Routing/Router->runRouteWithinStack()
#30 D:/laragon-new/laragon/www/hotel-beach-way/vendor/laravel/framework/src/Illuminate/Routing/Router.php(748): Illuminate/Routing/Router->runRoute()
#31 D:/laragon-new/laragon/www/hotel-beach-way/vendor/laravel/framework/src/Illuminate/Routing/Router.php(737): Illuminate/Routing/Router->dispatchToRoute()
#32 D:/laragon-new/laragon/www/hotel-beach-way/vendor/laravel/framework/src/Illuminate/Foundation/Http/Kernel.php(200): Illuminate/Routing/Router->dispatch()
#33 D:/laragon-new/laragon/www/hotel-beach-way/vendor/laravel/framework/src/Illuminate/Pipeline/Pipeline.php(144): Illuminate/Foundation/Http/Kernel->Illuminate/Foundation/Http/{closure}()
#34 D:/laragon-new/laragon/www/hotel-beach-way/vendor/laravel/framework/src/Illuminate/Foundation/Http/Middleware/TransformsRequest.php(21): Illuminate/Pipeline/Pipeline->Illuminate/Pipeline/{closure}()
#35 D:/laragon-new/laragon/www/hotel-beach-way/vendor/laravel/framework/src/Illuminate/Foundation/Http/Middleware/ConvertEmptyStringsToNull.php(31): Illuminate/Foundation/Http/Middleware/TransformsRequest->handle()
#36 D:/laragon-new/laragon/www/hotel-beach-way/vendor/laravel/framework/src/Illuminate/Pipeline/Pipeline.php(183): Illuminate/Foundation/Http/Middleware/ConvertEmptyStringsToNull->handle()
#37 D:/laragon-new/laragon/www/hotel-beach-way/vendor/laravel/framework/src/Illuminate/Foundation/Http/Middleware/TransformsRequest.php(21): Illuminate/Pipeline/Pipeline->Illuminate/Pipeline/{closure}()
#38 D:/laragon-new/laragon/www/hotel-beach-way/vendor/laravel/framework/src/Illuminate/Foundation/Http/Middleware/TrimStrings.php(40): Illuminate/Foundation/Http/Middleware/TransformsRequest->handle()
#39 D:/laragon-new/laragon/www/hotel-beach-way/vendor/laravel/framework/src/Illuminate/Pipeline/Pipeline.php(183): Illuminate/Foundation/Http/Middleware/TrimStrings->handle()
#40 D:/laragon-new/laragon/www/hotel-beach-way/vendor/laravel/framework/src/Illuminate/Foundation/Http/Middleware/ValidatePostSize.php(27): Illuminate/Pipeline/Pipeline->Illuminate/Pipeline/{closure}()
#41 D:/laragon-new/laragon/www/hotel-beach-way/vendor/laravel/framework/src/Illuminate/Pipeline/Pipeline.php(183): Illuminate/Foundation/Http/Middleware/ValidatePostSize->handle()
#42 D:/laragon-new/laragon/www/hotel-beach-way/vendor/laravel/framework/src/Illuminate/Foundation/Http/Middleware/PreventRequestsDuringMaintenance.php(99): Illuminate/Pipeline/Pipeline->Illuminate/Pipeline/{closure}()
#43 D:/laragon-new/laragon/www/hotel-beach-way/vendor/laravel/framework/src/Illuminate/Pipeline/Pipeline.php(183): Illuminate/Foundation/Http/Middleware/PreventRequestsDuringMaintenance->handle()
#44 D:/laragon-new/laragon/www/hotel-beach-way/vendor/laravel/framework/src/Illuminate/Http/Middleware/HandleCors.php(49): Illuminate/Pipeline/Pipeline->Illuminate/Pipeline/{closure}()
#45 D:/laragon-new/laragon/www/hotel-beach-way/vendor/laravel/framework/src/Illuminate/Pipeline/Pipeline.php(183): Illuminate/Http/Middleware/HandleCors->handle()
#46 D:/laragon-new/laragon/www/hotel-beach-way/vendor/laravel/framework/src/Illuminate/Http/Middleware/TrustProxies.php(39): Illuminate/Pipeline/Pipeline->Illuminate/Pipeline/{closure}()
#47 D:/laragon-new/laragon/www/hotel-beach-way/vendor/laravel/framework/src/Illuminate/Pipeline/Pipeline.php(183): Illuminate/Http/Middleware/TrustProxies->handle()
#48 D:/laragon-new/laragon/www/hotel-beach-way/vendor/laravel/framework/src/Illuminate/Pipeline/Pipeline.php(119): Illuminate/Pipeline/Pipeline->Illuminate/Pipeline/{closure}()
#49 D:/laragon-new/laragon/www/hotel-beach-way/vendor/laravel/framework/src/Illuminate/Foundation/Http/Kernel.php(175): Illuminate/Pipeline/Pipeline->then()
#50 D:/laragon-new/laragon/www/hotel-beach-way/vendor/laravel/framework/src/Illuminate/Foundation/Http/Kernel.php(144): Illuminate/Foundation/Http/Kernel->sendRequestThroughRouter()
#51 D:/laragon-new/laragon/www/hotel-beach-way/public/index.php(52): Illuminate/Foundation/Http/Kernel->handle()
#52 D:/laragon-new/laragon/www/hotel-beach-way/vendor/laravel/framework/src/Illuminate/Foundation/resources/server.php(16): require_once('...')
#53 {main}
"} 
[2026-06-14 16:43:57] local.ERROR: View [frontend.faqs] not found. {"userId":1,"exception":"[object] (InvalidArgumentException(code: 0): View [frontend.faqs] not found. at D:/laragon-new/laragon/www/hotel-beach-way/vendor/laravel/framework/src/Illuminate/View/FileViewFinder.php:137)
[stacktrace]
#0 D:/laragon-new/laragon/www/hotel-beach-way/vendor/laravel/framework/src/Illuminate/View/FileViewFinder.php(79): Illuminate/View/FileViewFinder->findInPaths()
#1 D:/laragon-new/laragon/www/hotel-beach-way/vendor/laravel/framework/src/Illuminate/View/Factory.php(138): Illuminate/View/FileViewFinder->find()
#2 D:/laragon-new/laragon/www/hotel-beach-way/vendor/laravel/framework/src/Illuminate/Foundation/helpers.php(1020): Illuminate/View/Factory->make()
#3 D:/laragon-new/laragon/www/hotel-beach-way/app/Http/Controllers/FrontendController.php(75): view()
#4 D:/laragon-new/laragon/www/hotel-beach-way/vendor/laravel/framework/src/Illuminate/Routing/Controller.php(54): App/Http/Controllers/FrontendController->faqs()
#5 D:/laragon-new/laragon/www/hotel-beach-way/vendor/laravel/framework/src/Illuminate/Routing/ControllerDispatcher.php(43): Illuminate/Routing/Controller->callAction()
#6 D:/laragon-new/laragon/www/hotel-beach-way/vendor/laravel/framework/src/Illuminate/Routing/Route.php(260): Illuminate/Routing/ControllerDispatcher->dispatch()
#7 D:/laragon-new/laragon/www/hotel-beach-way/vendor/laravel/framework/src/Illuminate/Routing/Route.php(205): Illuminate/Routing/Route->runController()
#8 D:/laragon-new/laragon/www/hotel-beach-way/vendor/laravel/framework/src/Illuminate/Routing/Router.php(806): Illuminate/Routing/Route->run()
#9 D:/laragon-new/laragon/www/hotel-beach-way/vendor/laravel/framework/src/Illuminate/Pipeline/Pipeline.php(144): Illuminate/Routing/Router->Illuminate/Routing/{closure}()
#10 D:/laragon-new/laragon/www/hotel-beach-way/vendor/laravel/framework/src/Illuminate/Http/Middleware/AddLinkHeadersForPreloadedAssets.php(20): Illuminate/Pipeline/Pipeline->Illuminate/Pipeline/{closure}()
#11 D:/laragon-new/laragon/www/hotel-beach-way/vendor/laravel/framework/src/Illuminate/Pipeline/Pipeline.php(183): Illuminate/Http/Middleware/AddLinkHeadersForPreloadedAssets->handle()
#12 D:/laragon-new/laragon/www/hotel-beach-way/vendor/inertiajs/inertia-laravel/src/Middleware.php(87): Illuminate/Pipeline/Pipeline->Illuminate/Pipeline/{closure}()
#13 D:/laragon-new/laragon/www/hotel-beach-way/vendor/laravel/framework/src/Illuminate/Pipeline/Pipeline.php(183): Inertia/Middleware->handle()
#14 D:/laragon-new/laragon/www/hotel-beach-way/vendor/laravel/framework/src/Illuminate/Routing/Middleware/SubstituteBindings.php(50): Illuminate/Pipeline/Pipeline->Illuminate/Pipeline/{closure}()
#15 D:/laragon-new/laragon/www/hotel-beach-way/vendor/laravel/framework/src/Illuminate/Pipeline/Pipeline.php(183): Illuminate/Routing/Middleware/SubstituteBindings->handle()
#16 D:/laragon-new/laragon/www/hotel-beach-way/vendor/laravel/framework/src/Illuminate/Foundation/Http/Middleware/VerifyCsrfToken.php(78): Illuminate/Pipeline/Pipeline->Illuminate/Pipeline/{closure}()
#17 D:/laragon-new/laragon/www/hotel-beach-way/vendor/laravel/framework/src/Illuminate/Pipeline/Pipeline.php(183): Illuminate/Foundation/Http/Middleware/VerifyCsrfToken->handle()
#18 D:/laragon-new/laragon/www/hotel-beach-way/vendor/laravel/framework/src/Illuminate/View/Middleware/ShareErrorsFromSession.php(49): Illuminate/Pipeline/Pipeline->Illuminate/Pipeline/{closure}()
#19 D:/laragon-new/laragon/www/hotel-beach-way/vendor/laravel/framework/src/Illuminate/Pipeline/Pipeline.php(183): Illuminate/View/Middleware/ShareErrorsFromSession->handle()
#20 D:/laragon-new/laragon/www/hotel-beach-way/vendor/laravel/framework/src/Illuminate/Session/Middleware/StartSession.php(121): Illuminate/Pipeline/Pipeline->Illuminate/Pipeline/{closure}()
#21 D:/laragon-new/laragon/www/hotel-beach-way/vendor/laravel/framework/src/Illuminate/Session/Middleware/StartSession.php(64): Illuminate/Session/Middleware/StartSession->handleStatefulRequest()
#22 D:/laragon-new/laragon/www/hotel-beach-way/vendor/laravel/framework/src/Illuminate/Pipeline/Pipeline.php(183): Illuminate/Session/Middleware/StartSession->handle()
#23 D:/laragon-new/laragon/www/hotel-beach-way/vendor/laravel/framework/src/Illuminate/Cookie/Middleware/AddQueuedCookiesToResponse.php(37): Illuminate/Pipeline/Pipeline->Illuminate/Pipeline/{closure}()
#24 D:/laragon-new/laragon/www/hotel-beach-way/vendor/laravel/framework/src/Illuminate/Pipeline/Pipeline.php(183): Illuminate/Cookie/Middleware/AddQueuedCookiesToResponse->handle()
#25 D:/laragon-new/laragon/www/hotel-beach-way/vendor/laravel/framework/src/Illuminate/Cookie/Middleware/EncryptCookies.php(67): Illuminate/Pipeline/Pipeline->Illuminate/Pipeline/{closure}()
#26 D:/laragon-new/laragon/www/hotel-beach-way/vendor/laravel/framework/src/Illuminate/Pipeline/Pipeline.php(183): Illuminate/Cookie/Middleware/EncryptCookies->handle()
#27 D:/laragon-new/laragon/www/hotel-beach-way/vendor/laravel/framework/src/Illuminate/Pipeline/Pipeline.php(119): Illuminate/Pipeline/Pipeline->Illuminate/Pipeline/{closure}()
#28 D:/laragon-new/laragon/www/hotel-beach-way/vendor/laravel/framework/src/Illuminate/Routing/Router.php(807): Illuminate/Pipeline/Pipeline->then()
#29 D:/laragon-new/laragon/www/hotel-beach-way/vendor/laravel/framework/src/Illuminate/Routing/Router.php(784): Illuminate/Routing/Router->runRouteWithinStack()
#30 D:/laragon-new/laragon/www/hotel-beach-way/vendor/laravel/framework/src/Illuminate/Routing/Router.php(748): Illuminate/Routing/Router->runRoute()
#31 D:/laragon-new/laragon/www/hotel-beach-way/vendor/laravel/framework/src/Illuminate/Routing/Router.php(737): Illuminate/Routing/Router->dispatchToRoute()
#32 D:/laragon-new/laragon/www/hotel-beach-way/vendor/laravel/framework/src/Illuminate/Foundation/Http/Kernel.php(200): Illuminate/Routing/Router->dispatch()
#33 D:/laragon-new/laragon/www/hotel-beach-way/vendor/laravel/framework/src/Illuminate/Pipeline/Pipeline.php(144): Illuminate/Foundation/Http/Kernel->Illuminate/Foundation/Http/{closure}()
#34 D:/laragon-new/laragon/www/hotel-beach-way/vendor/laravel/framework/src/Illuminate/Foundation/Http/Middleware/TransformsRequest.php(21): Illuminate/Pipeline/Pipeline->Illuminate/Pipeline/{closure}()
#35 D:/laragon-new/laragon/www/hotel-beach-way/vendor/laravel/framework/src/Illuminate/Foundation/Http/Middleware/ConvertEmptyStringsToNull.php(31): Illuminate/Foundation/Http/Middleware/TransformsRequest->handle()
#36 D:/laragon-new/laragon/www/hotel-beach-way/vendor/laravel/framework/src/Illuminate/Pipeline/Pipeline.php(183): Illuminate/Foundation/Http/Middleware/ConvertEmptyStringsToNull->handle()
#37 D:/laragon-new/laragon/www/hotel-beach-way/vendor/laravel/framework/src/Illuminate/Foundation/Http/Middleware/TransformsRequest.php(21): Illuminate/Pipeline/Pipeline->Illuminate/Pipeline/{closure}()
#38 D:/laragon-new/laragon/www/hotel-beach-way/vendor/laravel/framework/src/Illuminate/Foundation/Http/Middleware/TrimStrings.php(40): Illuminate/Foundation/Http/Middleware/TransformsRequest->handle()
#39 D:/laragon-new/laragon/www/hotel-beach-way/vendor/laravel/framework/src/Illuminate/Pipeline/Pipeline.php(183): Illuminate/Foundation/Http/Middleware/TrimStrings->handle()
#40 D:/laragon-new/laragon/www/hotel-beach-way/vendor/laravel/framework/src/Illuminate/Foundation/Http/Middleware/ValidatePostSize.php(27): Illuminate/Pipeline/Pipeline->Illuminate/Pipeline/{closure}()
#41 D:/laragon-new/laragon/www/hotel-beach-way/vendor/laravel/framework/src/Illuminate/Pipeline/Pipeline.php(183): Illuminate/Foundation/Http/Middleware/ValidatePostSize->handle()
#42 D:/laragon-new/laragon/www/hotel-beach-way/vendor/laravel/framework/src/Illuminate/Foundation/Http/Middleware/PreventRequestsDuringMaintenance.php(99): Illuminate/Pipeline/Pipeline->Illuminate/Pipeline/{closure}()
#43 D:/laragon-new/laragon/www/hotel-beach-way/vendor/laravel/framework/src/Illuminate/Pipeline/Pipeline.php(183): Illuminate/Foundation/Http/Middleware/PreventRequestsDuringMaintenance->handle()
#44 D:/laragon-new/laragon/www/hotel-beach-way/vendor/laravel/framework/src/Illuminate/Http/Middleware/HandleCors.php(49): Illuminate/Pipeline/Pipeline->Illuminate/Pipeline/{closure}()
#45 D:/laragon-new/laragon/www/hotel-beach-way/vendor/laravel/framework/src/Illuminate/Pipeline/Pipeline.php(183): Illuminate/Http/Middleware/HandleCors->handle()
#46 D:/laragon-new/laragon/www/hotel-beach-way/vendor/laravel/framework/src/Illuminate/Http/Middleware/TrustProxies.php(39): Illuminate/Pipeline/Pipeline->Illuminate/Pipeline/{closure}()
#47 D:/laragon-new/laragon/www/hotel-beach-way/vendor/laravel/framework/src/Illuminate/Pipeline/Pipeline.php(183): Illuminate/Http/Middleware/TrustProxies->handle()
#48 D:/laragon-new/laragon/www/hotel-beach-way/vendor/laravel/framework/src/Illuminate/Pipeline/Pipeline.php(119): Illuminate/Pipeline/Pipeline->Illuminate/Pipeline/{closure}()
#49 D:/laragon-new/laragon/www/hotel-beach-way/vendor/laravel/framework/src/Illuminate/Foundation/Http/Kernel.php(175): Illuminate/Pipeline/Pipeline->then()
#50 D:/laragon-new/laragon/www/hotel-beach-way/vendor/laravel/framework/src/Illuminate/Foundation/Http/Kernel.php(144): Illuminate/Foundation/Http/Kernel->sendRequestThroughRouter()
#51 D:/laragon-new/laragon/www/hotel-beach-way/public/index.php(52): Illuminate/Foundation/Http/Kernel->handle()
#52 D:/laragon-new/laragon/www/hotel-beach-way/vendor/laravel/framework/src/Illuminate/Foundation/resources/server.php(16): require_once('...')
#53 {main}
"} 
[2026-06-14 16:45:11] local.ERROR: View [frontend.faqs] not found. {"userId":1,"exception":"[object] (InvalidArgumentException(code: 0): View [frontend.faqs] not found. at D:/laragon-new/laragon/www/hotel-beach-way/vendor/laravel/framework/src/Illuminate/View/FileViewFinder.php:137)
[stacktrace]
#0 D:/laragon-new/laragon/www/hotel-beach-way/vendor/laravel/framework/src/Illuminate/View/FileViewFinder.php(79): Illuminate/View/FileViewFinder->findInPaths()
#1 D:/laragon-new/laragon/www/hotel-beach-way/vendor/laravel/framework/src/Illuminate/View/Factory.php(138): Illuminate/View/FileViewFinder->find()
#2 D:/laragon-new/laragon/www/hotel-beach-way/vendor/laravel/framework/src/Illuminate/Foundation/helpers.php(1020): Illuminate/View/Factory->make()
#3 D:/laragon-new/laragon/www/hotel-beach-way/app/Http/Controllers/FrontendController.php(75): view()
#4 D:/laragon-new/laragon/www/hotel-beach-way/vendor/laravel/framework/src/Illuminate/Routing/Controller.php(54): App/Http/Controllers/FrontendController->faqs()
#5 D:/laragon-new/laragon/www/hotel-beach-way/vendor/laravel/framework/src/Illuminate/Routing/ControllerDispatcher.php(43): Illuminate/Routing/Controller->callAction()
#6 D:/laragon-new/laragon/www/hotel-beach-way/vendor/laravel/framework/src/Illuminate/Routing/Route.php(260): Illuminate/Routing/ControllerDispatcher->dispatch()
#7 D:/laragon-new/laragon/www/hotel-beach-way/vendor/laravel/framework/src/Illuminate/Routing/Route.php(205): Illuminate/Routing/Route->runController()
#8 D:/laragon-new/laragon/www/hotel-beach-way/vendor/laravel/framework/src/Illuminate/Routing/Router.php(806): Illuminate/Routing/Route->run()
#9 D:/laragon-new/laragon/www/hotel-beach-way/vendor/laravel/framework/src/Illuminate/Pipeline/Pipeline.php(144): Illuminate/Routing/Router->Illuminate/Routing/{closure}()
#10 D:/laragon-new/laragon/www/hotel-beach-way/vendor/laravel/framework/src/Illuminate/Http/Middleware/AddLinkHeadersForPreloadedAssets.php(20): Illuminate/Pipeline/Pipeline->Illuminate/Pipeline/{closure}()
#11 D:/laragon-new/laragon/www/hotel-beach-way/vendor/laravel/framework/src/Illuminate/Pipeline/Pipeline.php(183): Illuminate/Http/Middleware/AddLinkHeadersForPreloadedAssets->handle()
#12 D:/laragon-new/laragon/www/hotel-beach-way/vendor/inertiajs/inertia-laravel/src/Middleware.php(87): Illuminate/Pipeline/Pipeline->Illuminate/Pipeline/{closure}()
#13 D:/laragon-new/laragon/www/hotel-beach-way/vendor/laravel/framework/src/Illuminate/Pipeline/Pipeline.php(183): Inertia/Middleware->handle()
#14 D:/laragon-new/laragon/www/hotel-beach-way/vendor/laravel/framework/src/Illuminate/Routing/Middleware/SubstituteBindings.php(50): Illuminate/Pipeline/Pipeline->Illuminate/Pipeline/{closure}()
#15 D:/laragon-new/laragon/www/hotel-beach-way/vendor/laravel/framework/src/Illuminate/Pipeline/Pipeline.php(183): Illuminate/Routing/Middleware/SubstituteBindings->handle()
#16 D:/laragon-new/laragon/www/hotel-beach-way/vendor/laravel/framework/src/Illuminate/Foundation/Http/Middleware/VerifyCsrfToken.php(78): Illuminate/Pipeline/Pipeline->Illuminate/Pipeline/{closure}()
#17 D:/laragon-new/laragon/www/hotel-beach-way/vendor/laravel/framework/src/Illuminate/Pipeline/Pipeline.php(183): Illuminate/Foundation/Http/Middleware/VerifyCsrfToken->handle()
#18 D:/laragon-new/laragon/www/hotel-beach-way/vendor/laravel/framework/src/Illuminate/View/Middleware/ShareErrorsFromSession.php(49): Illuminate/Pipeline/Pipeline->Illuminate/Pipeline/{closure}()
#19 D:/laragon-new/laragon/www/hotel-beach-way/vendor/laravel/framework/src/Illuminate/Pipeline/Pipeline.php(183): Illuminate/View/Middleware/ShareErrorsFromSession->handle()
#20 D:/laragon-new/laragon/www/hotel-beach-way/vendor/laravel/framework/src/Illuminate/Session/Middleware/StartSession.php(121): Illuminate/Pipeline/Pipeline->Illuminate/Pipeline/{closure}()
#21 D:/laragon-new/laragon/www/hotel-beach-way/vendor/laravel/framework/src/Illuminate/Session/Middleware/StartSession.php(64): Illuminate/Session/Middleware/StartSession->handleStatefulRequest()
#22 D:/laragon-new/laragon/www/hotel-beach-way/vendor/laravel/framework/src/Illuminate/Pipeline/Pipeline.php(183): Illuminate/Session/Middleware/StartSession->handle()
#23 D:/laragon-new/laragon/www/hotel-beach-way/vendor/laravel/framework/src/Illuminate/Cookie/Middleware/AddQueuedCookiesToResponse.php(37): Illuminate/Pipeline/Pipeline->Illuminate/Pipeline/{closure}()
#24 D:/laragon-new/laragon/www/hotel-beach-way/vendor/laravel/framework/src/Illuminate/Pipeline/Pipeline.php(183): Illuminate/Cookie/Middleware/AddQueuedCookiesToResponse->handle()
#25 D:/laragon-new/laragon/www/hotel-beach-way/vendor/laravel/framework/src/Illuminate/Cookie/Middleware/EncryptCookies.php(67): Illuminate/Pipeline/Pipeline->Illuminate/Pipeline/{closure}()
#26 D:/laragon-new/laragon/www/hotel-beach-way/vendor/laravel/framework/src/Illuminate/Pipeline/Pipeline.php(183): Illuminate/Cookie/Middleware/EncryptCookies->handle()
#27 D:/laragon-new/laragon/www/hotel-beach-way/vendor/laravel/framework/src/Illuminate/Pipeline/Pipeline.php(119): Illuminate/Pipeline/Pipeline->Illuminate/Pipeline/{closure}()
#28 D:/laragon-new/laragon/www/hotel-beach-way/vendor/laravel/framework/src/Illuminate/Routing/Router.php(807): Illuminate/Pipeline/Pipeline->then()
#29 D:/laragon-new/laragon/www/hotel-beach-way/vendor/laravel/framework/src/Illuminate/Routing/Router.php(784): Illuminate/Routing/Router->runRouteWithinStack()
#30 D:/laragon-new/laragon/www/hotel-beach-way/vendor/laravel/framework/src/Illuminate/Routing/Router.php(748): Illuminate/Routing/Router->runRoute()
#31 D:/laragon-new/laragon/www/hotel-beach-way/vendor/laravel/framework/src/Illuminate/Routing/Router.php(737): Illuminate/Routing/Router->dispatchToRoute()
#32 D:/laragon-new/laragon/www/hotel-beach-way/vendor/laravel/framework/src/Illuminate/Foundation/Http/Kernel.php(200): Illuminate/Routing/Router->dispatch()
#33 D:/laragon-new/laragon/www/hotel-beach-way/vendor/laravel/framework/src/Illuminate/Pipeline/Pipeline.php(144): Illuminate/Foundation/Http/Kernel->Illuminate/Foundation/Http/{closure}()
#34 D:/laragon-new/laragon/www/hotel-beach-way/vendor/laravel/framework/src/Illuminate/Foundation/Http/Middleware/TransformsRequest.php(21): Illuminate/Pipeline/Pipeline->Illuminate/Pipeline/{closure}()
#35 D:/laragon-new/laragon/www/hotel-beach-way/vendor/laravel/framework/src/Illuminate/Foundation/Http/Middleware/ConvertEmptyStringsToNull.php(31): Illuminate/Foundation/Http/Middleware/TransformsRequest->handle()
#36 D:/laragon-new/laragon/www/hotel-beach-way/vendor/laravel/framework/src/Illuminate/Pipeline/Pipeline.php(183): Illuminate/Foundation/Http/Middleware/ConvertEmptyStringsToNull->handle()
#37 D:/laragon-new/laragon/www/hotel-beach-way/vendor/laravel/framework/src/Illuminate/Foundation/Http/Middleware/TransformsRequest.php(21): Illuminate/Pipeline/Pipeline->Illuminate/Pipeline/{closure}()
#38 D:/laragon-new/laragon/www/hotel-beach-way/vendor/laravel/framework/src/Illuminate/Foundation/Http/Middleware/TrimStrings.php(40): Illuminate/Foundation/Http/Middleware/TransformsRequest->handle()
#39 D:/laragon-new/laragon/www/hotel-beach-way/vendor/laravel/framework/src/Illuminate/Pipeline/Pipeline.php(183): Illuminate/Foundation/Http/Middleware/TrimStrings->handle()
#40 D:/laragon-new/laragon/www/hotel-beach-way/vendor/laravel/framework/src/Illuminate/Foundation/Http/Middleware/ValidatePostSize.php(27): Illuminate/Pipeline/Pipeline->Illuminate/Pipeline/{closure}()
#41 D:/laragon-new/laragon/www/hotel-beach-way/vendor/laravel/framework/src/Illuminate/Pipeline/Pipeline.php(183): Illuminate/Foundation/Http/Middleware/ValidatePostSize->handle()
#42 D:/laragon-new/laragon/www/hotel-beach-way/vendor/laravel/framework/src/Illuminate/Foundation/Http/Middleware/PreventRequestsDuringMaintenance.php(99): Illuminate/Pipeline/Pipeline->Illuminate/Pipeline/{closure}()
#43 D:/laragon-new/laragon/www/hotel-beach-way/vendor/laravel/framework/src/Illuminate/Pipeline/Pipeline.php(183): Illuminate/Foundation/Http/Middleware/PreventRequestsDuringMaintenance->handle()
#44 D:/laragon-new/laragon/www/hotel-beach-way/vendor/laravel/framework/src/Illuminate/Http/Middleware/HandleCors.php(49): Illuminate/Pipeline/Pipeline->Illuminate/Pipeline/{closure}()
#45 D:/laragon-new/laragon/www/hotel-beach-way/vendor/laravel/framework/src/Illuminate/Pipeline/Pipeline.php(183): Illuminate/Http/Middleware/HandleCors->handle()
#46 D:/laragon-new/laragon/www/hotel-beach-way/vendor/laravel/framework/src/Illuminate/Http/Middleware/TrustProxies.php(39): Illuminate/Pipeline/Pipeline->Illuminate/Pipeline/{closure}()
#47 D:/laragon-new/laragon/www/hotel-beach-way/vendor/laravel/framework/src/Illuminate/Pipeline/Pipeline.php(183): Illuminate/Http/Middleware/TrustProxies->handle()
#48 D:/laragon-new/laragon/www/hotel-beach-way/vendor/laravel/framework/src/Illuminate/Pipeline/Pipeline.php(119): Illuminate/Pipeline/Pipeline->Illuminate/Pipeline/{closure}()
#49 D:/laragon-new/laragon/www/hotel-beach-way/vendor/laravel/framework/src/Illuminate/Foundation/Http/Kernel.php(175): Illuminate/Pipeline/Pipeline->then()
#50 D:/laragon-new/laragon/www/hotel-beach-way/vendor/laravel/framework/src/Illuminate/Foundation/Http/Kernel.php(144): Illuminate/Foundation/Http/Kernel->sendRequestThroughRouter()
#51 D:/laragon-new/laragon/www/hotel-beach-way/public/index.php(52): Illuminate/Foundation/Http/Kernel->handle()
#52 D:/laragon-new/laragon/www/hotel-beach-way/vendor/laravel/framework/src/Illuminate/Foundation/resources/server.php(16): require_once('...')
#53 {main}
"} 
[2026-06-14 16:45:53] local.ERROR: View [frontend.faqs] not found. {"userId":1,"exception":"[object] (InvalidArgumentException(code: 0): View [frontend.faqs] not found. at D:/laragon-new/laragon/www/hotel-beach-way/vendor/laravel/framework/src/Illuminate/View/FileViewFinder.php:137)
[stacktrace]
#0 D:/laragon-new/laragon/www/hotel-beach-way/vendor/laravel/framework/src/Illuminate/View/FileViewFinder.php(79): Illuminate/View/FileViewFinder->findInPaths()
#1 D:/laragon-new/laragon/www/hotel-beach-way/vendor/laravel/framework/src/Illuminate/View/Factory.php(138): Illuminate/View/FileViewFinder->find()
#2 D:/laragon-new/laragon/www/hotel-beach-way/vendor/laravel/framework/src/Illuminate/Foundation/helpers.php(1020): Illuminate/View/Factory->make()
#3 D:/laragon-new/laragon/www/hotel-beach-way/app/Http/Controllers/FrontendController.php(76): view()
#4 D:/laragon-new/laragon/www/hotel-beach-way/vendor/laravel/framework/src/Illuminate/Routing/Controller.php(54): App/Http/Controllers/FrontendController->faqs()
#5 D:/laragon-new/laragon/www/hotel-beach-way/vendor/laravel/framework/src/Illuminate/Routing/ControllerDispatcher.php(43): Illuminate/Routing/Controller->callAction()
#6 D:/laragon-new/laragon/www/hotel-beach-way/vendor/laravel/framework/src/Illuminate/Routing/Route.php(260): Illuminate/Routing/ControllerDispatcher->dispatch()
#7 D:/laragon-new/laragon/www/hotel-beach-way/vendor/laravel/framework/src/Illuminate/Routing/Route.php(205): Illuminate/Routing/Route->runController()
#8 D:/laragon-new/laragon/www/hotel-beach-way/vendor/laravel/framework/src/Illuminate/Routing/Router.php(806): Illuminate/Routing/Route->run()
#9 D:/laragon-new/laragon/www/hotel-beach-way/vendor/laravel/framework/src/Illuminate/Pipeline/Pipeline.php(144): Illuminate/Routing/Router->Illuminate/Routing/{closure}()
#10 D:/laragon-new/laragon/www/hotel-beach-way/vendor/laravel/framework/src/Illuminate/Http/Middleware/AddLinkHeadersForPreloadedAssets.php(20): Illuminate/Pipeline/Pipeline->Illuminate/Pipeline/{closure}()
#11 D:/laragon-new/laragon/www/hotel-beach-way/vendor/laravel/framework/src/Illuminate/Pipeline/Pipeline.php(183): Illuminate/Http/Middleware/AddLinkHeadersForPreloadedAssets->handle()
#12 D:/laragon-new/laragon/www/hotel-beach-way/vendor/inertiajs/inertia-laravel/src/Middleware.php(87): Illuminate/Pipeline/Pipeline->Illuminate/Pipeline/{closure}()
#13 D:/laragon-new/laragon/www/hotel-beach-way/vendor/laravel/framework/src/Illuminate/Pipeline/Pipeline.php(183): Inertia/Middleware->handle()
#14 D:/laragon-new/laragon/www/hotel-beach-way/vendor/laravel/framework/src/Illuminate/Routing/Middleware/SubstituteBindings.php(50): Illuminate/Pipeline/Pipeline->Illuminate/Pipeline/{closure}()
#15 D:/laragon-new/laragon/www/hotel-beach-way/vendor/laravel/framework/src/Illuminate/Pipeline/Pipeline.php(183): Illuminate/Routing/Middleware/SubstituteBindings->handle()
#16 D:/laragon-new/laragon/www/hotel-beach-way/vendor/laravel/framework/src/Illuminate/Foundation/Http/Middleware/VerifyCsrfToken.php(78): Illuminate/Pipeline/Pipeline->Illuminate/Pipeline/{closure}()
#17 D:/laragon-new/laragon/www/hotel-beach-way/vendor/laravel/framework/src/Illuminate/Pipeline/Pipeline.php(183): Illuminate/Foundation/Http/Middleware/VerifyCsrfToken->handle()
#18 D:/laragon-new/laragon/www/hotel-beach-way/vendor/laravel/framework/src/Illuminate/View/Middleware/ShareErrorsFromSession.php(49): Illuminate/Pipeline/Pipeline->Illuminate/Pipeline/{closure}()
#19 D:/laragon-new/laragon/www/hotel-beach-way/vendor/laravel/framework/src/Illuminate/Pipeline/Pipeline.php(183): Illuminate/View/Middleware/ShareErrorsFromSession->handle()
#20 D:/laragon-new/laragon/www/hotel-beach-way/vendor/laravel/framework/src/Illuminate/Session/Middleware/StartSession.php(121): Illuminate/Pipeline/Pipeline->Illuminate/Pipeline/{closure}()
#21 D:/laragon-new/laragon/www/hotel-beach-way/vendor/laravel/framework/src/Illuminate/Session/Middleware/StartSession.php(64): Illuminate/Session/Middleware/StartSession->handleStatefulRequest()
#22 D:/laragon-new/laragon/www/hotel-beach-way/vendor/laravel/framework/src/Illuminate/Pipeline/Pipeline.php(183): Illuminate/Session/Middleware/StartSession->handle()
#23 D:/laragon-new/laragon/www/hotel-beach-way/vendor/laravel/framework/src/Illuminate/Cookie/Middleware/AddQueuedCookiesToResponse.php(37): Illuminate/Pipeline/Pipeline->Illuminate/Pipeline/{closure}()
#24 D:/laragon-new/laragon/www/hotel-beach-way/vendor/laravel/framework/src/Illuminate/Pipeline/Pipeline.php(183): Illuminate/Cookie/Middleware/AddQueuedCookiesToResponse->handle()
#25 D:/laragon-new/laragon/www/hotel-beach-way/vendor/laravel/framework/src/Illuminate/Cookie/Middleware/EncryptCookies.php(67): Illuminate/Pipeline/Pipeline->Illuminate/Pipeline/{closure}()
#26 D:/laragon-new/laragon/www/hotel-beach-way/vendor/laravel/framework/src/Illuminate/Pipeline/Pipeline.php(183): Illuminate/Cookie/Middleware/EncryptCookies->handle()
#27 D:/laragon-new/laragon/www/hotel-beach-way/vendor/laravel/framework/src/Illuminate/Pipeline/Pipeline.php(119): Illuminate/Pipeline/Pipeline->Illuminate/Pipeline/{closure}()
#28 D:/laragon-new/laragon/www/hotel-beach-way/vendor/laravel/framework/src/Illuminate/Routing/Router.php(807): Illuminate/Pipeline/Pipeline->then()
#29 D:/laragon-new/laragon/www/hotel-beach-way/vendor/laravel/framework/src/Illuminate/Routing/Router.php(784): Illuminate/Routing/Router->runRouteWithinStack()
#30 D:/laragon-new/laragon/www/hotel-beach-way/vendor/laravel/framework/src/Illuminate/Routing/Router.php(748): Illuminate/Routing/Router->runRoute()
#31 D:/laragon-new/laragon/www/hotel-beach-way/vendor/laravel/framework/src/Illuminate/Routing/Router.php(737): Illuminate/Routing/Router->dispatchToRoute()
#32 D:/laragon-new/laragon/www/hotel-beach-way/vendor/laravel/framework/src/Illuminate/Foundation/Http/Kernel.php(200): Illuminate/Routing/Router->dispatch()
#33 D:/laragon-new/laragon/www/hotel-beach-way/vendor/laravel/framework/src/Illuminate/Pipeline/Pipeline.php(144): Illuminate/Foundation/Http/Kernel->Illuminate/Foundation/Http/{closure}()
#34 D:/laragon-new/laragon/www/hotel-beach-way/vendor/laravel/framework/src/Illuminate/Foundation/Http/Middleware/TransformsRequest.php(21): Illuminate/Pipeline/Pipeline->Illuminate/Pipeline/{closure}()
#35 D:/laragon-new/laragon/www/hotel-beach-way/vendor/laravel/framework/src/Illuminate/Foundation/Http/Middleware/ConvertEmptyStringsToNull.php(31): Illuminate/Foundation/Http/Middleware/TransformsRequest->handle()
#36 D:/laragon-new/laragon/www/hotel-beach-way/vendor/laravel/framework/src/Illuminate/Pipeline/Pipeline.php(183): Illuminate/Foundation/Http/Middleware/ConvertEmptyStringsToNull->handle()
#37 D:/laragon-new/laragon/www/hotel-beach-way/vendor/laravel/framework/src/Illuminate/Foundation/Http/Middleware/TransformsRequest.php(21): Illuminate/Pipeline/Pipeline->Illuminate/Pipeline/{closure}()
#38 D:/laragon-new/laragon/www/hotel-beach-way/vendor/laravel/framework/src/Illuminate/Foundation/Http/Middleware/TrimStrings.php(40): Illuminate/Foundation/Http/Middleware/TransformsRequest->handle()
#39 D:/laragon-new/laragon/www/hotel-beach-way/vendor/laravel/framework/src/Illuminate/Pipeline/Pipeline.php(183): Illuminate/Foundation/Http/Middleware/TrimStrings->handle()
#40 D:/laragon-new/laragon/www/hotel-beach-way/vendor/laravel/framework/src/Illuminate/Foundation/Http/Middleware/ValidatePostSize.php(27): Illuminate/Pipeline/Pipeline->Illuminate/Pipeline/{closure}()
#41 D:/laragon-new/laragon/www/hotel-beach-way/vendor/laravel/framework/src/Illuminate/Pipeline/Pipeline.php(183): Illuminate/Foundation/Http/Middleware/ValidatePostSize->handle()
#42 D:/laragon-new/laragon/www/hotel-beach-way/vendor/laravel/framework/src/Illuminate/Foundation/Http/Middleware/PreventRequestsDuringMaintenance.php(99): Illuminate/Pipeline/Pipeline->Illuminate/Pipeline/{closure}()
#43 D:/laragon-new/laragon/www/hotel-beach-way/vendor/laravel/framework/src/Illuminate/Pipeline/Pipeline.php(183): Illuminate/Foundation/Http/Middleware/PreventRequestsDuringMaintenance->handle()
#44 D:/laragon-new/laragon/www/hotel-beach-way/vendor/laravel/framework/src/Illuminate/Http/Middleware/HandleCors.php(49): Illuminate/Pipeline/Pipeline->Illuminate/Pipeline/{closure}()
#45 D:/laragon-new/laragon/www/hotel-beach-way/vendor/laravel/framework/src/Illuminate/Pipeline/Pipeline.php(183): Illuminate/Http/Middleware/HandleCors->handle()
#46 D:/laragon-new/laragon/www/hotel-beach-way/vendor/laravel/framework/src/Illuminate/Http/Middleware/TrustProxies.php(39): Illuminate/Pipeline/Pipeline->Illuminate/Pipeline/{closure}()
#47 D:/laragon-new/laragon/www/hotel-beach-way/vendor/laravel/framework/src/Illuminate/Pipeline/Pipeline.php(183): Illuminate/Http/Middleware/TrustProxies->handle()
#48 D:/laragon-new/laragon/www/hotel-beach-way/vendor/laravel/framework/src/Illuminate/Pipeline/Pipeline.php(119): Illuminate/Pipeline/Pipeline->Illuminate/Pipeline/{closure}()
#49 D:/laragon-new/laragon/www/hotel-beach-way/vendor/laravel/framework/src/Illuminate/Foundation/Http/Kernel.php(175): Illuminate/Pipeline/Pipeline->then()
#50 D:/laragon-new/laragon/www/hotel-beach-way/vendor/laravel/framework/src/Illuminate/Foundation/Http/Kernel.php(144): Illuminate/Foundation/Http/Kernel->sendRequestThroughRouter()
#51 D:/laragon-new/laragon/www/hotel-beach-way/public/index.php(52): Illuminate/Foundation/Http/Kernel->handle()
#52 D:/laragon-new/laragon/www/hotel-beach-way/vendor/laravel/framework/src/Illuminate/Foundation/resources/server.php(16): require_once('...')
#53 {main}
"} 
[2026-06-21 18:38:22] local.ERROR: The "--compact" option does not exist. {"exception":"[object] (Symfony\\Component\\Console\\Exception\\RuntimeException(code: 0): The \"--compact\" option does not exist. at D:/laragon-new/laragon/www/hotel-beach-way/vendor/symfony/console/Input/ArgvInput.php:222)
[stacktrace]
#0 D:/laragon-new/laragon/www/hotel-beach-way/vendor/symfony/console/Input/ArgvInput.php(151): Symfony/Component/Console/Input/ArgvInput->addLongOption()
#1 D:/laragon-new/laragon/www/hotel-beach-way/vendor/symfony/console/Input/ArgvInput.php(85): Symfony/Component/Console/Input/ArgvInput->parseLongOption()
#2 D:/laragon-new/laragon/www/hotel-beach-way/vendor/symfony/console/Input/ArgvInput.php(74): Symfony/Component/Console/Input/ArgvInput->parseToken()
#3 D:/laragon-new/laragon/www/hotel-beach-way/vendor/symfony/console/Input/Input.php(56): Symfony/Component/Console/Input/ArgvInput->parse()
#4 D:/laragon-new/laragon/www/hotel-beach-way/vendor/symfony/console/Command/Command.php(285): Symfony/Component/Console/Input/Input->bind()
#5 D:/laragon-new/laragon/www/hotel-beach-way/vendor/laravel/framework/src/Illuminate/Console/Command.php(181): Symfony/Component/Console/Command/Command->run()
#6 D:/laragon-new/laragon/www/hotel-beach-way/vendor/symfony/console/Application.php(1121): Illuminate/Console/Command->run()
#7 D:/laragon-new/laragon/www/hotel-beach-way/vendor/symfony/console/Application.php(324): Symfony/Component/Console/Application->doRunCommand()
#8 D:/laragon-new/laragon/www/hotel-beach-way/vendor/symfony/console/Application.php(175): Symfony/Component/Console/Application->doRun()
#9 D:/laragon-new/laragon/www/hotel-beach-way/vendor/laravel/framework/src/Illuminate/Foundation/Console/Kernel.php(201): Symfony/Component/Console/Application->run()
#10 D:/laragon-new/laragon/www/hotel-beach-way/artisan(37): Illuminate/Foundation/Console/Kernel->handle()
#11 {main}
"} 
[2026-06-22 14:51:30] local.ERROR: syntax error, unexpected token "}" {"view":{"view":"D:\\laragon-new\\laragon\\www\\hotel-beach-way\\resources\\views\\frontend\\about.blade.php","data":[]},"userId":1,"exception":"[object] (Spatie\\LaravelIgnition\\Exceptions\\ViewException(code: 0): syntax error, unexpected token \"}\" at D:/laragon-new/laragon/www/hotel-beach-way/resources/views/frontend/about.blade.php:99)
[stacktrace]
#0 D:/laragon-new/laragon/www/hotel-beach-way/vendor/laravel/framework/src/Illuminate/Filesystem/Filesystem.php(124): Illuminate/Filesystem/Filesystem::Illuminate/Filesystem/{closure}()
#1 D:/laragon-new/laragon/www/hotel-beach-way/vendor/laravel/framework/src/Illuminate/View/Engines/PhpEngine.php(58): Illuminate/Filesystem/Filesystem->getRequire()
#2 D:/laragon-new/laragon/www/hotel-beach-way/vendor/laravel/framework/src/Illuminate/View/Engines/CompilerEngine.php(72): Illuminate/View/Engines/PhpEngine->evaluatePath()
#3 D:/laragon-new/laragon/www/hotel-beach-way/vendor/laravel/framework/src/Illuminate/View/View.php(207): Illuminate/View/Engines/CompilerEngine->get()
#4 D:/laragon-new/laragon/www/hotel-beach-way/vendor/laravel/framework/src/Illuminate/View/View.php(190): Illuminate/View/View->getContents()
#5 D:/laragon-new/laragon/www/hotel-beach-way/vendor/laravel/framework/src/Illuminate/View/View.php(159): Illuminate/View/View->renderContents()
#6 D:/laragon-new/laragon/www/hotel-beach-way/vendor/laravel/framework/src/Illuminate/Http/Response.php(69): Illuminate/View/View->render()
#7 D:/laragon-new/laragon/www/hotel-beach-way/vendor/laravel/framework/src/Illuminate/Http/Response.php(35): Illuminate/Http/Response->setContent()
#8 D:/laragon-new/laragon/www/hotel-beach-way/vendor/laravel/framework/src/Illuminate/Routing/Router.php(918): Illuminate/Http/Response->__construct()
#9 D:/laragon-new/laragon/www/hotel-beach-way/vendor/laravel/framework/src/Illuminate/Routing/Router.php(885): Illuminate/Routing/Router::toResponse()
#10 D:/laragon-new/laragon/www/hotel-beach-way/vendor/laravel/framework/src/Illuminate/Routing/Router.php(806): Illuminate/Routing/Router->prepareResponse()
#11 D:/laragon-new/laragon/www/hotel-beach-way/vendor/laravel/framework/src/Illuminate/Pipeline/Pipeline.php(144): Illuminate/Routing/Router->Illuminate/Routing/{closure}()
#12 D:/laragon-new/laragon/www/hotel-beach-way/vendor/laravel/framework/src/Illuminate/Http/Middleware/AddLinkHeadersForPreloadedAssets.php(20): Illuminate/Pipeline/Pipeline->Illuminate/Pipeline/{closure}()
#13 D:/laragon-new/laragon/www/hotel-beach-way/vendor/laravel/framework/src/Illuminate/Pipeline/Pipeline.php(183): Illuminate/Http/Middleware/AddLinkHeadersForPreloadedAssets->handle()
#14 D:/laragon-new/laragon/www/hotel-beach-way/vendor/inertiajs/inertia-laravel/src/Middleware.php(87): Illuminate/Pipeline/Pipeline->Illuminate/Pipeline/{closure}()
#15 D:/laragon-new/laragon/www/hotel-beach-way/vendor/laravel/framework/src/Illuminate/Pipeline/Pipeline.php(183): Inertia/Middleware->handle()
#16 D:/laragon-new/laragon/www/hotel-beach-way/vendor/laravel/framework/src/Illuminate/Routing/Middleware/SubstituteBindings.php(50): Illuminate/Pipeline/Pipeline->Illuminate/Pipeline/{closure}()
#17 D:/laragon-new/laragon/www/hotel-beach-way/vendor/laravel/framework/src/Illuminate/Pipeline/Pipeline.php(183): Illuminate/Routing/Middleware/SubstituteBindings->handle()
#18 D:/laragon-new/laragon/www/hotel-beach-way/vendor/laravel/framework/src/Illuminate/Foundation/Http/Middleware/VerifyCsrfToken.php(78): Illuminate/Pipeline/Pipeline->Illuminate/Pipeline/{closure}()
#19 D:/laragon-new/laragon/www/hotel-beach-way/vendor/laravel/framework/src/Illuminate/Pipeline/Pipeline.php(183): Illuminate/Foundation/Http/Middleware/VerifyCsrfToken->handle()
#20 D:/laragon-new/laragon/www/hotel-beach-way/vendor/laravel/framework/src/Illuminate/View/Middleware/ShareErrorsFromSession.php(49): Illuminate/Pipeline/Pipeline->Illuminate/Pipeline/{closure}()
#21 D:/laragon-new/laragon/www/hotel-beach-way/vendor/laravel/framework/src/Illuminate/Pipeline/Pipeline.php(183): Illuminate/View/Middleware/ShareErrorsFromSession->handle()
#22 D:/laragon-new/laragon/www/hotel-beach-way/vendor/laravel/framework/src/Illuminate/Session/Middleware/StartSession.php(121): Illuminate/Pipeline/Pipeline->Illuminate/Pipeline/{closure}()
#23 D:/laragon-new/laragon/www/hotel-beach-way/vendor/laravel/framework/src/Illuminate/Session/Middleware/StartSession.php(64): Illuminate/Session/Middleware/StartSession->handleStatefulRequest()
#24 D:/laragon-new/laragon/www/hotel-beach-way/vendor/laravel/framework/src/Illuminate/Pipeline/Pipeline.php(183): Illuminate/Session/Middleware/StartSession->handle()
#25 D:/laragon-new/laragon/www/hotel-beach-way/vendor/laravel/framework/src/Illuminate/Cookie/Middleware/AddQueuedCookiesToResponse.php(37): Illuminate/Pipeline/Pipeline->Illuminate/Pipeline/{closure}()
#26 D:/laragon-new/laragon/www/hotel-beach-way/vendor/laravel/framework/src/Illuminate/Pipeline/Pipeline.php(183): Illuminate/Cookie/Middleware/AddQueuedCookiesToResponse->handle()
#27 D:/laragon-new/laragon/www/hotel-beach-way/vendor/laravel/framework/src/Illuminate/Cookie/Middleware/EncryptCookies.php(67): Illuminate/Pipeline/Pipeline->Illuminate/Pipeline/{closure}()
#28 D:/laragon-new/laragon/www/hotel-beach-way/vendor/laravel/framework/src/Illuminate/Pipeline/Pipeline.php(183): Illuminate/Cookie/Middleware/EncryptCookies->handle()
#29 D:/laragon-new/laragon/www/hotel-beach-way/vendor/laravel/framework/src/Illuminate/Pipeline/Pipeline.php(119): Illuminate/Pipeline/Pipeline->Illuminate/Pipeline/{closure}()
#30 D:/laragon-new/laragon/www/hotel-beach-way/vendor/laravel/framework/src/Illuminate/Routing/Router.php(807): Illuminate/Pipeline/Pipeline->then()
#31 D:/laragon-new/laragon/www/hotel-beach-way/vendor/laravel/framework/src/Illuminate/Routing/Router.php(784): Illuminate/Routing/Router->runRouteWithinStack()
#32 D:/laragon-new/laragon/www/hotel-beach-way/vendor/laravel/framework/src/Illuminate/Routing/Router.php(748): Illuminate/Routing/Router->runRoute()
#33 D:/laragon-new/laragon/www/hotel-beach-way/vendor/laravel/framework/src/Illuminate/Routing/Router.php(737): Illuminate/Routing/Router->dispatchToRoute()
#34 D:/laragon-new/laragon/www/hotel-beach-way/vendor/laravel/framework/src/Illuminate/Foundation/Http/Kernel.php(200): Illuminate/Routing/Router->dispatch()
#35 D:/laragon-new/laragon/www/hotel-beach-way/vendor/laravel/framework/src/Illuminate/Pipeline/Pipeline.php(144): Illuminate/Foundation/Http/Kernel->Illuminate/Foundation/Http/{closure}()
#36 D:/laragon-new/laragon/www/hotel-beach-way/vendor/laravel/framework/src/Illuminate/Foundation/Http/Middleware/TransformsRequest.php(21): Illuminate/Pipeline/Pipeline->Illuminate/Pipeline/{closure}()
#37 D:/laragon-new/laragon/www/hotel-beach-way/vendor/laravel/framework/src/Illuminate/Foundation/Http/Middleware/ConvertEmptyStringsToNull.php(31): Illuminate/Foundation/Http/Middleware/TransformsRequest->handle()
#38 D:/laragon-new/laragon/www/hotel-beach-way/vendor/laravel/framework/src/Illuminate/Pipeline/Pipeline.php(183): Illuminate/Foundation/Http/Middleware/ConvertEmptyStringsToNull->handle()
#39 D:/laragon-new/laragon/www/hotel-beach-way/vendor/laravel/framework/src/Illuminate/Foundation/Http/Middleware/TransformsRequest.php(21): Illuminate/Pipeline/Pipeline->Illuminate/Pipeline/{closure}()
#40 D:/laragon-new/laragon/www/hotel-beach-way/vendor/laravel/framework/src/Illuminate/Foundation/Http/Middleware/TrimStrings.php(40): Illuminate/Foundation/Http/Middleware/TransformsRequest->handle()
#41 D:/laragon-new/laragon/www/hotel-beach-way/vendor/laravel/framework/src/Illuminate/Pipeline/Pipeline.php(183): Illuminate/Foundation/Http/Middleware/TrimStrings->handle()
#42 D:/laragon-new/laragon/www/hotel-beach-way/vendor/laravel/framework/src/Illuminate/Foundation/Http/Middleware/ValidatePostSize.php(27): Illuminate/Pipeline/Pipeline->Illuminate/Pipeline/{closure}()
#43 D:/laragon-new/laragon/www/hotel-beach-way/vendor/laravel/framework/src/Illuminate/Pipeline/Pipeline.php(183): Illuminate/Foundation/Http/Middleware/ValidatePostSize->handle()
#44 D:/laragon-new/laragon/www/hotel-beach-way/vendor/laravel/framework/src/Illuminate/Foundation/Http/Middleware/PreventRequestsDuringMaintenance.php(99): Illuminate/Pipeline/Pipeline->Illuminate/Pipeline/{closure}()
#45 D:/laragon-new/laragon/www/hotel-beach-way/vendor/laravel/framework/src/Illuminate/Pipeline/Pipeline.php(183): Illuminate/Foundation/Http/Middleware/PreventRequestsDuringMaintenance->handle()
#46 D:/laragon-new/laragon/www/hotel-beach-way/vendor/laravel/framework/src/Illuminate/Http/Middleware/HandleCors.php(49): Illuminate/Pipeline/Pipeline->Illuminate/Pipeline/{closure}()
#47 D:/laragon-new/laragon/www/hotel-beach-way/vendor/laravel/framework/src/Illuminate/Pipeline/Pipeline.php(183): Illuminate/Http/Middleware/HandleCors->handle()
#48 D:/laragon-new/laragon/www/hotel-beach-way/vendor/laravel/framework/src/Illuminate/Http/Middleware/TrustProxies.php(39): Illuminate/Pipeline/Pipeline->Illuminate/Pipeline/{closure}()
#49 D:/laragon-new/laragon/www/hotel-beach-way/vendor/laravel/framework/src/Illuminate/Pipeline/Pipeline.php(183): Illuminate/Http/Middleware/TrustProxies->handle()
#50 D:/laragon-new/laragon/www/hotel-beach-way/vendor/laravel/framework/src/Illuminate/Pipeline/Pipeline.php(119): Illuminate/Pipeline/Pipeline->Illuminate/Pipeline/{closure}()
#51 D:/laragon-new/laragon/www/hotel-beach-way/vendor/laravel/framework/src/Illuminate/Foundation/Http/Kernel.php(175): Illuminate/Pipeline/Pipeline->then()
#52 D:/laragon-new/laragon/www/hotel-beach-way/vendor/laravel/framework/src/Illuminate/Foundation/Http/Kernel.php(144): Illuminate/Foundation/Http/Kernel->sendRequestThroughRouter()
#53 D:/laragon-new/laragon/www/hotel-beach-way/public/index.php(52): Illuminate/Foundation/Http/Kernel->handle()
#54 D:/laragon-new/laragon/www/hotel-beach-way/vendor/laravel/framework/src/Illuminate/Foundation/resources/server.php(16): require_once('...')
#55 {main}

[previous exception] [object] (ParseError(code: 0): syntax error, unexpected token \"}\" at D:/laragon-new/laragon/www/hotel-beach-way/storage/framework/views/4bd682351d2c41d307cd671690f7a01f.php:97)
[stacktrace]
#0 D:/laragon-new/laragon/www/hotel-beach-way/vendor/laravel/framework/src/Illuminate/Filesystem/Filesystem.php(124): Illuminate/Filesystem/Filesystem::Illuminate/Filesystem/{closure}()
#1 D:/laragon-new/laragon/www/hotel-beach-way/vendor/laravel/framework/src/Illuminate/View/Engines/PhpEngine.php(58): Illuminate/Filesystem/Filesystem->getRequire()
#2 D:/laragon-new/laragon/www/hotel-beach-way/vendor/laravel/framework/src/Illuminate/View/Engines/CompilerEngine.php(72): Illuminate/View/Engines/PhpEngine->evaluatePath()
#3 D:/laragon-new/laragon/www/hotel-beach-way/vendor/laravel/framework/src/Illuminate/View/View.php(207): Illuminate/View/Engines/CompilerEngine->get()
#4 D:/laragon-new/laragon/www/hotel-beach-way/vendor/laravel/framework/src/Illuminate/View/View.php(190): Illuminate/View/View->getContents()
#5 D:/laragon-new/laragon/www/hotel-beach-way/vendor/laravel/framework/src/Illuminate/View/View.php(159): Illuminate/View/View->renderContents()
#6 D:/laragon-new/laragon/www/hotel-beach-way/vendor/laravel/framework/src/Illuminate/Http/Response.php(69): Illuminate/View/View->render()
#7 D:/laragon-new/laragon/www/hotel-beach-way/vendor/laravel/framework/src/Illuminate/Http/Response.php(35): Illuminate/Http/Response->setContent()
#8 D:/laragon-new/laragon/www/hotel-beach-way/vendor/laravel/framework/src/Illuminate/Routing/Router.php(918): Illuminate/Http/Response->__construct()
#9 D:/laragon-new/laragon/www/hotel-beach-way/vendor/laravel/framework/src/Illuminate/Routing/Router.php(885): Illuminate/Routing/Router::toResponse()
#10 D:/laragon-new/laragon/www/hotel-beach-way/vendor/laravel/framework/src/Illuminate/Routing/Router.php(806): Illuminate/Routing/Router->prepareResponse()
#11 D:/laragon-new/laragon/www/hotel-beach-way/vendor/laravel/framework/src/Illuminate/Pipeline/Pipeline.php(144): Illuminate/Routing/Router->Illuminate/Routing/{closure}()
#12 D:/laragon-new/laragon/www/hotel-beach-way/vendor/laravel/framework/src/Illuminate/Http/Middleware/AddLinkHeadersForPreloadedAssets.php(20): Illuminate/Pipeline/Pipeline->Illuminate/Pipeline/{closure}()
#13 D:/laragon-new/laragon/www/hotel-beach-way/vendor/laravel/framework/src/Illuminate/Pipeline/Pipeline.php(183): Illuminate/Http/Middleware/AddLinkHeadersForPreloadedAssets->handle()
#14 D:/laragon-new/laragon/www/hotel-beach-way/vendor/inertiajs/inertia-laravel/src/Middleware.php(87): Illuminate/Pipeline/Pipeline->Illuminate/Pipeline/{closure}()
#15 D:/laragon-new/laragon/www/hotel-beach-way/vendor/laravel/framework/src/Illuminate/Pipeline/Pipeline.php(183): Inertia/Middleware->handle()
#16 D:/laragon-new/laragon/www/hotel-beach-way/vendor/laravel/framework/src/Illuminate/Routing/Middleware/SubstituteBindings.php(50): Illuminate/Pipeline/Pipeline->Illuminate/Pipeline/{closure}()
#17 D:/laragon-new/laragon/www/hotel-beach-way/vendor/laravel/framework/src/Illuminate/Pipeline/Pipeline.php(183): Illuminate/Routing/Middleware/SubstituteBindings->handle()
#18 D:/laragon-new/laragon/www/hotel-beach-way/vendor/laravel/framework/src/Illuminate/Foundation/Http/Middleware/VerifyCsrfToken.php(78): Illuminate/Pipeline/Pipeline->Illuminate/Pipeline/{closure}()
#19 D:/laragon-new/laragon/www/hotel-beach-way/vendor/laravel/framework/src/Illuminate/Pipeline/Pipeline.php(183): Illuminate/Foundation/Http/Middleware/VerifyCsrfToken->handle()
#20 D:/laragon-new/laragon/www/hotel-beach-way/vendor/laravel/framework/src/Illuminate/View/Middleware/ShareErrorsFromSession.php(49): Illuminate/Pipeline/Pipeline->Illuminate/Pipeline/{closure}()
#21 D:/laragon-new/laragon/www/hotel-beach-way/vendor/laravel/framework/src/Illuminate/Pipeline/Pipeline.php(183): Illuminate/View/Middleware/ShareErrorsFromSession->handle()
#22 D:/laragon-new/laragon/www/hotel-beach-way/vendor/laravel/framework/src/Illuminate/Session/Middleware/StartSession.php(121): Illuminate/Pipeline/Pipeline->Illuminate/Pipeline/{closure}()
#23 D:/laragon-new/laragon/www/hotel-beach-way/vendor/laravel/framework/src/Illuminate/Session/Middleware/StartSession.php(64): Illuminate/Session/Middleware/StartSession->handleStatefulRequest()
#24 D:/laragon-new/laragon/www/hotel-beach-way/vendor/laravel/framework/src/Illuminate/Pipeline/Pipeline.php(183): Illuminate/Session/Middleware/StartSession->handle()
#25 D:/laragon-new/laragon/www/hotel-beach-way/vendor/laravel/framework/src/Illuminate/Cookie/Middleware/AddQueuedCookiesToResponse.php(37): Illuminate/Pipeline/Pipeline->Illuminate/Pipeline/{closure}()
#26 D:/laragon-new/laragon/www/hotel-beach-way/vendor/laravel/framework/src/Illuminate/Pipeline/Pipeline.php(183): Illuminate/Cookie/Middleware/AddQueuedCookiesToResponse->handle()
#27 D:/laragon-new/laragon/www/hotel-beach-way/vendor/laravel/framework/src/Illuminate/Cookie/Middleware/EncryptCookies.php(67): Illuminate/Pipeline/Pipeline->Illuminate/Pipeline/{closure}()
#28 D:/laragon-new/laragon/www/hotel-beach-way/vendor/laravel/framework/src/Illuminate/Pipeline/Pipeline.php(183): Illuminate/Cookie/Middleware/EncryptCookies->handle()
#29 D:/laragon-new/laragon/www/hotel-beach-way/vendor/laravel/framework/src/Illuminate/Pipeline/Pipeline.php(119): Illuminate/Pipeline/Pipeline->Illuminate/Pipeline/{closure}()
#30 D:/laragon-new/laragon/www/hotel-beach-way/vendor/laravel/framework/src/Illuminate/Routing/Router.php(807): Illuminate/Pipeline/Pipeline->then()
#31 D:/laragon-new/laragon/www/hotel-beach-way/vendor/laravel/framework/src/Illuminate/Routing/Router.php(784): Illuminate/Routing/Router->runRouteWithinStack()
#32 D:/laragon-new/laragon/www/hotel-beach-way/vendor/laravel/framework/src/Illuminate/Routing/Router.php(748): Illuminate/Routing/Router->runRoute()
#33 D:/laragon-new/laragon/www/hotel-beach-way/vendor/laravel/framework/src/Illuminate/Routing/Router.php(737): Illuminate/Routing/Router->dispatchToRoute()
#34 D:/laragon-new/laragon/www/hotel-beach-way/vendor/laravel/framework/src/Illuminate/Foundation/Http/Kernel.php(200): Illuminate/Routing/Router->dispatch()
#35 D:/laragon-new/laragon/www/hotel-beach-way/vendor/laravel/framework/src/Illuminate/Pipeline/Pipeline.php(144): Illuminate/Foundation/Http/Kernel->Illuminate/Foundation/Http/{closure}()
#36 D:/laragon-new/laragon/www/hotel-beach-way/vendor/laravel/framework/src/Illuminate/Foundation/Http/Middleware/TransformsRequest.php(21): Illuminate/Pipeline/Pipeline->Illuminate/Pipeline/{closure}()
#37 D:/laragon-new/laragon/www/hotel-beach-way/vendor/laravel/framework/src/Illuminate/Foundation/Http/Middleware/ConvertEmptyStringsToNull.php(31): Illuminate/Foundation/Http/Middleware/TransformsRequest->handle()
#38 D:/laragon-new/laragon/www/hotel-beach-way/vendor/laravel/framework/src/Illuminate/Pipeline/Pipeline.php(183): Illuminate/Foundation/Http/Middleware/ConvertEmptyStringsToNull->handle()
#39 D:/laragon-new/laragon/www/hotel-beach-way/vendor/laravel/framework/src/Illuminate/Foundation/Http/Middleware/TransformsRequest.php(21): Illuminate/Pipeline/Pipeline->Illuminate/Pipeline/{closure}()
#40 D:/laragon-new/laragon/www/hotel-beach-way/vendor/laravel/framework/src/Illuminate/Foundation/Http/Middleware/TrimStrings.php(40): Illuminate/Foundation/Http/Middleware/TransformsRequest->handle()
#41 D:/laragon-new/laragon/www/hotel-beach-way/vendor/laravel/framework/src/Illuminate/Pipeline/Pipeline.php(183): Illuminate/Foundation/Http/Middleware/TrimStrings->handle()
#42 D:/laragon-new/laragon/www/hotel-beach-way/vendor/laravel/framework/src/Illuminate/Foundation/Http/Middleware/ValidatePostSize.php(27): Illuminate/Pipeline/Pipeline->Illuminate/Pipeline/{closure}()
#43 D:/laragon-new/laragon/www/hotel-beach-way/vendor/laravel/framework/src/Illuminate/Pipeline/Pipeline.php(183): Illuminate/Foundation/Http/Middleware/ValidatePostSize->handle()
#44 D:/laragon-new/laragon/www/hotel-beach-way/vendor/laravel/framework/src/Illuminate/Foundation/Http/Middleware/PreventRequestsDuringMaintenance.php(99): Illuminate/Pipeline/Pipeline->Illuminate/Pipeline/{closure}()
#45 D:/laragon-new/laragon/www/hotel-beach-way/vendor/laravel/framework/src/Illuminate/Pipeline/Pipeline.php(183): Illuminate/Foundation/Http/Middleware/PreventRequestsDuringMaintenance->handle()
#46 D:/laragon-new/laragon/www/hotel-beach-way/vendor/laravel/framework/src/Illuminate/Http/Middleware/HandleCors.php(49): Illuminate/Pipeline/Pipeline->Illuminate/Pipeline/{closure}()
#47 D:/laragon-new/laragon/www/hotel-beach-way/vendor/laravel/framework/src/Illuminate/Pipeline/Pipeline.php(183): Illuminate/Http/Middleware/HandleCors->handle()
#48 D:/laragon-new/laragon/www/hotel-beach-way/vendor/laravel/framework/src/Illuminate/Http/Middleware/TrustProxies.php(39): Illuminate/Pipeline/Pipeline->Illuminate/Pipeline/{closure}()
#49 D:/laragon-new/laragon/www/hotel-beach-way/vendor/laravel/framework/src/Illuminate/Pipeline/Pipeline.php(183): Illuminate/Http/Middleware/TrustProxies->handle()
#50 D:/laragon-new/laragon/www/hotel-beach-way/vendor/laravel/framework/src/Illuminate/Pipeline/Pipeline.php(119): Illuminate/Pipeline/Pipeline->Illuminate/Pipeline/{closure}()
#51 D:/laragon-new/laragon/www/hotel-beach-way/vendor/laravel/framework/src/Illuminate/Foundation/Http/Kernel.php(175): Illuminate/Pipeline/Pipeline->then()
#52 D:/laragon-new/laragon/www/hotel-beach-way/vendor/laravel/framework/src/Illuminate/Foundation/Http/Kernel.php(144): Illuminate/Foundation/Http/Kernel->sendRequestThroughRouter()
#53 D:/laragon-new/laragon/www/hotel-beach-way/public/index.php(52): Illuminate/Foundation/Http/Kernel->handle()
#54 D:/laragon-new/laragon/www/hotel-beach-way/vendor/laravel/framework/src/Illuminate/Foundation/resources/server.php(16): require_once('...')
#55 {main}
"} 
[2026-06-22 14:56:37] local.ERROR: Route [history] not defined. {"view":{"view":"D:\\laragon-new\\laragon\\www\\hotel-beach-way\\resources\\views\\components\\frontend\\nav.blade.php","data":[]},"userId":1,"exception":"[object] (Spatie\\LaravelIgnition\\Exceptions\\ViewException(code: 0): Route [history] not defined. at D:/laragon-new/laragon/www/hotel-beach-way/vendor/laravel/framework/src/Illuminate/Routing/UrlGenerator.php:477)
[stacktrace]
#0 D:/laragon-new/laragon/www/hotel-beach-way/vendor/laravel/framework/src/Illuminate/Foundation/helpers.php(811): Illuminate/Routing/UrlGenerator->route()
#1 D:/laragon-new/laragon/www/hotel-beach-way/resources/views/components/frontend/nav.blade.php(97): route()
#2 D:/laragon-new/laragon/www/hotel-beach-way/vendor/laravel/framework/src/Illuminate/Filesystem/Filesystem.php(123): require('...')
#3 D:/laragon-new/laragon/www/hotel-beach-way/vendor/laravel/framework/src/Illuminate/Filesystem/Filesystem.php(124): Illuminate/Filesystem/Filesystem::Illuminate/Filesystem/{closure}()
#4 D:/laragon-new/laragon/www/hotel-beach-way/vendor/laravel/framework/src/Illuminate/View/Engines/PhpEngine.php(58): Illuminate/Filesystem/Filesystem->getRequire()
#5 D:/laragon-new/laragon/www/hotel-beach-way/vendor/laravel/framework/src/Illuminate/View/Engines/CompilerEngine.php(72): Illuminate/View/Engines/PhpEngine->evaluatePath()
#6 D:/laragon-new/laragon/www/hotel-beach-way/vendor/laravel/framework/src/Illuminate/View/View.php(207): Illuminate/View/Engines/CompilerEngine->get()
#7 D:/laragon-new/laragon/www/hotel-beach-way/vendor/laravel/framework/src/Illuminate/View/View.php(190): Illuminate/View/View->getContents()
#8 D:/laragon-new/laragon/www/hotel-beach-way/vendor/laravel/framework/src/Illuminate/View/View.php(159): Illuminate/View/View->renderContents()
#9 D:/laragon-new/laragon/www/hotel-beach-way/resources/views/layouts/frontend.blade.php(40): Illuminate/View/View->render()
#10 D:/laragon-new/laragon/www/hotel-beach-way/vendor/laravel/framework/src/Illuminate/Filesystem/Filesystem.php(123): require('...')
#11 D:/laragon-new/laragon/www/hotel-beach-way/vendor/laravel/framework/src/Illuminate/Filesystem/Filesystem.php(124): Illuminate/Filesystem/Filesystem::Illuminate/Filesystem/{closure}()
#12 D:/laragon-new/laragon/www/hotel-beach-way/vendor/laravel/framework/src/Illuminate/View/Engines/PhpEngine.php(58): Illuminate/Filesystem/Filesystem->getRequire()
#13 D:/laragon-new/laragon/www/hotel-beach-way/vendor/laravel/framework/src/Illuminate/View/Engines/CompilerEngine.php(72): Illuminate/View/Engines/PhpEngine->evaluatePath()
#14 D:/laragon-new/laragon/www/hotel-beach-way/vendor/laravel/framework/src/Illuminate/View/View.php(207): Illuminate/View/Engines/CompilerEngine->get()
#15 D:/laragon-new/laragon/www/hotel-beach-way/vendor/laravel/framework/src/Illuminate/View/View.php(190): Illuminate/View/View->getContents()
#16 D:/laragon-new/laragon/www/hotel-beach-way/vendor/laravel/framework/src/Illuminate/View/View.php(159): Illuminate/View/View->renderContents()
#17 D:/laragon-new/laragon/www/hotel-beach-way/resources/views/frontend/about.blade.php(378): Illuminate/View/View->render()
#18 D:/laragon-new/laragon/www/hotel-beach-way/vendor/laravel/framework/src/Illuminate/Filesystem/Filesystem.php(123): require('...')
#19 D:/laragon-new/laragon/www/hotel-beach-way/vendor/laravel/framework/src/Illuminate/Filesystem/Filesystem.php(124): Illuminate/Filesystem/Filesystem::Illuminate/Filesystem/{closure}()
#20 D:/laragon-new/laragon/www/hotel-beach-way/vendor/laravel/framework/src/Illuminate/View/Engines/PhpEngine.php(58): Illuminate/Filesystem/Filesystem->getRequire()
#21 D:/laragon-new/laragon/www/hotel-beach-way/vendor/laravel/framework/src/Illuminate/View/Engines/CompilerEngine.php(72): Illuminate/View/Engines/PhpEngine->evaluatePath()
#22 D:/laragon-new/laragon/www/hotel-beach-way/vendor/laravel/framework/src/Illuminate/View/View.php(207): Illuminate/View/Engines/CompilerEngine->get()
#23 D:/laragon-new/laragon/www/hotel-beach-way/vendor/laravel/framework/src/Illuminate/View/View.php(190): Illuminate/View/View->getContents()
#24 D:/laragon-new/laragon/www/hotel-beach-way/vendor/laravel/framework/src/Illuminate/View/View.php(159): Illuminate/View/View->renderContents()
#25 D:/laragon-new/laragon/www/hotel-beach-way/vendor/laravel/framework/src/Illuminate/Http/Response.php(69): Illuminate/View/View->render()
#26 D:/laragon-new/laragon/www/hotel-beach-way/vendor/laravel/framework/src/Illuminate/Http/Response.php(35): Illuminate/Http/Response->setContent()
#27 D:/laragon-new/laragon/www/hotel-beach-way/vendor/laravel/framework/src/Illuminate/Routing/Router.php(918): Illuminate/Http/Response->__construct()
#28 D:/laragon-new/laragon/www/hotel-beach-way/vendor/laravel/framework/src/Illuminate/Routing/Router.php(885): Illuminate/Routing/Router::toResponse()
#29 D:/laragon-new/laragon/www/hotel-beach-way/vendor/laravel/framework/src/Illuminate/Routing/Router.php(806): Illuminate/Routing/Router->prepareResponse()
#30 D:/laragon-new/laragon/www/hotel-beach-way/vendor/laravel/framework/src/Illuminate/Pipeline/Pipeline.php(144): Illuminate/Routing/Router->Illuminate/Routing/{closure}()
#31 D:/laragon-new/laragon/www/hotel-beach-way/vendor/laravel/framework/src/Illuminate/Http/Middleware/AddLinkHeadersForPreloadedAssets.php(20): Illuminate/Pipeline/Pipeline->Illuminate/Pipeline/{closure}()
#32 D:/laragon-new/laragon/www/hotel-beach-way/vendor/laravel/framework/src/Illuminate/Pipeline/Pipeline.php(183): Illuminate/Http/Middleware/AddLinkHeadersForPreloadedAssets->handle()
#33 D:/laragon-new/laragon/www/hotel-beach-way/vendor/inertiajs/inertia-laravel/src/Middleware.php(87): Illuminate/Pipeline/Pipeline->Illuminate/Pipeline/{closure}()
#34 D:/laragon-new/laragon/www/hotel-beach-way/vendor/laravel/framework/src/Illuminate/Pipeline/Pipeline.php(183): Inertia/Middleware->handle()
#35 D:/laragon-new/laragon/www/hotel-beach-way/vendor/laravel/framework/src/Illuminate/Routing/Middleware/SubstituteBindings.php(50): Illuminate/Pipeline/Pipeline->Illuminate/Pipeline/{closure}()
#36 D:/laragon-new/laragon/www/hotel-beach-way/vendor/laravel/framework/src/Illuminate/Pipeline/Pipeline.php(183): Illuminate/Routing/Middleware/SubstituteBindings->handle()
#37 D:/laragon-new/laragon/www/hotel-beach-way/vendor/laravel/framework/src/Illuminate/Foundation/Http/Middleware/VerifyCsrfToken.php(78): Illuminate/Pipeline/Pipeline->Illuminate/Pipeline/{closure}()
#38 D:/laragon-new/laragon/www/hotel-beach-way/vendor/laravel/framework/src/Illuminate/Pipeline/Pipeline.php(183): Illuminate/Foundation/Http/Middleware/VerifyCsrfToken->handle()
#39 D:/laragon-new/laragon/www/hotel-beach-way/vendor/laravel/framework/src/Illuminate/View/Middleware/ShareErrorsFromSession.php(49): Illuminate/Pipeline/Pipeline->Illuminate/Pipeline/{closure}()
#40 D:/laragon-new/laragon/www/hotel-beach-way/vendor/laravel/framework/src/Illuminate/Pipeline/Pipeline.php(183): Illuminate/View/Middleware/ShareErrorsFromSession->handle()
#41 D:/laragon-new/laragon/www/hotel-beach-way/vendor/laravel/framework/src/Illuminate/Session/Middleware/StartSession.php(121): Illuminate/Pipeline/Pipeline->Illuminate/Pipeline/{closure}()
#42 D:/laragon-new/laragon/www/hotel-beach-way/vendor/laravel/framework/src/Illuminate/Session/Middleware/StartSession.php(64): Illuminate/Session/Middleware/StartSession->handleStatefulRequest()
#43 D:/laragon-new/laragon/www/hotel-beach-way/vendor/laravel/framework/src/Illuminate/Pipeline/Pipeline.php(183): Illuminate/Session/Middleware/StartSession->handle()
#44 D:/laragon-new/laragon/www/hotel-beach-way/vendor/laravel/framework/src/Illuminate/Cookie/Middleware/AddQueuedCookiesToResponse.php(37): Illuminate/Pipeline/Pipeline->Illuminate/Pipeline/{closure}()
#45 D:/laragon-new/laragon/www/hotel-beach-way/vendor/laravel/framework/src/Illuminate/Pipeline/Pipeline.php(183): Illuminate/Cookie/Middleware/AddQueuedCookiesToResponse->handle()
#46 D:/laragon-new/laragon/www/hotel-beach-way/vendor/laravel/framework/src/Illuminate/Cookie/Middleware/EncryptCookies.php(67): Illuminate/Pipeline/Pipeline->Illuminate/Pipeline/{closure}()
#47 D:/laragon-new/laragon/www/hotel-beach-way/vendor/laravel/framework/src/Illuminate/Pipeline/Pipeline.php(183): Illuminate/Cookie/Middleware/EncryptCookies->handle()
#48 D:/laragon-new/laragon/www/hotel-beach-way/vendor/laravel/framework/src/Illuminate/Pipeline/Pipeline.php(119): Illuminate/Pipeline/Pipeline->Illuminate/Pipeline/{closure}()
#49 D:/laragon-new/laragon/www/hotel-beach-way/vendor/laravel/framework/src/Illuminate/Routing/Router.php(807): Illuminate/Pipeline/Pipeline->then()
#50 D:/laragon-new/laragon/www/hotel-beach-way/vendor/laravel/framework/src/Illuminate/Routing/Router.php(784): Illuminate/Routing/Router->runRouteWithinStack()
#51 D:/laragon-new/laragon/www/hotel-beach-way/vendor/laravel/framework/src/Illuminate/Routing/Router.php(748): Illuminate/Routing/Router->runRoute()
#52 D:/laragon-new/laragon/www/hotel-beach-way/vendor/laravel/framework/src/Illuminate/Routing/Router.php(737): Illuminate/Routing/Router->dispatchToRoute()
#53 D:/laragon-new/laragon/www/hotel-beach-way/vendor/laravel/framework/src/Illuminate/Foundation/Http/Kernel.php(200): Illuminate/Routing/Router->dispatch()
#54 D:/laragon-new/laragon/www/hotel-beach-way/vendor/laravel/framework/src/Illuminate/Pipeline/Pipeline.php(144): Illuminate/Foundation/Http/Kernel->Illuminate/Foundation/Http/{closure}()
#55 D:/laragon-new/laragon/www/hotel-beach-way/vendor/laravel/framework/src/Illuminate/Foundation/Http/Middleware/TransformsRequest.php(21): Illuminate/Pipeline/Pipeline->Illuminate/Pipeline/{closure}()
#56 D:/laragon-new/laragon/www/hotel-beach-way/vendor/laravel/framework/src/Illuminate/Foundation/Http/Middleware/ConvertEmptyStringsToNull.php(31): Illuminate/Foundation/Http/Middleware/TransformsRequest->handle()
#57 D:/laragon-new/laragon/www/hotel-beach-way/vendor/laravel/framework/src/Illuminate/Pipeline/Pipeline.php(183): Illuminate/Foundation/Http/Middleware/ConvertEmptyStringsToNull->handle()
#58 D:/laragon-new/laragon/www/hotel-beach-way/vendor/laravel/framework/src/Illuminate/Foundation/Http/Middleware/TransformsRequest.php(21): Illuminate/Pipeline/Pipeline->Illuminate/Pipeline/{closure}()
#59 D:/laragon-new/laragon/www/hotel-beach-way/vendor/laravel/framework/src/Illuminate/Foundation/Http/Middleware/TrimStrings.php(40): Illuminate/Foundation/Http/Middleware/TransformsRequest->handle()
#60 D:/laragon-new/laragon/www/hotel-beach-way/vendor/laravel/framework/src/Illuminate/Pipeline/Pipeline.php(183): Illuminate/Foundation/Http/Middleware/TrimStrings->handle()
#61 D:/laragon-new/laragon/www/hotel-beach-way/vendor/laravel/framework/src/Illuminate/Foundation/Http/Middleware/ValidatePostSize.php(27): Illuminate/Pipeline/Pipeline->Illuminate/Pipeline/{closure}()
#62 D:/laragon-new/laragon/www/hotel-beach-way/vendor/laravel/framework/src/Illuminate/Pipeline/Pipeline.php(183): Illuminate/Foundation/Http/Middleware/ValidatePostSize->handle()
#63 D:/laragon-new/laragon/www/hotel-beach-way/vendor/laravel/framework/src/Illuminate/Foundation/Http/Middleware/PreventRequestsDuringMaintenance.php(99): Illuminate/Pipeline/Pipeline->Illuminate/Pipeline/{closure}()
#64 D:/laragon-new/laragon/www/hotel-beach-way/vendor/laravel/framework/src/Illuminate/Pipeline/Pipeline.php(183): Illuminate/Foundation/Http/Middleware/PreventRequestsDuringMaintenance->handle()
#65 D:/laragon-new/laragon/www/hotel-beach-way/vendor/laravel/framework/src/Illuminate/Http/Middleware/HandleCors.php(49): Illuminate/Pipeline/Pipeline->Illuminate/Pipeline/{closure}()
#66 D:/laragon-new/laragon/www/hotel-beach-way/vendor/laravel/framework/src/Illuminate/Pipeline/Pipeline.php(183): Illuminate/Http/Middleware/HandleCors->handle()
#67 D:/laragon-new/laragon/www/hotel-beach-way/vendor/laravel/framework/src/Illuminate/Http/Middleware/TrustProxies.php(39): Illuminate/Pipeline/Pipeline->Illuminate/Pipeline/{closure}()
#68 D:/laragon-new/laragon/www/hotel-beach-way/vendor/laravel/framework/src/Illuminate/Pipeline/Pipeline.php(183): Illuminate/Http/Middleware/TrustProxies->handle()
#69 D:/laragon-new/laragon/www/hotel-beach-way/vendor/laravel/framework/src/Illuminate/Pipeline/Pipeline.php(119): Illuminate/Pipeline/Pipeline->Illuminate/Pipeline/{closure}()
#70 D:/laragon-new/laragon/www/hotel-beach-way/vendor/laravel/framework/src/Illuminate/Foundation/Http/Kernel.php(175): Illuminate/Pipeline/Pipeline->then()
#71 D:/laragon-new/laragon/www/hotel-beach-way/vendor/laravel/framework/src/Illuminate/Foundation/Http/Kernel.php(144): Illuminate/Foundation/Http/Kernel->sendRequestThroughRouter()
#72 D:/laragon-new/laragon/www/hotel-beach-way/public/index.php(52): Illuminate/Foundation/Http/Kernel->handle()
#73 D:/laragon-new/laragon/www/hotel-beach-way/vendor/laravel/framework/src/Illuminate/Foundation/resources/server.php(16): require_once('...')
#74 {main}

[previous exception] [object] (Symfony\\Component\\Routing\\Exception\\RouteNotFoundException(code: 0): Route [history] not defined. at D:/laragon-new/laragon/www/hotel-beach-way/vendor/laravel/framework/src/Illuminate/Routing/UrlGenerator.php:477)
[stacktrace]
#0 D:/laragon-new/laragon/www/hotel-beach-way/vendor/laravel/framework/src/Illuminate/Foundation/helpers.php(811): Illuminate/Routing/UrlGenerator->route()
#1 D:/laragon-new/laragon/www/hotel-beach-way/storage/framework/views/0844e2a9536b01a60b53b0fa033f6e29.php(100): route()
#2 D:/laragon-new/laragon/www/hotel-beach-way/vendor/laravel/framework/src/Illuminate/Filesystem/Filesystem.php(123): require('...')
#3 D:/laragon-new/laragon/www/hotel-beach-way/vendor/laravel/framework/src/Illuminate/Filesystem/Filesystem.php(124): Illuminate/Filesystem/Filesystem::Illuminate/Filesystem/{closure}()
#4 D:/laragon-new/laragon/www/hotel-beach-way/vendor/laravel/framework/src/Illuminate/View/Engines/PhpEngine.php(58): Illuminate/Filesystem/Filesystem->getRequire()
#5 D:/laragon-new/laragon/www/hotel-beach-way/vendor/laravel/framework/src/Illuminate/View/Engines/CompilerEngine.php(72): Illuminate/View/Engines/PhpEngine->evaluatePath()
#6 D:/laragon-new/laragon/www/hotel-beach-way/vendor/laravel/framework/src/Illuminate/View/View.php(207): Illuminate/View/Engines/CompilerEngine->get()
#7 D:/laragon-new/laragon/www/hotel-beach-way/vendor/laravel/framework/src/Illuminate/View/View.php(190): Illuminate/View/View->getContents()
#8 D:/laragon-new/laragon/www/hotel-beach-way/vendor/laravel/framework/src/Illuminate/View/View.php(159): Illuminate/View/View->renderContents()
#9 D:/laragon-new/laragon/www/hotel-beach-way/storage/framework/views/92c133f09f06fbb2971efccaeae44d06.php(40): Illuminate/View/View->render()
#10 D:/laragon-new/laragon/www/hotel-beach-way/vendor/laravel/framework/src/Illuminate/Filesystem/Filesystem.php(123): require('...')
#11 D:/laragon-new/laragon/www/hotel-beach-way/vendor/laravel/framework/src/Illuminate/Filesystem/Filesystem.php(124): Illuminate/Filesystem/Filesystem::Illuminate/Filesystem/{closure}()
#12 D:/laragon-new/laragon/www/hotel-beach-way/vendor/laravel/framework/src/Illuminate/View/Engines/PhpEngine.php(58): Illuminate/Filesystem/Filesystem->getRequire()
#13 D:/laragon-new/laragon/www/hotel-beach-way/vendor/laravel/framework/src/Illuminate/View/Engines/CompilerEngine.php(72): Illuminate/View/Engines/PhpEngine->evaluatePath()
#14 D:/laragon-new/laragon/www/hotel-beach-way/vendor/laravel/framework/src/Illuminate/View/View.php(207): Illuminate/View/Engines/CompilerEngine->get()
#15 D:/laragon-new/laragon/www/hotel-beach-way/vendor/laravel/framework/src/Illuminate/View/View.php(190): Illuminate/View/View->getContents()
#16 D:/laragon-new/laragon/www/hotel-beach-way/vendor/laravel/framework/src/Illuminate/View/View.php(159): Illuminate/View/View->renderContents()
#17 D:/laragon-new/laragon/www/hotel-beach-way/storage/framework/views/4bd682351d2c41d307cd671690f7a01f.php(380): Illuminate/View/View->render()
#18 D:/laragon-new/laragon/www/hotel-beach-way/vendor/laravel/framework/src/Illuminate/Filesystem/Filesystem.php(123): require('...')
#19 D:/laragon-new/laragon/www/hotel-beach-way/vendor/laravel/framework/src/Illuminate/Filesystem/Filesystem.php(124): Illuminate/Filesystem/Filesystem::Illuminate/Filesystem/{closure}()
#20 D:/laragon-new/laragon/www/hotel-beach-way/vendor/laravel/framework/src/Illuminate/View/Engines/PhpEngine.php(58): Illuminate/Filesystem/Filesystem->getRequire()
#21 D:/laragon-new/laragon/www/hotel-beach-way/vendor/laravel/framework/src/Illuminate/View/Engines/CompilerEngine.php(72): Illuminate/View/Engines/PhpEngine->evaluatePath()
#22 D:/laragon-new/laragon/www/hotel-beach-way/vendor/laravel/framework/src/Illuminate/View/View.php(207): Illuminate/View/Engines/CompilerEngine->get()
#23 D:/laragon-new/laragon/www/hotel-beach-way/vendor/laravel/framework/src/Illuminate/View/View.php(190): Illuminate/View/View->getContents()
#24 D:/laragon-new/laragon/www/hotel-beach-way/vendor/laravel/framework/src/Illuminate/View/View.php(159): Illuminate/View/View->renderContents()
#25 D:/laragon-new/laragon/www/hotel-beach-way/vendor/laravel/framework/src/Illuminate/Http/Response.php(69): Illuminate/View/View->render()
#26 D:/laragon-new/laragon/www/hotel-beach-way/vendor/laravel/framework/src/Illuminate/Http/Response.php(35): Illuminate/Http/Response->setContent()
#27 D:/laragon-new/laragon/www/hotel-beach-way/vendor/laravel/framework/src/Illuminate/Routing/Router.php(918): Illuminate/Http/Response->__construct()
#28 D:/laragon-new/laragon/www/hotel-beach-way/vendor/laravel/framework/src/Illuminate/Routing/Router.php(885): Illuminate/Routing/Router::toResponse()
#29 D:/laragon-new/laragon/www/hotel-beach-way/vendor/laravel/framework/src/Illuminate/Routing/Router.php(806): Illuminate/Routing/Router->prepareResponse()
#30 D:/laragon-new/laragon/www/hotel-beach-way/vendor/laravel/framework/src/Illuminate/Pipeline/Pipeline.php(144): Illuminate/Routing/Router->Illuminate/Routing/{closure}()
#31 D:/laragon-new/laragon/www/hotel-beach-way/vendor/laravel/framework/src/Illuminate/Http/Middleware/AddLinkHeadersForPreloadedAssets.php(20): Illuminate/Pipeline/Pipeline->Illuminate/Pipeline/{closure}()
#32 D:/laragon-new/laragon/www/hotel-beach-way/vendor/laravel/framework/src/Illuminate/Pipeline/Pipeline.php(183): Illuminate/Http/Middleware/AddLinkHeadersForPreloadedAssets->handle()
#33 D:/laragon-new/laragon/www/hotel-beach-way/vendor/inertiajs/inertia-laravel/src/Middleware.php(87): Illuminate/Pipeline/Pipeline->Illuminate/Pipeline/{closure}()
#34 D:/laragon-new/laragon/www/hotel-beach-way/vendor/laravel/framework/src/Illuminate/Pipeline/Pipeline.php(183): Inertia/Middleware->handle()
#35 D:/laragon-new/laragon/www/hotel-beach-way/vendor/laravel/framework/src/Illuminate/Routing/Middleware/SubstituteBindings.php(50): Illuminate/Pipeline/Pipeline->Illuminate/Pipeline/{closure}()
#36 D:/laragon-new/laragon/www/hotel-beach-way/vendor/laravel/framework/src/Illuminate/Pipeline/Pipeline.php(183): Illuminate/Routing/Middleware/SubstituteBindings->handle()
#37 D:/laragon-new/laragon/www/hotel-beach-way/vendor/laravel/framework/src/Illuminate/Foundation/Http/Middleware/VerifyCsrfToken.php(78): Illuminate/Pipeline/Pipeline->Illuminate/Pipeline/{closure}()
#38 D:/laragon-new/laragon/www/hotel-beach-way/vendor/laravel/framework/src/Illuminate/Pipeline/Pipeline.php(183): Illuminate/Foundation/Http/Middleware/VerifyCsrfToken->handle()
#39 D:/laragon-new/laragon/www/hotel-beach-way/vendor/laravel/framework/src/Illuminate/View/Middleware/ShareErrorsFromSession.php(49): Illuminate/Pipeline/Pipeline->Illuminate/Pipeline/{closure}()
#40 D:/laragon-new/laragon/www/hotel-beach-way/vendor/laravel/framework/src/Illuminate/Pipeline/Pipeline.php(183): Illuminate/View/Middleware/ShareErrorsFromSession->handle()
#41 D:/laragon-new/laragon/www/hotel-beach-way/vendor/laravel/framework/src/Illuminate/Session/Middleware/StartSession.php(121): Illuminate/Pipeline/Pipeline->Illuminate/Pipeline/{closure}()
#42 D:/laragon-new/laragon/www/hotel-beach-way/vendor/laravel/framework/src/Illuminate/Session/Middleware/StartSession.php(64): Illuminate/Session/Middleware/StartSession->handleStatefulRequest()
#43 D:/laragon-new/laragon/www/hotel-beach-way/vendor/laravel/framework/src/Illuminate/Pipeline/Pipeline.php(183): Illuminate/Session/Middleware/StartSession->handle()
#44 D:/laragon-new/laragon/www/hotel-beach-way/vendor/laravel/framework/src/Illuminate/Cookie/Middleware/AddQueuedCookiesToResponse.php(37): Illuminate/Pipeline/Pipeline->Illuminate/Pipeline/{closure}()
#45 D:/laragon-new/laragon/www/hotel-beach-way/vendor/laravel/framework/src/Illuminate/Pipeline/Pipeline.php(183): Illuminate/Cookie/Middleware/AddQueuedCookiesToResponse->handle()
#46 D:/laragon-new/laragon/www/hotel-beach-way/vendor/laravel/framework/src/Illuminate/Cookie/Middleware/EncryptCookies.php(67): Illuminate/Pipeline/Pipeline->Illuminate/Pipeline/{closure}()
#47 D:/laragon-new/laragon/www/hotel-beach-way/vendor/laravel/framework/src/Illuminate/Pipeline/Pipeline.php(183): Illuminate/Cookie/Middleware/EncryptCookies->handle()
#48 D:/laragon-new/laragon/www/hotel-beach-way/vendor/laravel/framework/src/Illuminate/Pipeline/Pipeline.php(119): Illuminate/Pipeline/Pipeline->Illuminate/Pipeline/{closure}()
#49 D:/laragon-new/laragon/www/hotel-beach-way/vendor/laravel/framework/src/Illuminate/Routing/Router.php(807): Illuminate/Pipeline/Pipeline->then()
#50 D:/laragon-new/laragon/www/hotel-beach-way/vendor/laravel/framework/src/Illuminate/Routing/Router.php(784): Illuminate/Routing/Router->runRouteWithinStack()
#51 D:/laragon-new/laragon/www/hotel-beach-way/vendor/laravel/framework/src/Illuminate/Routing/Router.php(748): Illuminate/Routing/Router->runRoute()
#52 D:/laragon-new/laragon/www/hotel-beach-way/vendor/laravel/framework/src/Illuminate/Routing/Router.php(737): Illuminate/Routing/Router->dispatchToRoute()
#53 D:/laragon-new/laragon/www/hotel-beach-way/vendor/laravel/framework/src/Illuminate/Foundation/Http/Kernel.php(200): Illuminate/Routing/Router->dispatch()
#54 D:/laragon-new/laragon/www/hotel-beach-way/vendor/laravel/framework/src/Illuminate/Pipeline/Pipeline.php(144): Illuminate/Foundation/Http/Kernel->Illuminate/Foundation/Http/{closure}()
#55 D:/laragon-new/laragon/www/hotel-beach-way/vendor/laravel/framework/src/Illuminate/Foundation/Http/Middleware/TransformsRequest.php(21): Illuminate/Pipeline/Pipeline->Illuminate/Pipeline/{closure}()
#56 D:/laragon-new/laragon/www/hotel-beach-way/vendor/laravel/framework/src/Illuminate/Foundation/Http/Middleware/ConvertEmptyStringsToNull.php(31): Illuminate/Foundation/Http/Middleware/TransformsRequest->handle()
#57 D:/laragon-new/laragon/www/hotel-beach-way/vendor/laravel/framework/src/Illuminate/Pipeline/Pipeline.php(183): Illuminate/Foundation/Http/Middleware/ConvertEmptyStringsToNull->handle()
#58 D:/laragon-new/laragon/www/hotel-beach-way/vendor/laravel/framework/src/Illuminate/Foundation/Http/Middleware/TransformsRequest.php(21): Illuminate/Pipeline/Pipeline->Illuminate/Pipeline/{closure}()
#59 D:/laragon-new/laragon/www/hotel-beach-way/vendor/laravel/framework/src/Illuminate/Foundation/Http/Middleware/TrimStrings.php(40): Illuminate/Foundation/Http/Middleware/TransformsRequest->handle()
#60 D:/laragon-new/laragon/www/hotel-beach-way/vendor/laravel/framework/src/Illuminate/Pipeline/Pipeline.php(183): Illuminate/Foundation/Http/Middleware/TrimStrings->handle()
#61 D:/laragon-new/laragon/www/hotel-beach-way/vendor/laravel/framework/src/Illuminate/Foundation/Http/Middleware/ValidatePostSize.php(27): Illuminate/Pipeline/Pipeline->Illuminate/Pipeline/{closure}()
#62 D:/laragon-new/laragon/www/hotel-beach-way/vendor/laravel/framework/src/Illuminate/Pipeline/Pipeline.php(183): Illuminate/Foundation/Http/Middleware/ValidatePostSize->handle()
#63 D:/laragon-new/laragon/www/hotel-beach-way/vendor/laravel/framework/src/Illuminate/Foundation/Http/Middleware/PreventRequestsDuringMaintenance.php(99): Illuminate/Pipeline/Pipeline->Illuminate/Pipeline/{closure}()
#64 D:/laragon-new/laragon/www/hotel-beach-way/vendor/laravel/framework/src/Illuminate/Pipeline/Pipeline.php(183): Illuminate/Foundation/Http/Middleware/PreventRequestsDuringMaintenance->handle()
#65 D:/laragon-new/laragon/www/hotel-beach-way/vendor/laravel/framework/src/Illuminate/Http/Middleware/HandleCors.php(49): Illuminate/Pipeline/Pipeline->Illuminate/Pipeline/{closure}()
#66 D:/laragon-new/laragon/www/hotel-beach-way/vendor/laravel/framework/src/Illuminate/Pipeline/Pipeline.php(183): Illuminate/Http/Middleware/HandleCors->handle()
#67 D:/laragon-new/laragon/www/hotel-beach-way/vendor/laravel/framework/src/Illuminate/Http/Middleware/TrustProxies.php(39): Illuminate/Pipeline/Pipeline->Illuminate/Pipeline/{closure}()
#68 D:/laragon-new/laragon/www/hotel-beach-way/vendor/laravel/framework/src/Illuminate/Pipeline/Pipeline.php(183): Illuminate/Http/Middleware/TrustProxies->handle()
#69 D:/laragon-new/laragon/www/hotel-beach-way/vendor/laravel/framework/src/Illuminate/Pipeline/Pipeline.php(119): Illuminate/Pipeline/Pipeline->Illuminate/Pipeline/{closure}()
#70 D:/laragon-new/laragon/www/hotel-beach-way/vendor/laravel/framework/src/Illuminate/Foundation/Http/Kernel.php(175): Illuminate/Pipeline/Pipeline->then()
#71 D:/laragon-new/laragon/www/hotel-beach-way/vendor/laravel/framework/src/Illuminate/Foundation/Http/Kernel.php(144): Illuminate/Foundation/Http/Kernel->sendRequestThroughRouter()
#72 D:/laragon-new/laragon/www/hotel-beach-way/public/index.php(52): Illuminate/Foundation/Http/Kernel->handle()
#73 D:/laragon-new/laragon/www/hotel-beach-way/vendor/laravel/framework/src/Illuminate/Foundation/resources/server.php(16): require_once('...')
#74 {main}
"} 
[2026-06-22 14:56:54] local.ERROR: Route [history] not defined. {"view":{"view":"D:\\laragon-new\\laragon\\www\\hotel-beach-way\\resources\\views\\components\\frontend\\nav.blade.php","data":[]},"userId":1,"exception":"[object] (Spatie\\LaravelIgnition\\Exceptions\\ViewException(code: 0): Route [history] not defined. at D:/laragon-new/laragon/www/hotel-beach-way/vendor/laravel/framework/src/Illuminate/Routing/UrlGenerator.php:477)
[stacktrace]
#0 D:/laragon-new/laragon/www/hotel-beach-way/vendor/laravel/framework/src/Illuminate/Foundation/helpers.php(811): Illuminate/Routing/UrlGenerator->route()
#1 D:/laragon-new/laragon/www/hotel-beach-way/resources/views/components/frontend/nav.blade.php(97): route()
#2 D:/laragon-new/laragon/www/hotel-beach-way/vendor/laravel/framework/src/Illuminate/Filesystem/Filesystem.php(123): require('...')
#3 D:/laragon-new/laragon/www/hotel-beach-way/vendor/laravel/framework/src/Illuminate/Filesystem/Filesystem.php(124): Illuminate/Filesystem/Filesystem::Illuminate/Filesystem/{closure}()
#4 D:/laragon-new/laragon/www/hotel-beach-way/vendor/laravel/framework/src/Illuminate/View/Engines/PhpEngine.php(58): Illuminate/Filesystem/Filesystem->getRequire()
#5 D:/laragon-new/laragon/www/hotel-beach-way/vendor/laravel/framework/src/Illuminate/View/Engines/CompilerEngine.php(72): Illuminate/View/Engines/PhpEngine->evaluatePath()
#6 D:/laragon-new/laragon/www/hotel-beach-way/vendor/laravel/framework/src/Illuminate/View/View.php(207): Illuminate/View/Engines/CompilerEngine->get()
#7 D:/laragon-new/laragon/www/hotel-beach-way/vendor/laravel/framework/src/Illuminate/View/View.php(190): Illuminate/View/View->getContents()
#8 D:/laragon-new/laragon/www/hotel-beach-way/vendor/laravel/framework/src/Illuminate/View/View.php(159): Illuminate/View/View->renderContents()
#9 D:/laragon-new/laragon/www/hotel-beach-way/resources/views/layouts/frontend.blade.php(40): Illuminate/View/View->render()
#10 D:/laragon-new/laragon/www/hotel-beach-way/vendor/laravel/framework/src/Illuminate/Filesystem/Filesystem.php(123): require('...')
#11 D:/laragon-new/laragon/www/hotel-beach-way/vendor/laravel/framework/src/Illuminate/Filesystem/Filesystem.php(124): Illuminate/Filesystem/Filesystem::Illuminate/Filesystem/{closure}()
#12 D:/laragon-new/laragon/www/hotel-beach-way/vendor/laravel/framework/src/Illuminate/View/Engines/PhpEngine.php(58): Illuminate/Filesystem/Filesystem->getRequire()
#13 D:/laragon-new/laragon/www/hotel-beach-way/vendor/laravel/framework/src/Illuminate/View/Engines/CompilerEngine.php(72): Illuminate/View/Engines/PhpEngine->evaluatePath()
#14 D:/laragon-new/laragon/www/hotel-beach-way/vendor/laravel/framework/src/Illuminate/View/View.php(207): Illuminate/View/Engines/CompilerEngine->get()
#15 D:/laragon-new/laragon/www/hotel-beach-way/vendor/laravel/framework/src/Illuminate/View/View.php(190): Illuminate/View/View->getContents()
#16 D:/laragon-new/laragon/www/hotel-beach-way/vendor/laravel/framework/src/Illuminate/View/View.php(159): Illuminate/View/View->renderContents()
#17 D:/laragon-new/laragon/www/hotel-beach-way/resources/views/frontend/about.blade.php(378): Illuminate/View/View->render()
#18 D:/laragon-new/laragon/www/hotel-beach-way/vendor/laravel/framework/src/Illuminate/Filesystem/Filesystem.php(123): require('...')
#19 D:/laragon-new/laragon/www/hotel-beach-way/vendor/laravel/framework/src/Illuminate/Filesystem/Filesystem.php(124): Illuminate/Filesystem/Filesystem::Illuminate/Filesystem/{closure}()
#20 D:/laragon-new/laragon/www/hotel-beach-way/vendor/laravel/framework/src/Illuminate/View/Engines/PhpEngine.php(58): Illuminate/Filesystem/Filesystem->getRequire()
#21 D:/laragon-new/laragon/www/hotel-beach-way/vendor/laravel/framework/src/Illuminate/View/Engines/CompilerEngine.php(72): Illuminate/View/Engines/PhpEngine->evaluatePath()
#22 D:/laragon-new/laragon/www/hotel-beach-way/vendor/laravel/framework/src/Illuminate/View/View.php(207): Illuminate/View/Engines/CompilerEngine->get()
#23 D:/laragon-new/laragon/www/hotel-beach-way/vendor/laravel/framework/src/Illuminate/View/View.php(190): Illuminate/View/View->getContents()
#24 D:/laragon-new/laragon/www/hotel-beach-way/vendor/laravel/framework/src/Illuminate/View/View.php(159): Illuminate/View/View->renderContents()
#25 D:/laragon-new/laragon/www/hotel-beach-way/vendor/laravel/framework/src/Illuminate/Http/Response.php(69): Illuminate/View/View->render()
#26 D:/laragon-new/laragon/www/hotel-beach-way/vendor/laravel/framework/src/Illuminate/Http/Response.php(35): Illuminate/Http/Response->setContent()
#27 D:/laragon-new/laragon/www/hotel-beach-way/vendor/laravel/framework/src/Illuminate/Routing/Router.php(918): Illuminate/Http/Response->__construct()
#28 D:/laragon-new/laragon/www/hotel-beach-way/vendor/laravel/framework/src/Illuminate/Routing/Router.php(885): Illuminate/Routing/Router::toResponse()
#29 D:/laragon-new/laragon/www/hotel-beach-way/vendor/laravel/framework/src/Illuminate/Routing/Router.php(806): Illuminate/Routing/Router->prepareResponse()
#30 D:/laragon-new/laragon/www/hotel-beach-way/vendor/laravel/framework/src/Illuminate/Pipeline/Pipeline.php(144): Illuminate/Routing/Router->Illuminate/Routing/{closure}()
#31 D:/laragon-new/laragon/www/hotel-beach-way/vendor/laravel/framework/src/Illuminate/Http/Middleware/AddLinkHeadersForPreloadedAssets.php(20): Illuminate/Pipeline/Pipeline->Illuminate/Pipeline/{closure}()
#32 D:/laragon-new/laragon/www/hotel-beach-way/vendor/laravel/framework/src/Illuminate/Pipeline/Pipeline.php(183): Illuminate/Http/Middleware/AddLinkHeadersForPreloadedAssets->handle()
#33 D:/laragon-new/laragon/www/hotel-beach-way/vendor/inertiajs/inertia-laravel/src/Middleware.php(87): Illuminate/Pipeline/Pipeline->Illuminate/Pipeline/{closure}()
#34 D:/laragon-new/laragon/www/hotel-beach-way/vendor/laravel/framework/src/Illuminate/Pipeline/Pipeline.php(183): Inertia/Middleware->handle()
#35 D:/laragon-new/laragon/www/hotel-beach-way/vendor/laravel/framework/src/Illuminate/Routing/Middleware/SubstituteBindings.php(50): Illuminate/Pipeline/Pipeline->Illuminate/Pipeline/{closure}()
#36 D:/laragon-new/laragon/www/hotel-beach-way/vendor/laravel/framework/src/Illuminate/Pipeline/Pipeline.php(183): Illuminate/Routing/Middleware/SubstituteBindings->handle()
#37 D:/laragon-new/laragon/www/hotel-beach-way/vendor/laravel/framework/src/Illuminate/Foundation/Http/Middleware/VerifyCsrfToken.php(78): Illuminate/Pipeline/Pipeline->Illuminate/Pipeline/{closure}()
#38 D:/laragon-new/laragon/www/hotel-beach-way/vendor/laravel/framework/src/Illuminate/Pipeline/Pipeline.php(183): Illuminate/Foundation/Http/Middleware/VerifyCsrfToken->handle()
#39 D:/laragon-new/laragon/www/hotel-beach-way/vendor/laravel/framework/src/Illuminate/View/Middleware/ShareErrorsFromSession.php(49): Illuminate/Pipeline/Pipeline->Illuminate/Pipeline/{closure}()
#40 D:/laragon-new/laragon/www/hotel-beach-way/vendor/laravel/framework/src/Illuminate/Pipeline/Pipeline.php(183): Illuminate/View/Middleware/ShareErrorsFromSession->handle()
#41 D:/laragon-new/laragon/www/hotel-beach-way/vendor/laravel/framework/src/Illuminate/Session/Middleware/StartSession.php(121): Illuminate/Pipeline/Pipeline->Illuminate/Pipeline/{closure}()
#42 D:/laragon-new/laragon/www/hotel-beach-way/vendor/laravel/framework/src/Illuminate/Session/Middleware/StartSession.php(64): Illuminate/Session/Middleware/StartSession->handleStatefulRequest()
#43 D:/laragon-new/laragon/www/hotel-beach-way/vendor/laravel/framework/src/Illuminate/Pipeline/Pipeline.php(183): Illuminate/Session/Middleware/StartSession->handle()
#44 D:/laragon-new/laragon/www/hotel-beach-way/vendor/laravel/framework/src/Illuminate/Cookie/Middleware/AddQueuedCookiesToResponse.php(37): Illuminate/Pipeline/Pipeline->Illuminate/Pipeline/{closure}()
#45 D:/laragon-new/laragon/www/hotel-beach-way/vendor/laravel/framework/src/Illuminate/Pipeline/Pipeline.php(183): Illuminate/Cookie/Middleware/AddQueuedCookiesToResponse->handle()
#46 D:/laragon-new/laragon/www/hotel-beach-way/vendor/laravel/framework/src/Illuminate/Cookie/Middleware/EncryptCookies.php(67): Illuminate/Pipeline/Pipeline->Illuminate/Pipeline/{closure}()
#47 D:/laragon-new/laragon/www/hotel-beach-way/vendor/laravel/framework/src/Illuminate/Pipeline/Pipeline.php(183): Illuminate/Cookie/Middleware/EncryptCookies->handle()
#48 D:/laragon-new/laragon/www/hotel-beach-way/vendor/laravel/framework/src/Illuminate/Pipeline/Pipeline.php(119): Illuminate/Pipeline/Pipeline->Illuminate/Pipeline/{closure}()
#49 D:/laragon-new/laragon/www/hotel-beach-way/vendor/laravel/framework/src/Illuminate/Routing/Router.php(807): Illuminate/Pipeline/Pipeline->then()
#50 D:/laragon-new/laragon/www/hotel-beach-way/vendor/laravel/framework/src/Illuminate/Routing/Router.php(784): Illuminate/Routing/Router->runRouteWithinStack()
#51 D:/laragon-new/laragon/www/hotel-beach-way/vendor/laravel/framework/src/Illuminate/Routing/Router.php(748): Illuminate/Routing/Router->runRoute()
#52 D:/laragon-new/laragon/www/hotel-beach-way/vendor/laravel/framework/src/Illuminate/Routing/Router.php(737): Illuminate/Routing/Router->dispatchToRoute()
#53 D:/laragon-new/laragon/www/hotel-beach-way/vendor/laravel/framework/src/Illuminate/Foundation/Http/Kernel.php(200): Illuminate/Routing/Router->dispatch()
#54 D:/laragon-new/laragon/www/hotel-beach-way/vendor/laravel/framework/src/Illuminate/Pipeline/Pipeline.php(144): Illuminate/Foundation/Http/Kernel->Illuminate/Foundation/Http/{closure}()
#55 D:/laragon-new/laragon/www/hotel-beach-way/vendor/laravel/framework/src/Illuminate/Foundation/Http/Middleware/TransformsRequest.php(21): Illuminate/Pipeline/Pipeline->Illuminate/Pipeline/{closure}()
#56 D:/laragon-new/laragon/www/hotel-beach-way/vendor/laravel/framework/src/Illuminate/Foundation/Http/Middleware/ConvertEmptyStringsToNull.php(31): Illuminate/Foundation/Http/Middleware/TransformsRequest->handle()
#57 D:/laragon-new/laragon/www/hotel-beach-way/vendor/laravel/framework/src/Illuminate/Pipeline/Pipeline.php(183): Illuminate/Foundation/Http/Middleware/ConvertEmptyStringsToNull->handle()
#58 D:/laragon-new/laragon/www/hotel-beach-way/vendor/laravel/framework/src/Illuminate/Foundation/Http/Middleware/TransformsRequest.php(21): Illuminate/Pipeline/Pipeline->Illuminate/Pipeline/{closure}()
#59 D:/laragon-new/laragon/www/hotel-beach-way/vendor/laravel/framework/src/Illuminate/Foundation/Http/Middleware/TrimStrings.php(40): Illuminate/Foundation/Http/Middleware/TransformsRequest->handle()
#60 D:/laragon-new/laragon/www/hotel-beach-way/vendor/laravel/framework/src/Illuminate/Pipeline/Pipeline.php(183): Illuminate/Foundation/Http/Middleware/TrimStrings->handle()
#61 D:/laragon-new/laragon/www/hotel-beach-way/vendor/laravel/framework/src/Illuminate/Foundation/Http/Middleware/ValidatePostSize.php(27): Illuminate/Pipeline/Pipeline->Illuminate/Pipeline/{closure}()
#62 D:/laragon-new/laragon/www/hotel-beach-way/vendor/laravel/framework/src/Illuminate/Pipeline/Pipeline.php(183): Illuminate/Foundation/Http/Middleware/ValidatePostSize->handle()
#63 D:/laragon-new/laragon/www/hotel-beach-way/vendor/laravel/framework/src/Illuminate/Foundation/Http/Middleware/PreventRequestsDuringMaintenance.php(99): Illuminate/Pipeline/Pipeline->Illuminate/Pipeline/{closure}()
#64 D:/laragon-new/laragon/www/hotel-beach-way/vendor/laravel/framework/src/Illuminate/Pipeline/Pipeline.php(183): Illuminate/Foundation/Http/Middleware/PreventRequestsDuringMaintenance->handle()
#65 D:/laragon-new/laragon/www/hotel-beach-way/vendor/laravel/framework/src/Illuminate/Http/Middleware/HandleCors.php(49): Illuminate/Pipeline/Pipeline->Illuminate/Pipeline/{closure}()
#66 D:/laragon-new/laragon/www/hotel-beach-way/vendor/laravel/framework/src/Illuminate/Pipeline/Pipeline.php(183): Illuminate/Http/Middleware/HandleCors->handle()
#67 D:/laragon-new/laragon/www/hotel-beach-way/vendor/laravel/framework/src/Illuminate/Http/Middleware/TrustProxies.php(39): Illuminate/Pipeline/Pipeline->Illuminate/Pipeline/{closure}()
#68 D:/laragon-new/laragon/www/hotel-beach-way/vendor/laravel/framework/src/Illuminate/Pipeline/Pipeline.php(183): Illuminate/Http/Middleware/TrustProxies->handle()
#69 D:/laragon-new/laragon/www/hotel-beach-way/vendor/laravel/framework/src/Illuminate/Pipeline/Pipeline.php(119): Illuminate/Pipeline/Pipeline->Illuminate/Pipeline/{closure}()
#70 D:/laragon-new/laragon/www/hotel-beach-way/vendor/laravel/framework/src/Illuminate/Foundation/Http/Kernel.php(175): Illuminate/Pipeline/Pipeline->then()
#71 D:/laragon-new/laragon/www/hotel-beach-way/vendor/laravel/framework/src/Illuminate/Foundation/Http/Kernel.php(144): Illuminate/Foundation/Http/Kernel->sendRequestThroughRouter()
#72 D:/laragon-new/laragon/www/hotel-beach-way/public/index.php(52): Illuminate/Foundation/Http/Kernel->handle()
#73 D:/laragon-new/laragon/www/hotel-beach-way/vendor/laravel/framework/src/Illuminate/Foundation/resources/server.php(16): require_once('...')
#74 {main}

[previous exception] [object] (Symfony\\Component\\Routing\\Exception\\RouteNotFoundException(code: 0): Route [history] not defined. at D:/laragon-new/laragon/www/hotel-beach-way/vendor/laravel/framework/src/Illuminate/Routing/UrlGenerator.php:477)
[stacktrace]
#0 D:/laragon-new/laragon/www/hotel-beach-way/vendor/laravel/framework/src/Illuminate/Foundation/helpers.php(811): Illuminate/Routing/UrlGenerator->route()
#1 D:/laragon-new/laragon/www/hotel-beach-way/storage/framework/views/0844e2a9536b01a60b53b0fa033f6e29.php(100): route()
#2 D:/laragon-new/laragon/www/hotel-beach-way/vendor/laravel/framework/src/Illuminate/Filesystem/Filesystem.php(123): require('...')
#3 D:/laragon-new/laragon/www/hotel-beach-way/vendor/laravel/framework/src/Illuminate/Filesystem/Filesystem.php(124): Illuminate/Filesystem/Filesystem::Illuminate/Filesystem/{closure}()
#4 D:/laragon-new/laragon/www/hotel-beach-way/vendor/laravel/framework/src/Illuminate/View/Engines/PhpEngine.php(58): Illuminate/Filesystem/Filesystem->getRequire()
#5 D:/laragon-new/laragon/www/hotel-beach-way/vendor/laravel/framework/src/Illuminate/View/Engines/CompilerEngine.php(72): Illuminate/View/Engines/PhpEngine->evaluatePath()
#6 D:/laragon-new/laragon/www/hotel-beach-way/vendor/laravel/framework/src/Illuminate/View/View.php(207): Illuminate/View/Engines/CompilerEngine->get()
#7 D:/laragon-new/laragon/www/hotel-beach-way/vendor/laravel/framework/src/Illuminate/View/View.php(190): Illuminate/View/View->getContents()
#8 D:/laragon-new/laragon/www/hotel-beach-way/vendor/laravel/framework/src/Illuminate/View/View.php(159): Illuminate/View/View->renderContents()
#9 D:/laragon-new/laragon/www/hotel-beach-way/storage/framework/views/92c133f09f06fbb2971efccaeae44d06.php(40): Illuminate/View/View->render()
#10 D:/laragon-new/laragon/www/hotel-beach-way/vendor/laravel/framework/src/Illuminate/Filesystem/Filesystem.php(123): require('...')
#11 D:/laragon-new/laragon/www/hotel-beach-way/vendor/laravel/framework/src/Illuminate/Filesystem/Filesystem.php(124): Illuminate/Filesystem/Filesystem::Illuminate/Filesystem/{closure}()
#12 D:/laragon-new/laragon/www/hotel-beach-way/vendor/laravel/framework/src/Illuminate/View/Engines/PhpEngine.php(58): Illuminate/Filesystem/Filesystem->getRequire()
#13 D:/laragon-new/laragon/www/hotel-beach-way/vendor/laravel/framework/src/Illuminate/View/Engines/CompilerEngine.php(72): Illuminate/View/Engines/PhpEngine->evaluatePath()
#14 D:/laragon-new/laragon/www/hotel-beach-way/vendor/laravel/framework/src/Illuminate/View/View.php(207): Illuminate/View/Engines/CompilerEngine->get()
#15 D:/laragon-new/laragon/www/hotel-beach-way/vendor/laravel/framework/src/Illuminate/View/View.php(190): Illuminate/View/View->getContents()
#16 D:/laragon-new/laragon/www/hotel-beach-way/vendor/laravel/framework/src/Illuminate/View/View.php(159): Illuminate/View/View->renderContents()
#17 D:/laragon-new/laragon/www/hotel-beach-way/storage/framework/views/4bd682351d2c41d307cd671690f7a01f.php(380): Illuminate/View/View->render()
#18 D:/laragon-new/laragon/www/hotel-beach-way/vendor/laravel/framework/src/Illuminate/Filesystem/Filesystem.php(123): require('...')
#19 D:/laragon-new/laragon/www/hotel-beach-way/vendor/laravel/framework/src/Illuminate/Filesystem/Filesystem.php(124): Illuminate/Filesystem/Filesystem::Illuminate/Filesystem/{closure}()
#20 D:/laragon-new/laragon/www/hotel-beach-way/vendor/laravel/framework/src/Illuminate/View/Engines/PhpEngine.php(58): Illuminate/Filesystem/Filesystem->getRequire()
#21 D:/laragon-new/laragon/www/hotel-beach-way/vendor/laravel/framework/src/Illuminate/View/Engines/CompilerEngine.php(72): Illuminate/View/Engines/PhpEngine->evaluatePath()
#22 D:/laragon-new/laragon/www/hotel-beach-way/vendor/laravel/framework/src/Illuminate/View/View.php(207): Illuminate/View/Engines/CompilerEngine->get()
#23 D:/laragon-new/laragon/www/hotel-beach-way/vendor/laravel/framework/src/Illuminate/View/View.php(190): Illuminate/View/View->getContents()
#24 D:/laragon-new/laragon/www/hotel-beach-way/vendor/laravel/framework/src/Illuminate/View/View.php(159): Illuminate/View/View->renderContents()
#25 D:/laragon-new/laragon/www/hotel-beach-way/vendor/laravel/framework/src/Illuminate/Http/Response.php(69): Illuminate/View/View->render()
#26 D:/laragon-new/laragon/www/hotel-beach-way/vendor/laravel/framework/src/Illuminate/Http/Response.php(35): Illuminate/Http/Response->setContent()
#27 D:/laragon-new/laragon/www/hotel-beach-way/vendor/laravel/framework/src/Illuminate/Routing/Router.php(918): Illuminate/Http/Response->__construct()
#28 D:/laragon-new/laragon/www/hotel-beach-way/vendor/laravel/framework/src/Illuminate/Routing/Router.php(885): Illuminate/Routing/Router::toResponse()
#29 D:/laragon-new/laragon/www/hotel-beach-way/vendor/laravel/framework/src/Illuminate/Routing/Router.php(806): Illuminate/Routing/Router->prepareResponse()
#30 D:/laragon-new/laragon/www/hotel-beach-way/vendor/laravel/framework/src/Illuminate/Pipeline/Pipeline.php(144): Illuminate/Routing/Router->Illuminate/Routing/{closure}()
#31 D:/laragon-new/laragon/www/hotel-beach-way/vendor/laravel/framework/src/Illuminate/Http/Middleware/AddLinkHeadersForPreloadedAssets.php(20): Illuminate/Pipeline/Pipeline->Illuminate/Pipeline/{closure}()
#32 D:/laragon-new/laragon/www/hotel-beach-way/vendor/laravel/framework/src/Illuminate/Pipeline/Pipeline.php(183): Illuminate/Http/Middleware/AddLinkHeadersForPreloadedAssets->handle()
#33 D:/laragon-new/laragon/www/hotel-beach-way/vendor/inertiajs/inertia-laravel/src/Middleware.php(87): Illuminate/Pipeline/Pipeline->Illuminate/Pipeline/{closure}()
#34 D:/laragon-new/laragon/www/hotel-beach-way/vendor/laravel/framework/src/Illuminate/Pipeline/Pipeline.php(183): Inertia/Middleware->handle()
#35 D:/laragon-new/laragon/www/hotel-beach-way/vendor/laravel/framework/src/Illuminate/Routing/Middleware/SubstituteBindings.php(50): Illuminate/Pipeline/Pipeline->Illuminate/Pipeline/{closure}()
#36 D:/laragon-new/laragon/www/hotel-beach-way/vendor/laravel/framework/src/Illuminate/Pipeline/Pipeline.php(183): Illuminate/Routing/Middleware/SubstituteBindings->handle()
#37 D:/laragon-new/laragon/www/hotel-beach-way/vendor/laravel/framework/src/Illuminate/Foundation/Http/Middleware/VerifyCsrfToken.php(78): Illuminate/Pipeline/Pipeline->Illuminate/Pipeline/{closure}()
#38 D:/laragon-new/laragon/www/hotel-beach-way/vendor/laravel/framework/src/Illuminate/Pipeline/Pipeline.php(183): Illuminate/Foundation/Http/Middleware/VerifyCsrfToken->handle()
#39 D:/laragon-new/laragon/www/hotel-beach-way/vendor/laravel/framework/src/Illuminate/View/Middleware/ShareErrorsFromSession.php(49): Illuminate/Pipeline/Pipeline->Illuminate/Pipeline/{closure}()
#40 D:/laragon-new/laragon/www/hotel-beach-way/vendor/laravel/framework/src/Illuminate/Pipeline/Pipeline.php(183): Illuminate/View/Middleware/ShareErrorsFromSession->handle()
#41 D:/laragon-new/laragon/www/hotel-beach-way/vendor/laravel/framework/src/Illuminate/Session/Middleware/StartSession.php(121): Illuminate/Pipeline/Pipeline->Illuminate/Pipeline/{closure}()
#42 D:/laragon-new/laragon/www/hotel-beach-way/vendor/laravel/framework/src/Illuminate/Session/Middleware/StartSession.php(64): Illuminate/Session/Middleware/StartSession->handleStatefulRequest()
#43 D:/laragon-new/laragon/www/hotel-beach-way/vendor/laravel/framework/src/Illuminate/Pipeline/Pipeline.php(183): Illuminate/Session/Middleware/StartSession->handle()
#44 D:/laragon-new/laragon/www/hotel-beach-way/vendor/laravel/framework/src/Illuminate/Cookie/Middleware/AddQueuedCookiesToResponse.php(37): Illuminate/Pipeline/Pipeline->Illuminate/Pipeline/{closure}()
#45 D:/laragon-new/laragon/www/hotel-beach-way/vendor/laravel/framework/src/Illuminate/Pipeline/Pipeline.php(183): Illuminate/Cookie/Middleware/AddQueuedCookiesToResponse->handle()
#46 D:/laragon-new/laragon/www/hotel-beach-way/vendor/laravel/framework/src/Illuminate/Cookie/Middleware/EncryptCookies.php(67): Illuminate/Pipeline/Pipeline->Illuminate/Pipeline/{closure}()
#47 D:/laragon-new/laragon/www/hotel-beach-way/vendor/laravel/framework/src/Illuminate/Pipeline/Pipeline.php(183): Illuminate/Cookie/Middleware/EncryptCookies->handle()
#48 D:/laragon-new/laragon/www/hotel-beach-way/vendor/laravel/framework/src/Illuminate/Pipeline/Pipeline.php(119): Illuminate/Pipeline/Pipeline->Illuminate/Pipeline/{closure}()
#49 D:/laragon-new/laragon/www/hotel-beach-way/vendor/laravel/framework/src/Illuminate/Routing/Router.php(807): Illuminate/Pipeline/Pipeline->then()
#50 D:/laragon-new/laragon/www/hotel-beach-way/vendor/laravel/framework/src/Illuminate/Routing/Router.php(784): Illuminate/Routing/Router->runRouteWithinStack()
#51 D:/laragon-new/laragon/www/hotel-beach-way/vendor/laravel/framework/src/Illuminate/Routing/Router.php(748): Illuminate/Routing/Router->runRoute()
#52 D:/laragon-new/laragon/www/hotel-beach-way/vendor/laravel/framework/src/Illuminate/Routing/Router.php(737): Illuminate/Routing/Router->dispatchToRoute()
#53 D:/laragon-new/laragon/www/hotel-beach-way/vendor/laravel/framework/src/Illuminate/Foundation/Http/Kernel.php(200): Illuminate/Routing/Router->dispatch()
#54 D:/laragon-new/laragon/www/hotel-beach-way/vendor/laravel/framework/src/Illuminate/Pipeline/Pipeline.php(144): Illuminate/Foundation/Http/Kernel->Illuminate/Foundation/Http/{closure}()
#55 D:/laragon-new/laragon/www/hotel-beach-way/vendor/laravel/framework/src/Illuminate/Foundation/Http/Middleware/TransformsRequest.php(21): Illuminate/Pipeline/Pipeline->Illuminate/Pipeline/{closure}()
#56 D:/laragon-new/laragon/www/hotel-beach-way/vendor/laravel/framework/src/Illuminate/Foundation/Http/Middleware/ConvertEmptyStringsToNull.php(31): Illuminate/Foundation/Http/Middleware/TransformsRequest->handle()
#57 D:/laragon-new/laragon/www/hotel-beach-way/vendor/laravel/framework/src/Illuminate/Pipeline/Pipeline.php(183): Illuminate/Foundation/Http/Middleware/ConvertEmptyStringsToNull->handle()
#58 D:/laragon-new/laragon/www/hotel-beach-way/vendor/laravel/framework/src/Illuminate/Foundation/Http/Middleware/TransformsRequest.php(21): Illuminate/Pipeline/Pipeline->Illuminate/Pipeline/{closure}()
#59 D:/laragon-new/laragon/www/hotel-beach-way/vendor/laravel/framework/src/Illuminate/Foundation/Http/Middleware/TrimStrings.php(40): Illuminate/Foundation/Http/Middleware/TransformsRequest->handle()
#60 D:/laragon-new/laragon/www/hotel-beach-way/vendor/laravel/framework/src/Illuminate/Pipeline/Pipeline.php(183): Illuminate/Foundation/Http/Middleware/TrimStrings->handle()
#61 D:/laragon-new/laragon/www/hotel-beach-way/vendor/laravel/framework/src/Illuminate/Foundation/Http/Middleware/ValidatePostSize.php(27): Illuminate/Pipeline/Pipeline->Illuminate/Pipeline/{closure}()
#62 D:/laragon-new/laragon/www/hotel-beach-way/vendor/laravel/framework/src/Illuminate/Pipeline/Pipeline.php(183): Illuminate/Foundation/Http/Middleware/ValidatePostSize->handle()
#63 D:/laragon-new/laragon/www/hotel-beach-way/vendor/laravel/framework/src/Illuminate/Foundation/Http/Middleware/PreventRequestsDuringMaintenance.php(99): Illuminate/Pipeline/Pipeline->Illuminate/Pipeline/{closure}()
#64 D:/laragon-new/laragon/www/hotel-beach-way/vendor/laravel/framework/src/Illuminate/Pipeline/Pipeline.php(183): Illuminate/Foundation/Http/Middleware/PreventRequestsDuringMaintenance->handle()
#65 D:/laragon-new/laragon/www/hotel-beach-way/vendor/laravel/framework/src/Illuminate/Http/Middleware/HandleCors.php(49): Illuminate/Pipeline/Pipeline->Illuminate/Pipeline/{closure}()
#66 D:/laragon-new/laragon/www/hotel-beach-way/vendor/laravel/framework/src/Illuminate/Pipeline/Pipeline.php(183): Illuminate/Http/Middleware/HandleCors->handle()
#67 D:/laragon-new/laragon/www/hotel-beach-way/vendor/laravel/framework/src/Illuminate/Http/Middleware/TrustProxies.php(39): Illuminate/Pipeline/Pipeline->Illuminate/Pipeline/{closure}()
#68 D:/laragon-new/laragon/www/hotel-beach-way/vendor/laravel/framework/src/Illuminate/Pipeline/Pipeline.php(183): Illuminate/Http/Middleware/TrustProxies->handle()
#69 D:/laragon-new/laragon/www/hotel-beach-way/vendor/laravel/framework/src/Illuminate/Pipeline/Pipeline.php(119): Illuminate/Pipeline/Pipeline->Illuminate/Pipeline/{closure}()
#70 D:/laragon-new/laragon/www/hotel-beach-way/vendor/laravel/framework/src/Illuminate/Foundation/Http/Kernel.php(175): Illuminate/Pipeline/Pipeline->then()
#71 D:/laragon-new/laragon/www/hotel-beach-way/vendor/laravel/framework/src/Illuminate/Foundation/Http/Kernel.php(144): Illuminate/Foundation/Http/Kernel->sendRequestThroughRouter()
#72 D:/laragon-new/laragon/www/hotel-beach-way/public/index.php(52): Illuminate/Foundation/Http/Kernel->handle()
#73 D:/laragon-new/laragon/www/hotel-beach-way/vendor/laravel/framework/src/Illuminate/Foundation/resources/server.php(16): require_once('...')
#74 {main}
"} 
[2026-06-22 15:42:27] local.ERROR: View [frontend.faqs] not found. {"userId":1,"exception":"[object] (InvalidArgumentException(code: 0): View [frontend.faqs] not found. at D:/laragon-new/laragon/www/hotel-beach-way/vendor/laravel/framework/src/Illuminate/View/FileViewFinder.php:137)
[stacktrace]
#0 D:/laragon-new/laragon/www/hotel-beach-way/vendor/laravel/framework/src/Illuminate/View/FileViewFinder.php(79): Illuminate/View/FileViewFinder->findInPaths()
#1 D:/laragon-new/laragon/www/hotel-beach-way/vendor/laravel/framework/src/Illuminate/View/Factory.php(138): Illuminate/View/FileViewFinder->find()
#2 D:/laragon-new/laragon/www/hotel-beach-way/vendor/laravel/framework/src/Illuminate/Foundation/helpers.php(1020): Illuminate/View/Factory->make()
#3 D:/laragon-new/laragon/www/hotel-beach-way/app/Http/Controllers/FrontendController.php(111): view()
#4 D:/laragon-new/laragon/www/hotel-beach-way/vendor/laravel/framework/src/Illuminate/Routing/Controller.php(54): App/Http/Controllers/FrontendController->faqs()
#5 D:/laragon-new/laragon/www/hotel-beach-way/vendor/laravel/framework/src/Illuminate/Routing/ControllerDispatcher.php(43): Illuminate/Routing/Controller->callAction()
#6 D:/laragon-new/laragon/www/hotel-beach-way/vendor/laravel/framework/src/Illuminate/Routing/Route.php(260): Illuminate/Routing/ControllerDispatcher->dispatch()
#7 D:/laragon-new/laragon/www/hotel-beach-way/vendor/laravel/framework/src/Illuminate/Routing/Route.php(205): Illuminate/Routing/Route->runController()
#8 D:/laragon-new/laragon/www/hotel-beach-way/vendor/laravel/framework/src/Illuminate/Routing/Router.php(806): Illuminate/Routing/Route->run()
#9 D:/laragon-new/laragon/www/hotel-beach-way/vendor/laravel/framework/src/Illuminate/Pipeline/Pipeline.php(144): Illuminate/Routing/Router->Illuminate/Routing/{closure}()
#10 D:/laragon-new/laragon/www/hotel-beach-way/vendor/laravel/framework/src/Illuminate/Http/Middleware/AddLinkHeadersForPreloadedAssets.php(20): Illuminate/Pipeline/Pipeline->Illuminate/Pipeline/{closure}()
#11 D:/laragon-new/laragon/www/hotel-beach-way/vendor/laravel/framework/src/Illuminate/Pipeline/Pipeline.php(183): Illuminate/Http/Middleware/AddLinkHeadersForPreloadedAssets->handle()
#12 D:/laragon-new/laragon/www/hotel-beach-way/vendor/inertiajs/inertia-laravel/src/Middleware.php(87): Illuminate/Pipeline/Pipeline->Illuminate/Pipeline/{closure}()
#13 D:/laragon-new/laragon/www/hotel-beach-way/vendor/laravel/framework/src/Illuminate/Pipeline/Pipeline.php(183): Inertia/Middleware->handle()
#14 D:/laragon-new/laragon/www/hotel-beach-way/vendor/laravel/framework/src/Illuminate/Routing/Middleware/SubstituteBindings.php(50): Illuminate/Pipeline/Pipeline->Illuminate/Pipeline/{closure}()
#15 D:/laragon-new/laragon/www/hotel-beach-way/vendor/laravel/framework/src/Illuminate/Pipeline/Pipeline.php(183): Illuminate/Routing/Middleware/SubstituteBindings->handle()
#16 D:/laragon-new/laragon/www/hotel-beach-way/vendor/laravel/framework/src/Illuminate/Foundation/Http/Middleware/VerifyCsrfToken.php(78): Illuminate/Pipeline/Pipeline->Illuminate/Pipeline/{closure}()
#17 D:/laragon-new/laragon/www/hotel-beach-way/vendor/laravel/framework/src/Illuminate/Pipeline/Pipeline.php(183): Illuminate/Foundation/Http/Middleware/VerifyCsrfToken->handle()
#18 D:/laragon-new/laragon/www/hotel-beach-way/vendor/laravel/framework/src/Illuminate/View/Middleware/ShareErrorsFromSession.php(49): Illuminate/Pipeline/Pipeline->Illuminate/Pipeline/{closure}()
#19 D:/laragon-new/laragon/www/hotel-beach-way/vendor/laravel/framework/src/Illuminate/Pipeline/Pipeline.php(183): Illuminate/View/Middleware/ShareErrorsFromSession->handle()
#20 D:/laragon-new/laragon/www/hotel-beach-way/vendor/laravel/framework/src/Illuminate/Session/Middleware/StartSession.php(121): Illuminate/Pipeline/Pipeline->Illuminate/Pipeline/{closure}()
#21 D:/laragon-new/laragon/www/hotel-beach-way/vendor/laravel/framework/src/Illuminate/Session/Middleware/StartSession.php(64): Illuminate/Session/Middleware/StartSession->handleStatefulRequest()
#22 D:/laragon-new/laragon/www/hotel-beach-way/vendor/laravel/framework/src/Illuminate/Pipeline/Pipeline.php(183): Illuminate/Session/Middleware/StartSession->handle()
#23 D:/laragon-new/laragon/www/hotel-beach-way/vendor/laravel/framework/src/Illuminate/Cookie/Middleware/AddQueuedCookiesToResponse.php(37): Illuminate/Pipeline/Pipeline->Illuminate/Pipeline/{closure}()
#24 D:/laragon-new/laragon/www/hotel-beach-way/vendor/laravel/framework/src/Illuminate/Pipeline/Pipeline.php(183): Illuminate/Cookie/Middleware/AddQueuedCookiesToResponse->handle()
#25 D:/laragon-new/laragon/www/hotel-beach-way/vendor/laravel/framework/src/Illuminate/Cookie/Middleware/EncryptCookies.php(67): Illuminate/Pipeline/Pipeline->Illuminate/Pipeline/{closure}()
#26 D:/laragon-new/laragon/www/hotel-beach-way/vendor/laravel/framework/src/Illuminate/Pipeline/Pipeline.php(183): Illuminate/Cookie/Middleware/EncryptCookies->handle()
#27 D:/laragon-new/laragon/www/hotel-beach-way/vendor/laravel/framework/src/Illuminate/Pipeline/Pipeline.php(119): Illuminate/Pipeline/Pipeline->Illuminate/Pipeline/{closure}()
#28 D:/laragon-new/laragon/www/hotel-beach-way/vendor/laravel/framework/src/Illuminate/Routing/Router.php(807): Illuminate/Pipeline/Pipeline->then()
#29 D:/laragon-new/laragon/www/hotel-beach-way/vendor/laravel/framework/src/Illuminate/Routing/Router.php(784): Illuminate/Routing/Router->runRouteWithinStack()
#30 D:/laragon-new/laragon/www/hotel-beach-way/vendor/laravel/framework/src/Illuminate/Routing/Router.php(748): Illuminate/Routing/Router->runRoute()
#31 D:/laragon-new/laragon/www/hotel-beach-way/vendor/laravel/framework/src/Illuminate/Routing/Router.php(737): Illuminate/Routing/Router->dispatchToRoute()
#32 D:/laragon-new/laragon/www/hotel-beach-way/vendor/laravel/framework/src/Illuminate/Foundation/Http/Kernel.php(200): Illuminate/Routing/Router->dispatch()
#33 D:/laragon-new/laragon/www/hotel-beach-way/vendor/laravel/framework/src/Illuminate/Pipeline/Pipeline.php(144): Illuminate/Foundation/Http/Kernel->Illuminate/Foundation/Http/{closure}()
#34 D:/laragon-new/laragon/www/hotel-beach-way/vendor/laravel/framework/src/Illuminate/Foundation/Http/Middleware/TransformsRequest.php(21): Illuminate/Pipeline/Pipeline->Illuminate/Pipeline/{closure}()
#35 D:/laragon-new/laragon/www/hotel-beach-way/vendor/laravel/framework/src/Illuminate/Foundation/Http/Middleware/ConvertEmptyStringsToNull.php(31): Illuminate/Foundation/Http/Middleware/TransformsRequest->handle()
#36 D:/laragon-new/laragon/www/hotel-beach-way/vendor/laravel/framework/src/Illuminate/Pipeline/Pipeline.php(183): Illuminate/Foundation/Http/Middleware/ConvertEmptyStringsToNull->handle()
#37 D:/laragon-new/laragon/www/hotel-beach-way/vendor/laravel/framework/src/Illuminate/Foundation/Http/Middleware/TransformsRequest.php(21): Illuminate/Pipeline/Pipeline->Illuminate/Pipeline/{closure}()
#38 D:/laragon-new/laragon/www/hotel-beach-way/vendor/laravel/framework/src/Illuminate/Foundation/Http/Middleware/TrimStrings.php(40): Illuminate/Foundation/Http/Middleware/TransformsRequest->handle()
#39 D:/laragon-new/laragon/www/hotel-beach-way/vendor/laravel/framework/src/Illuminate/Pipeline/Pipeline.php(183): Illuminate/Foundation/Http/Middleware/TrimStrings->handle()
#40 D:/laragon-new/laragon/www/hotel-beach-way/vendor/laravel/framework/src/Illuminate/Foundation/Http/Middleware/ValidatePostSize.php(27): Illuminate/Pipeline/Pipeline->Illuminate/Pipeline/{closure}()
#41 D:/laragon-new/laragon/www/hotel-beach-way/vendor/laravel/framework/src/Illuminate/Pipeline/Pipeline.php(183): Illuminate/Foundation/Http/Middleware/ValidatePostSize->handle()
#42 D:/laragon-new/laragon/www/hotel-beach-way/vendor/laravel/framework/src/Illuminate/Foundation/Http/Middleware/PreventRequestsDuringMaintenance.php(99): Illuminate/Pipeline/Pipeline->Illuminate/Pipeline/{closure}()
#43 D:/laragon-new/laragon/www/hotel-beach-way/vendor/laravel/framework/src/Illuminate/Pipeline/Pipeline.php(183): Illuminate/Foundation/Http/Middleware/PreventRequestsDuringMaintenance->handle()
#44 D:/laragon-new/laragon/www/hotel-beach-way/vendor/laravel/framework/src/Illuminate/Http/Middleware/HandleCors.php(49): Illuminate/Pipeline/Pipeline->Illuminate/Pipeline/{closure}()
#45 D:/laragon-new/laragon/www/hotel-beach-way/vendor/laravel/framework/src/Illuminate/Pipeline/Pipeline.php(183): Illuminate/Http/Middleware/HandleCors->handle()
#46 D:/laragon-new/laragon/www/hotel-beach-way/vendor/laravel/framework/src/Illuminate/Http/Middleware/TrustProxies.php(39): Illuminate/Pipeline/Pipeline->Illuminate/Pipeline/{closure}()
#47 D:/laragon-new/laragon/www/hotel-beach-way/vendor/laravel/framework/src/Illuminate/Pipeline/Pipeline.php(183): Illuminate/Http/Middleware/TrustProxies->handle()
#48 D:/laragon-new/laragon/www/hotel-beach-way/vendor/laravel/framework/src/Illuminate/Pipeline/Pipeline.php(119): Illuminate/Pipeline/Pipeline->Illuminate/Pipeline/{closure}()
#49 D:/laragon-new/laragon/www/hotel-beach-way/vendor/laravel/framework/src/Illuminate/Foundation/Http/Kernel.php(175): Illuminate/Pipeline/Pipeline->then()
#50 D:/laragon-new/laragon/www/hotel-beach-way/vendor/laravel/framework/src/Illuminate/Foundation/Http/Kernel.php(144): Illuminate/Foundation/Http/Kernel->sendRequestThroughRouter()
#51 D:/laragon-new/laragon/www/hotel-beach-way/public/index.php(52): Illuminate/Foundation/Http/Kernel->handle()
#52 D:/laragon-new/laragon/www/hotel-beach-way/vendor/laravel/framework/src/Illuminate/Foundation/resources/server.php(16): require_once('...')
#53 {main}
"} 
[2026-06-22 17:29:13] local.ERROR: SQLSTATE[01000]: Warning: 1265 Data truncated for column 'page' at row 1 (Connection: mysql, SQL: insert into `faqs` (`page`, `badge`, `title`, `description`, `image`, `image_alt`, `sort_order`, `is_active`, `items`, `updated_at`, `created_at`) values (faq, FAQ'S 1, Most Questions That Asked By People., Find answers to the most common questions about our hotel, rooms, services, and your stay at Hotel Beach Way — Cox's Bazar's premier coastal retreat., ?, ?, 0, 1, [{"question":"What is the check-in and check-out time?","answer":"Standard Check-in time is 12:30 PM and Check-out time is 11:30 AM. Early check-in and late check-out can be arranged based on availability \u2014 please contact our 24-hour front desk in advance and we will do our best to accommodate your request."},{"question":"Is breakfast included with the room rate?","answer":"Complimentary breakfast is included in select room packages. We offer a full buffet breakfast at our Dew Drop Restaurant from 7:00 AM to 10:30 AM. Please check your booking details or contact us for your specific package inclusions."},{"question":"Do you offer airport pickup and drop service?","answer":"Yes! We provide convenient airport pickup and drop service from Cox's Bazar Airport, which is just 10 minutes away. Simply share your flight details with our team at the time of booking and we will arrange a comfortable transfer for you."},{"question":"What is your cancellation policy?","answer":"We offer free cancellation up to 24 hours before your scheduled check-in date. Cancellations made within 24 hours of check-in may be subject to a one-night charge. For group bookings and special packages, different policies may apply \u2014 contact us for details."},{"question":"Is free Wi-Fi available throughout the hotel?","answer":"Yes, complimentary high-speed Wi-Fi is available in all rooms and public areas including the lobby, restaurant, and conference hall. No password is needed \u2014 simply connect to the Hotel Beach Way network."},{"question":"Is parking available at the hotel?","answer":"Yes, we have dedicated on-site parking available for our guests at no extra charge. Our parking area is monitored and secure. Please inform us in advance if you are arriving with a vehicle so we can ensure a space is reserved for you."},{"question":"Do you have facilities for conferences or events?","answer":"Absolutely! Hotel Beach Way features a fully equipped conference and banquet hall ideal for corporate meetings, seminars, weddings, and social events. Our team provides dedicated event support including audio-visual equipment, customised catering, and d\u00e9cor arrangements. Contact us to discuss your requirements."},{"question":"What recreational facilities are available for guests?","answer":"We offer a wide range of recreational facilities including a swimming pool, gym centre, spa & massage, jogging track, and the Dew Drop Restaurant & BBQ. Our hotel is also steps away from Kolatoli Beach, giving you direct access to Cox's Bazar's stunning coastline."}], 2026-06-22 17:29:12, 2026-06-22 17:29:12)) {"userId":1,"exception":"[object] (Illuminate\\Database\\QueryException(code: 01000): SQLSTATE[01000]: Warning: 1265 Data truncated for column 'page' at row 1 (Connection: mysql, SQL: insert into `faqs` (`page`, `badge`, `title`, `description`, `image`, `image_alt`, `sort_order`, `is_active`, `items`, `updated_at`, `created_at`) values (faq, FAQ'S 1, Most Questions That Asked By People., Find answers to the most common questions about our hotel, rooms, services, and your stay at Hotel Beach Way — Cox's Bazar's premier coastal retreat., ?, ?, 0, 1, [{\"question\":\"What is the check-in and check-out time?\",\"answer\":\"Standard Check-in time is 12:30 PM and Check-out time is 11:30 AM. Early check-in and late check-out can be arranged based on availability \\u2014 please contact our 24-hour front desk in advance and we will do our best to accommodate your request.\"},{\"question\":\"Is breakfast included with the room rate?\",\"answer\":\"Complimentary breakfast is included in select room packages. We offer a full buffet breakfast at our Dew Drop Restaurant from 7:00 AM to 10:30 AM. Please check your booking details or contact us for your specific package inclusions.\"},{\"question\":\"Do you offer airport pickup and drop service?\",\"answer\":\"Yes! We provide convenient airport pickup and drop service from Cox's Bazar Airport, which is just 10 minutes away. Simply share your flight details with our team at the time of booking and we will arrange a comfortable transfer for you.\"},{\"question\":\"What is your cancellation policy?\",\"answer\":\"We offer free cancellation up to 24 hours before your scheduled check-in date. Cancellations made within 24 hours of check-in may be subject to a one-night charge. For group bookings and special packages, different policies may apply \\u2014 contact us for details.\"},{\"question\":\"Is free Wi-Fi available throughout the hotel?\",\"answer\":\"Yes, complimentary high-speed Wi-Fi is available in all rooms and public areas including the lobby, restaurant, and conference hall. No password is needed \\u2014 simply connect to the Hotel Beach Way network.\"},{\"question\":\"Is parking available at the hotel?\",\"answer\":\"Yes, we have dedicated on-site parking available for our guests at no extra charge. Our parking area is monitored and secure. Please inform us in advance if you are arriving with a vehicle so we can ensure a space is reserved for you.\"},{\"question\":\"Do you have facilities for conferences or events?\",\"answer\":\"Absolutely! Hotel Beach Way features a fully equipped conference and banquet hall ideal for corporate meetings, seminars, weddings, and social events. Our team provides dedicated event support including audio-visual equipment, customised catering, and d\\u00e9cor arrangements. Contact us to discuss your requirements.\"},{\"question\":\"What recreational facilities are available for guests?\",\"answer\":\"We offer a wide range of recreational facilities including a swimming pool, gym centre, spa & massage, jogging track, and the Dew Drop Restaurant & BBQ. Our hotel is also steps away from Kolatoli Beach, giving you direct access to Cox's Bazar's stunning coastline.\"}], 2026-06-22 17:29:12, 2026-06-22 17:29:12)) at D:/laragon-new/laragon/www/hotel-beach-way/vendor/laravel/framework/src/Illuminate/Database/Connection.php:829)
[stacktrace]
#0 D:/laragon-new/laragon/www/hotel-beach-way/vendor/laravel/framework/src/Illuminate/Database/Connection.php(783): Illuminate/Database/Connection->runQueryCallback()
#1 D:/laragon-new/laragon/www/hotel-beach-way/vendor/laravel/framework/src/Illuminate/Database/MySqlConnection.php(50): Illuminate/Database/Connection->run()
#2 D:/laragon-new/laragon/www/hotel-beach-way/vendor/laravel/framework/src/Illuminate/Database/Query/Processors/MySqlProcessor.php(35): Illuminate/Database/MySqlConnection->insert()
#3 D:/laragon-new/laragon/www/hotel-beach-way/vendor/laravel/framework/src/Illuminate/Database/Query/Builder.php(3549): Illuminate/Database/Query/Processors/MySqlProcessor->processInsertGetId()
#4 D:/laragon-new/laragon/www/hotel-beach-way/vendor/laravel/framework/src/Illuminate/Database/Eloquent/Builder.php(1982): Illuminate/Database/Query/Builder->insertGetId()
#5 D:/laragon-new/laragon/www/hotel-beach-way/vendor/laravel/framework/src/Illuminate/Database/Eloquent/Model.php(1334): Illuminate/Database/Eloquent/Builder->__call()
#6 D:/laragon-new/laragon/www/hotel-beach-way/vendor/laravel/framework/src/Illuminate/Database/Eloquent/Model.php(1299): Illuminate/Database/Eloquent/Model->insertAndSetId()
#7 D:/laragon-new/laragon/www/hotel-beach-way/vendor/laravel/framework/src/Illuminate/Database/Eloquent/Model.php(1138): Illuminate/Database/Eloquent/Model->performInsert()
#8 D:/laragon-new/laragon/www/hotel-beach-way/vendor/laravel/framework/src/Illuminate/Database/Eloquent/Builder.php(1025): Illuminate/Database/Eloquent/Model->save()
#9 D:/laragon-new/laragon/www/hotel-beach-way/vendor/laravel/framework/src/Illuminate/Support/helpers.php(320): Illuminate/Database/Eloquent/Builder->Illuminate/Database/Eloquent/{closure}()
#10 D:/laragon-new/laragon/www/hotel-beach-way/vendor/laravel/framework/src/Illuminate/Database/Eloquent/Builder.php(1026): tap()
#11 D:/laragon-new/laragon/www/hotel-beach-way/vendor/laravel/framework/src/Illuminate/Support/Traits/ForwardsCalls.php(23): Illuminate/Database/Eloquent/Builder->create()
#12 D:/laragon-new/laragon/www/hotel-beach-way/vendor/laravel/framework/src/Illuminate/Database/Eloquent/Model.php(2335): Illuminate/Database/Eloquent/Model->forwardCallTo()
#13 D:/laragon-new/laragon/www/hotel-beach-way/vendor/laravel/framework/src/Illuminate/Database/Eloquent/Model.php(2347): Illuminate/Database/Eloquent/Model->__call()
#14 D:/laragon-new/laragon/www/hotel-beach-way/app/Http/Controllers/Admin/FaqController.php(50): Illuminate/Database/Eloquent/Model::__callStatic()
#15 D:/laragon-new/laragon/www/hotel-beach-way/vendor/laravel/framework/src/Illuminate/Routing/Controller.php(54): App/Http/Controllers/Admin/FaqController->store()
#16 D:/laragon-new/laragon/www/hotel-beach-way/vendor/laravel/framework/src/Illuminate/Routing/ControllerDispatcher.php(43): Illuminate/Routing/Controller->callAction()
#17 D:/laragon-new/laragon/www/hotel-beach-way/vendor/laravel/framework/src/Illuminate/Routing/Route.php(260): Illuminate/Routing/ControllerDispatcher->dispatch()
#18 D:/laragon-new/laragon/www/hotel-beach-way/vendor/laravel/framework/src/Illuminate/Routing/Route.php(205): Illuminate/Routing/Route->runController()
#19 D:/laragon-new/laragon/www/hotel-beach-way/vendor/laravel/framework/src/Illuminate/Routing/Router.php(806): Illuminate/Routing/Route->run()
#20 D:/laragon-new/laragon/www/hotel-beach-way/vendor/laravel/framework/src/Illuminate/Pipeline/Pipeline.php(144): Illuminate/Routing/Router->Illuminate/Routing/{closure}()
#21 D:/laragon-new/laragon/www/hotel-beach-way/app/Http/Middleware/CheckModulePermission.php(27): Illuminate/Pipeline/Pipeline->Illuminate/Pipeline/{closure}()
#22 D:/laragon-new/laragon/www/hotel-beach-way/vendor/laravel/framework/src/Illuminate/Pipeline/Pipeline.php(183): App/Http/Middleware/CheckModulePermission->handle()
#23 D:/laragon-new/laragon/www/hotel-beach-way/vendor/laravel/framework/src/Illuminate/Auth/Middleware/EnsureEmailIsVerified.php(41): Illuminate/Pipeline/Pipeline->Illuminate/Pipeline/{closure}()
#24 D:/laragon-new/laragon/www/hotel-beach-way/vendor/laravel/framework/src/Illuminate/Pipeline/Pipeline.php(183): Illuminate/Auth/Middleware/EnsureEmailIsVerified->handle()
#25 D:/laragon-new/laragon/www/hotel-beach-way/vendor/laravel/framework/src/Illuminate/Http/Middleware/AddLinkHeadersForPreloadedAssets.php(20): Illuminate/Pipeline/Pipeline->Illuminate/Pipeline/{closure}()
#26 D:/laragon-new/laragon/www/hotel-beach-way/vendor/laravel/framework/src/Illuminate/Pipeline/Pipeline.php(183): Illuminate/Http/Middleware/AddLinkHeadersForPreloadedAssets->handle()
#27 D:/laragon-new/laragon/www/hotel-beach-way/vendor/inertiajs/inertia-laravel/src/Middleware.php(87): Illuminate/Pipeline/Pipeline->Illuminate/Pipeline/{closure}()
#28 D:/laragon-new/laragon/www/hotel-beach-way/vendor/laravel/framework/src/Illuminate/Pipeline/Pipeline.php(183): Inertia/Middleware->handle()
#29 D:/laragon-new/laragon/www/hotel-beach-way/vendor/laravel/framework/src/Illuminate/Routing/Middleware/SubstituteBindings.php(50): Illuminate/Pipeline/Pipeline->Illuminate/Pipeline/{closure}()
#30 D:/laragon-new/laragon/www/hotel-beach-way/vendor/laravel/framework/src/Illuminate/Pipeline/Pipeline.php(183): Illuminate/Routing/Middleware/SubstituteBindings->handle()
#31 D:/laragon-new/laragon/www/hotel-beach-way/vendor/laravel/framework/src/Illuminate/Auth/Middleware/Authenticate.php(57): Illuminate/Pipeline/Pipeline->Illuminate/Pipeline/{closure}()
#32 D:/laragon-new/laragon/www/hotel-beach-way/vendor/laravel/framework/src/Illuminate/Pipeline/Pipeline.php(183): Illuminate/Auth/Middleware/Authenticate->handle()
#33 D:/laragon-new/laragon/www/hotel-beach-way/vendor/laravel/framework/src/Illuminate/Foundation/Http/Middleware/VerifyCsrfToken.php(78): Illuminate/Pipeline/Pipeline->Illuminate/Pipeline/{closure}()
#34 D:/laragon-new/laragon/www/hotel-beach-way/vendor/laravel/framework/src/Illuminate/Pipeline/Pipeline.php(183): Illuminate/Foundation/Http/Middleware/VerifyCsrfToken->handle()
#35 D:/laragon-new/laragon/www/hotel-beach-way/vendor/laravel/framework/src/Illuminate/View/Middleware/ShareErrorsFromSession.php(49): Illuminate/Pipeline/Pipeline->Illuminate/Pipeline/{closure}()
#36 D:/laragon-new/laragon/www/hotel-beach-way/vendor/laravel/framework/src/Illuminate/Pipeline/Pipeline.php(183): Illuminate/View/Middleware/ShareErrorsFromSession->handle()
#37 D:/laragon-new/laragon/www/hotel-beach-way/vendor/laravel/framework/src/Illuminate/Session/Middleware/StartSession.php(121): Illuminate/Pipeline/Pipeline->Illuminate/Pipeline/{closure}()
#38 D:/laragon-new/laragon/www/hotel-beach-way/vendor/laravel/framework/src/Illuminate/Session/Middleware/StartSession.php(64): Illuminate/Session/Middleware/StartSession->handleStatefulRequest()
#39 D:/laragon-new/laragon/www/hotel-beach-way/vendor/laravel/framework/src/Illuminate/Pipeline/Pipeline.php(183): Illuminate/Session/Middleware/StartSession->handle()
#40 D:/laragon-new/laragon/www/hotel-beach-way/vendor/laravel/framework/src/Illuminate/Cookie/Middleware/AddQueuedCookiesToResponse.php(37): Illuminate/Pipeline/Pipeline->Illuminate/Pipeline/{closure}()
#41 D:/laragon-new/laragon/www/hotel-beach-way/vendor/laravel/framework/src/Illuminate/Pipeline/Pipeline.php(183): Illuminate/Cookie/Middleware/AddQueuedCookiesToResponse->handle()
#42 D:/laragon-new/laragon/www/hotel-beach-way/vendor/laravel/framework/src/Illuminate/Cookie/Middleware/EncryptCookies.php(67): Illuminate/Pipeline/Pipeline->Illuminate/Pipeline/{closure}()
#43 D:/laragon-new/laragon/www/hotel-beach-way/vendor/laravel/framework/src/Illuminate/Pipeline/Pipeline.php(183): Illuminate/Cookie/Middleware/EncryptCookies->handle()
#44 D:/laragon-new/laragon/www/hotel-beach-way/vendor/laravel/framework/src/Illuminate/Pipeline/Pipeline.php(119): Illuminate/Pipeline/Pipeline->Illuminate/Pipeline/{closure}()
#45 D:/laragon-new/laragon/www/hotel-beach-way/vendor/laravel/framework/src/Illuminate/Routing/Router.php(807): Illuminate/Pipeline/Pipeline->then()
#46 D:/laragon-new/laragon/www/hotel-beach-way/vendor/laravel/framework/src/Illuminate/Routing/Router.php(784): Illuminate/Routing/Router->runRouteWithinStack()
#47 D:/laragon-new/laragon/www/hotel-beach-way/vendor/laravel/framework/src/Illuminate/Routing/Router.php(748): Illuminate/Routing/Router->runRoute()
#48 D:/laragon-new/laragon/www/hotel-beach-way/vendor/laravel/framework/src/Illuminate/Routing/Router.php(737): Illuminate/Routing/Router->dispatchToRoute()
#49 D:/laragon-new/laragon/www/hotel-beach-way/vendor/laravel/framework/src/Illuminate/Foundation/Http/Kernel.php(200): Illuminate/Routing/Router->dispatch()
#50 D:/laragon-new/laragon/www/hotel-beach-way/vendor/laravel/framework/src/Illuminate/Pipeline/Pipeline.php(144): Illuminate/Foundation/Http/Kernel->Illuminate/Foundation/Http/{closure}()
#51 D:/laragon-new/laragon/www/hotel-beach-way/vendor/laravel/framework/src/Illuminate/Foundation/Http/Middleware/TransformsRequest.php(21): Illuminate/Pipeline/Pipeline->Illuminate/Pipeline/{closure}()
#52 D:/laragon-new/laragon/www/hotel-beach-way/vendor/laravel/framework/src/Illuminate/Foundation/Http/Middleware/ConvertEmptyStringsToNull.php(31): Illuminate/Foundation/Http/Middleware/TransformsRequest->handle()
#53 D:/laragon-new/laragon/www/hotel-beach-way/vendor/laravel/framework/src/Illuminate/Pipeline/Pipeline.php(183): Illuminate/Foundation/Http/Middleware/ConvertEmptyStringsToNull->handle()
#54 D:/laragon-new/laragon/www/hotel-beach-way/vendor/laravel/framework/src/Illuminate/Foundation/Http/Middleware/TransformsRequest.php(21): Illuminate/Pipeline/Pipeline->Illuminate/Pipeline/{closure}()
#55 D:/laragon-new/laragon/www/hotel-beach-way/vendor/laravel/framework/src/Illuminate/Foundation/Http/Middleware/TrimStrings.php(40): Illuminate/Foundation/Http/Middleware/TransformsRequest->handle()
#56 D:/laragon-new/laragon/www/hotel-beach-way/vendor/laravel/framework/src/Illuminate/Pipeline/Pipeline.php(183): Illuminate/Foundation/Http/Middleware/TrimStrings->handle()
#57 D:/laragon-new/laragon/www/hotel-beach-way/vendor/laravel/framework/src/Illuminate/Foundation/Http/Middleware/ValidatePostSize.php(27): Illuminate/Pipeline/Pipeline->Illuminate/Pipeline/{closure}()
#58 D:/laragon-new/laragon/www/hotel-beach-way/vendor/laravel/framework/src/Illuminate/Pipeline/Pipeline.php(183): Illuminate/Foundation/Http/Middleware/ValidatePostSize->handle()
#59 D:/laragon-new/laragon/www/hotel-beach-way/vendor/laravel/framework/src/Illuminate/Foundation/Http/Middleware/PreventRequestsDuringMaintenance.php(99): Illuminate/Pipeline/Pipeline->Illuminate/Pipeline/{closure}()
#60 D:/laragon-new/laragon/www/hotel-beach-way/vendor/laravel/framework/src/Illuminate/Pipeline/Pipeline.php(183): Illuminate/Foundation/Http/Middleware/PreventRequestsDuringMaintenance->handle()
#61 D:/laragon-new/laragon/www/hotel-beach-way/vendor/laravel/framework/src/Illuminate/Http/Middleware/HandleCors.php(49): Illuminate/Pipeline/Pipeline->Illuminate/Pipeline/{closure}()
#62 D:/laragon-new/laragon/www/hotel-beach-way/vendor/laravel/framework/src/Illuminate/Pipeline/Pipeline.php(183): Illuminate/Http/Middleware/HandleCors->handle()
#63 D:/laragon-new/laragon/www/hotel-beach-way/vendor/laravel/framework/src/Illuminate/Http/Middleware/TrustProxies.php(39): Illuminate/Pipeline/Pipeline->Illuminate/Pipeline/{closure}()
#64 D:/laragon-new/laragon/www/hotel-beach-way/vendor/laravel/framework/src/Illuminate/Pipeline/Pipeline.php(183): Illuminate/Http/Middleware/TrustProxies->handle()
#65 D:/laragon-new/laragon/www/hotel-beach-way/vendor/laravel/framework/src/Illuminate/Pipeline/Pipeline.php(119): Illuminate/Pipeline/Pipeline->Illuminate/Pipeline/{closure}()
#66 D:/laragon-new/laragon/www/hotel-beach-way/vendor/laravel/framework/src/Illuminate/Foundation/Http/Kernel.php(175): Illuminate/Pipeline/Pipeline->then()
#67 D:/laragon-new/laragon/www/hotel-beach-way/vendor/laravel/framework/src/Illuminate/Foundation/Http/Kernel.php(144): Illuminate/Foundation/Http/Kernel->sendRequestThroughRouter()
#68 D:/laragon-new/laragon/www/hotel-beach-way/public/index.php(52): Illuminate/Foundation/Http/Kernel->handle()
#69 D:/laragon-new/laragon/www/hotel-beach-way/vendor/laravel/framework/src/Illuminate/Foundation/resources/server.php(16): require_once('...')
#70 {main}

[previous exception] [object] (PDOException(code: 01000): SQLSTATE[01000]: Warning: 1265 Data truncated for column 'page' at row 1 at D:/laragon-new/laragon/www/hotel-beach-way/vendor/laravel/framework/src/Illuminate/Database/MySqlConnection.php:45)
[stacktrace]
#0 D:/laragon-new/laragon/www/hotel-beach-way/vendor/laravel/framework/src/Illuminate/Database/MySqlConnection.php(45): PDOStatement->execute()
#1 D:/laragon-new/laragon/www/hotel-beach-way/vendor/laravel/framework/src/Illuminate/Database/Connection.php(816): Illuminate/Database/MySqlConnection->Illuminate/Database/{closure}()
#2 D:/laragon-new/laragon/www/hotel-beach-way/vendor/laravel/framework/src/Illuminate/Database/Connection.php(783): Illuminate/Database/Connection->runQueryCallback()
#3 D:/laragon-new/laragon/www/hotel-beach-way/vendor/laravel/framework/src/Illuminate/Database/MySqlConnection.php(50): Illuminate/Database/Connection->run()
#4 D:/laragon-new/laragon/www/hotel-beach-way/vendor/laravel/framework/src/Illuminate/Database/Query/Processors/MySqlProcessor.php(35): Illuminate/Database/MySqlConnection->insert()
#5 D:/laragon-new/laragon/www/hotel-beach-way/vendor/laravel/framework/src/Illuminate/Database/Query/Builder.php(3549): Illuminate/Database/Query/Processors/MySqlProcessor->processInsertGetId()
#6 D:/laragon-new/laragon/www/hotel-beach-way/vendor/laravel/framework/src/Illuminate/Database/Eloquent/Builder.php(1982): Illuminate/Database/Query/Builder->insertGetId()
#7 D:/laragon-new/laragon/www/hotel-beach-way/vendor/laravel/framework/src/Illuminate/Database/Eloquent/Model.php(1334): Illuminate/Database/Eloquent/Builder->__call()
#8 D:/laragon-new/laragon/www/hotel-beach-way/vendor/laravel/framework/src/Illuminate/Database/Eloquent/Model.php(1299): Illuminate/Database/Eloquent/Model->insertAndSetId()
#9 D:/laragon-new/laragon/www/hotel-beach-way/vendor/laravel/framework/src/Illuminate/Database/Eloquent/Model.php(1138): Illuminate/Database/Eloquent/Model->performInsert()
#10 D:/laragon-new/laragon/www/hotel-beach-way/vendor/laravel/framework/src/Illuminate/Database/Eloquent/Builder.php(1025): Illuminate/Database/Eloquent/Model->save()
#11 D:/laragon-new/laragon/www/hotel-beach-way/vendor/laravel/framework/src/Illuminate/Support/helpers.php(320): Illuminate/Database/Eloquent/Builder->Illuminate/Database/Eloquent/{closure}()
#12 D:/laragon-new/laragon/www/hotel-beach-way/vendor/laravel/framework/src/Illuminate/Database/Eloquent/Builder.php(1026): tap()
#13 D:/laragon-new/laragon/www/hotel-beach-way/vendor/laravel/framework/src/Illuminate/Support/Traits/ForwardsCalls.php(23): Illuminate/Database/Eloquent/Builder->create()
#14 D:/laragon-new/laragon/www/hotel-beach-way/vendor/laravel/framework/src/Illuminate/Database/Eloquent/Model.php(2335): Illuminate/Database/Eloquent/Model->forwardCallTo()
#15 D:/laragon-new/laragon/www/hotel-beach-way/vendor/laravel/framework/src/Illuminate/Database/Eloquent/Model.php(2347): Illuminate/Database/Eloquent/Model->__call()
#16 D:/laragon-new/laragon/www/hotel-beach-way/app/Http/Controllers/Admin/FaqController.php(50): Illuminate/Database/Eloquent/Model::__callStatic()
#17 D:/laragon-new/laragon/www/hotel-beach-way/vendor/laravel/framework/src/Illuminate/Routing/Controller.php(54): App/Http/Controllers/Admin/FaqController->store()
#18 D:/laragon-new/laragon/www/hotel-beach-way/vendor/laravel/framework/src/Illuminate/Routing/ControllerDispatcher.php(43): Illuminate/Routing/Controller->callAction()
#19 D:/laragon-new/laragon/www/hotel-beach-way/vendor/laravel/framework/src/Illuminate/Routing/Route.php(260): Illuminate/Routing/ControllerDispatcher->dispatch()
#20 D:/laragon-new/laragon/www/hotel-beach-way/vendor/laravel/framework/src/Illuminate/Routing/Route.php(205): Illuminate/Routing/Route->runController()
#21 D:/laragon-new/laragon/www/hotel-beach-way/vendor/laravel/framework/src/Illuminate/Routing/Router.php(806): Illuminate/Routing/Route->run()
#22 D:/laragon-new/laragon/www/hotel-beach-way/vendor/laravel/framework/src/Illuminate/Pipeline/Pipeline.php(144): Illuminate/Routing/Router->Illuminate/Routing/{closure}()
#23 D:/laragon-new/laragon/www/hotel-beach-way/app/Http/Middleware/CheckModulePermission.php(27): Illuminate/Pipeline/Pipeline->Illuminate/Pipeline/{closure}()
#24 D:/laragon-new/laragon/www/hotel-beach-way/vendor/laravel/framework/src/Illuminate/Pipeline/Pipeline.php(183): App/Http/Middleware/CheckModulePermission->handle()
#25 D:/laragon-new/laragon/www/hotel-beach-way/vendor/laravel/framework/src/Illuminate/Auth/Middleware/EnsureEmailIsVerified.php(41): Illuminate/Pipeline/Pipeline->Illuminate/Pipeline/{closure}()
#26 D:/laragon-new/laragon/www/hotel-beach-way/vendor/laravel/framework/src/Illuminate/Pipeline/Pipeline.php(183): Illuminate/Auth/Middleware/EnsureEmailIsVerified->handle()
#27 D:/laragon-new/laragon/www/hotel-beach-way/vendor/laravel/framework/src/Illuminate/Http/Middleware/AddLinkHeadersForPreloadedAssets.php(20): Illuminate/Pipeline/Pipeline->Illuminate/Pipeline/{closure}()
#28 D:/laragon-new/laragon/www/hotel-beach-way/vendor/laravel/framework/src/Illuminate/Pipeline/Pipeline.php(183): Illuminate/Http/Middleware/AddLinkHeadersForPreloadedAssets->handle()
#29 D:/laragon-new/laragon/www/hotel-beach-way/vendor/inertiajs/inertia-laravel/src/Middleware.php(87): Illuminate/Pipeline/Pipeline->Illuminate/Pipeline/{closure}()
#30 D:/laragon-new/laragon/www/hotel-beach-way/vendor/laravel/framework/src/Illuminate/Pipeline/Pipeline.php(183): Inertia/Middleware->handle()
#31 D:/laragon-new/laragon/www/hotel-beach-way/vendor/laravel/framework/src/Illuminate/Routing/Middleware/SubstituteBindings.php(50): Illuminate/Pipeline/Pipeline->Illuminate/Pipeline/{closure}()
#32 D:/laragon-new/laragon/www/hotel-beach-way/vendor/laravel/framework/src/Illuminate/Pipeline/Pipeline.php(183): Illuminate/Routing/Middleware/SubstituteBindings->handle()
#33 D:/laragon-new/laragon/www/hotel-beach-way/vendor/laravel/framework/src/Illuminate/Auth/Middleware/Authenticate.php(57): Illuminate/Pipeline/Pipeline->Illuminate/Pipeline/{closure}()
#34 D:/laragon-new/laragon/www/hotel-beach-way/vendor/laravel/framework/src/Illuminate/Pipeline/Pipeline.php(183): Illuminate/Auth/Middleware/Authenticate->handle()
#35 D:/laragon-new/laragon/www/hotel-beach-way/vendor/laravel/framework/src/Illuminate/Foundation/Http/Middleware/VerifyCsrfToken.php(78): Illuminate/Pipeline/Pipeline->Illuminate/Pipeline/{closure}()
#36 D:/laragon-new/laragon/www/hotel-beach-way/vendor/laravel/framework/src/Illuminate/Pipeline/Pipeline.php(183): Illuminate/Foundation/Http/Middleware/VerifyCsrfToken->handle()
#37 D:/laragon-new/laragon/www/hotel-beach-way/vendor/laravel/framework/src/Illuminate/View/Middleware/ShareErrorsFromSession.php(49): Illuminate/Pipeline/Pipeline->Illuminate/Pipeline/{closure}()
#38 D:/laragon-new/laragon/www/hotel-beach-way/vendor/laravel/framework/src/Illuminate/Pipeline/Pipeline.php(183): Illuminate/View/Middleware/ShareErrorsFromSession->handle()
#39 D:/laragon-new/laragon/www/hotel-beach-way/vendor/laravel/framework/src/Illuminate/Session/Middleware/StartSession.php(121): Illuminate/Pipeline/Pipeline->Illuminate/Pipeline/{closure}()
#40 D:/laragon-new/laragon/www/hotel-beach-way/vendor/laravel/framework/src/Illuminate/Session/Middleware/StartSession.php(64): Illuminate/Session/Middleware/StartSession->handleStatefulRequest()
#41 D:/laragon-new/laragon/www/hotel-beach-way/vendor/laravel/framework/src/Illuminate/Pipeline/Pipeline.php(183): Illuminate/Session/Middleware/StartSession->handle()
#42 D:/laragon-new/laragon/www/hotel-beach-way/vendor/laravel/framework/src/Illuminate/Cookie/Middleware/AddQueuedCookiesToResponse.php(37): Illuminate/Pipeline/Pipeline->Illuminate/Pipeline/{closure}()
#43 D:/laragon-new/laragon/www/hotel-beach-way/vendor/laravel/framework/src/Illuminate/Pipeline/Pipeline.php(183): Illuminate/Cookie/Middleware/AddQueuedCookiesToResponse->handle()
#44 D:/laragon-new/laragon/www/hotel-beach-way/vendor/laravel/framework/src/Illuminate/Cookie/Middleware/EncryptCookies.php(67): Illuminate/Pipeline/Pipeline->Illuminate/Pipeline/{closure}()
#45 D:/laragon-new/laragon/www/hotel-beach-way/vendor/laravel/framework/src/Illuminate/Pipeline/Pipeline.php(183): Illuminate/Cookie/Middleware/EncryptCookies->handle()
#46 D:/laragon-new/laragon/www/hotel-beach-way/vendor/laravel/framework/src/Illuminate/Pipeline/Pipeline.php(119): Illuminate/Pipeline/Pipeline->Illuminate/Pipeline/{closure}()
#47 D:/laragon-new/laragon/www/hotel-beach-way/vendor/laravel/framework/src/Illuminate/Routing/Router.php(807): Illuminate/Pipeline/Pipeline->then()
#48 D:/laragon-new/laragon/www/hotel-beach-way/vendor/laravel/framework/src/Illuminate/Routing/Router.php(784): Illuminate/Routing/Router->runRouteWithinStack()
#49 D:/laragon-new/laragon/www/hotel-beach-way/vendor/laravel/framework/src/Illuminate/Routing/Router.php(748): Illuminate/Routing/Router->runRoute()
#50 D:/laragon-new/laragon/www/hotel-beach-way/vendor/laravel/framework/src/Illuminate/Routing/Router.php(737): Illuminate/Routing/Router->dispatchToRoute()
#51 D:/laragon-new/laragon/www/hotel-beach-way/vendor/laravel/framework/src/Illuminate/Foundation/Http/Kernel.php(200): Illuminate/Routing/Router->dispatch()
#52 D:/laragon-new/laragon/www/hotel-beach-way/vendor/laravel/framework/src/Illuminate/Pipeline/Pipeline.php(144): Illuminate/Foundation/Http/Kernel->Illuminate/Foundation/Http/{closure}()
#53 D:/laragon-new/laragon/www/hotel-beach-way/vendor/laravel/framework/src/Illuminate/Foundation/Http/Middleware/TransformsRequest.php(21): Illuminate/Pipeline/Pipeline->Illuminate/Pipeline/{closure}()
#54 D:/laragon-new/laragon/www/hotel-beach-way/vendor/laravel/framework/src/Illuminate/Foundation/Http/Middleware/ConvertEmptyStringsToNull.php(31): Illuminate/Foundation/Http/Middleware/TransformsRequest->handle()
#55 D:/laragon-new/laragon/www/hotel-beach-way/vendor/laravel/framework/src/Illuminate/Pipeline/Pipeline.php(183): Illuminate/Foundation/Http/Middleware/ConvertEmptyStringsToNull->handle()
#56 D:/laragon-new/laragon/www/hotel-beach-way/vendor/laravel/framework/src/Illuminate/Foundation/Http/Middleware/TransformsRequest.php(21): Illuminate/Pipeline/Pipeline->Illuminate/Pipeline/{closure}()
#57 D:/laragon-new/laragon/www/hotel-beach-way/vendor/laravel/framework/src/Illuminate/Foundation/Http/Middleware/TrimStrings.php(40): Illuminate/Foundation/Http/Middleware/TransformsRequest->handle()
#58 D:/laragon-new/laragon/www/hotel-beach-way/vendor/laravel/framework/src/Illuminate/Pipeline/Pipeline.php(183): Illuminate/Foundation/Http/Middleware/TrimStrings->handle()
#59 D:/laragon-new/laragon/www/hotel-beach-way/vendor/laravel/framework/src/Illuminate/Foundation/Http/Middleware/ValidatePostSize.php(27): Illuminate/Pipeline/Pipeline->Illuminate/Pipeline/{closure}()
#60 D:/laragon-new/laragon/www/hotel-beach-way/vendor/laravel/framework/src/Illuminate/Pipeline/Pipeline.php(183): Illuminate/Foundation/Http/Middleware/ValidatePostSize->handle()
#61 D:/laragon-new/laragon/www/hotel-beach-way/vendor/laravel/framework/src/Illuminate/Foundation/Http/Middleware/PreventRequestsDuringMaintenance.php(99): Illuminate/Pipeline/Pipeline->Illuminate/Pipeline/{closure}()
#62 D:/laragon-new/laragon/www/hotel-beach-way/vendor/laravel/framework/src/Illuminate/Pipeline/Pipeline.php(183): Illuminate/Foundation/Http/Middleware/PreventRequestsDuringMaintenance->handle()
#63 D:/laragon-new/laragon/www/hotel-beach-way/vendor/laravel/framework/src/Illuminate/Http/Middleware/HandleCors.php(49): Illuminate/Pipeline/Pipeline->Illuminate/Pipeline/{closure}()
#64 D:/laragon-new/laragon/www/hotel-beach-way/vendor/laravel/framework/src/Illuminate/Pipeline/Pipeline.php(183): Illuminate/Http/Middleware/HandleCors->handle()
#65 D:/laragon-new/laragon/www/hotel-beach-way/vendor/laravel/framework/src/Illuminate/Http/Middleware/TrustProxies.php(39): Illuminate/Pipeline/Pipeline->Illuminate/Pipeline/{closure}()
#66 D:/laragon-new/laragon/www/hotel-beach-way/vendor/laravel/framework/src/Illuminate/Pipeline/Pipeline.php(183): Illuminate/Http/Middleware/TrustProxies->handle()
#67 D:/laragon-new/laragon/www/hotel-beach-way/vendor/laravel/framework/src/Illuminate/Pipeline/Pipeline.php(119): Illuminate/Pipeline/Pipeline->Illuminate/Pipeline/{closure}()
#68 D:/laragon-new/laragon/www/hotel-beach-way/vendor/laravel/framework/src/Illuminate/Foundation/Http/Kernel.php(175): Illuminate/Pipeline/Pipeline->then()
#69 D:/laragon-new/laragon/www/hotel-beach-way/vendor/laravel/framework/src/Illuminate/Foundation/Http/Kernel.php(144): Illuminate/Foundation/Http/Kernel->sendRequestThroughRouter()
#70 D:/laragon-new/laragon/www/hotel-beach-way/public/index.php(52): Illuminate/Foundation/Http/Kernel->handle()
#71 D:/laragon-new/laragon/www/hotel-beach-way/vendor/laravel/framework/src/Illuminate/Foundation/resources/server.php(16): require_once('...')
#72 {main}
"} 
[2026-06-22 18:20:39] local.ERROR: Inquiry email failed for inquiry #1: Failed to authenticate on SMTP server with username "sydurrahmant1@gmail.com" using the following authenticators: "LOGIN", "PLAIN", "XOAUTH2". Authenticator "LOGIN" returned "Expected response code "235" but got code "535", with message "535-5.7.8 Username and Password not accepted. For more information, go to
535 5.7.8  https://support.google.com/mail/?p=BadCredentials 98e67ed59e1d1-37dcf1c2f91sm21581a91.2 - gsmtp".". Authenticator "PLAIN" returned "Expected response code "235" but got code "535", with message "535-5.7.8 Username and Password not accepted. For more information, go to
535 5.7.8  https://support.google.com/mail/?p=BadCredentials 98e67ed59e1d1-37dcf1c2f91sm21581a91.2 - gsmtp".". Authenticator "XOAUTH2" returned "Expected response code "235" but got code "334", with message "334 eyJzdGF0dXMiOiI0MDAiLCJzY2hlbWVzIjoiQmVhcmVyIiwic2NvcGUiOiJodHRwczovL21haWwuZ29vZ2xlLmNvbS8ifQ==".".  
[2026-06-23 17:15:55] local.ERROR: Booking email failed for HBW-20260623-68EF5: Failed to authenticate on SMTP server with username "sydurrahmant1@gmail.com" using the following authenticators: "LOGIN", "PLAIN", "XOAUTH2". Authenticator "LOGIN" returned "Expected response code "235" but got code "535", with message "535-5.7.8 Username and Password not accepted. For more information, go to
535 5.7.8  https://support.google.com/mail/?p=BadCredentials a92af1059eb24-139add59d2bsm13444774c88.9 - gsmtp".". Authenticator "PLAIN" returned "Expected response code "235" but got code "535", with message "535-5.7.8 Username and Password not accepted. For more information, go to
535 5.7.8  https://support.google.com/mail/?p=BadCredentials a92af1059eb24-139add59d2bsm13444774c88.9 - gsmtp".". Authenticator "XOAUTH2" returned "Expected response code "235" but got code "334", with message "334 eyJzdGF0dXMiOiI0MDAiLCJzY2hlbWVzIjoiQmVhcmVyIiwic2NvcGUiOiJodHRwczovL21haWwuZ29vZ2xlLmNvbS8ifQ==".".  
[2026-06-23 17:53:47] local.ERROR: Inquiry email failed for inquiry #2: Connection could not be established with host "127.0.0.1:1025": stream_socket_client(): Unable to connect to 127.0.0.1:1025 (No connection could be made because the target machine actively refused it)  
[2026-06-27 10:11:07] production.ERROR: Inquiry email failed for inquiry #5: Connection could not be established with host "mailpit:1025": stream_socket_client(): php_network_getaddresses: getaddrinfo for mailpit failed: Name or service not known  
[2026-06-27 10:17:13] production.ERROR: Booking status email failed for HBW-20260627-BB4D1: Connection could not be established with host "mailpit:1025": stream_socket_client(): php_network_getaddresses: getaddrinfo for mailpit failed: Name or service not known  
[2026-06-27 10:18:55] production.ERROR: Booking status email failed for HBW-20260627-BB4D1: Connection could not be established with host "mailpit:1025": stream_socket_client(): php_network_getaddresses: getaddrinfo for mailpit failed: Name or service not known  
